rule,style,score,pos,t_trades,t_win_rate,t_avg_return,t_median_return,t_total_compound,t_best,t_worst,m_months,m_avg_month_pct,m_median_month_pct,m_pct_months_ge_20,m_pct_months_gt_0,m_best_month_pct,m_worst_month_pct,m_months_ge_20
FMR_mfi6<25_pb<=0.25_none_none_h3_mid1_s0.1,mean_rev,20.82,1,2654,53.65486058779201,1.1810852420091185,0.8917069288614687,123903.80451522648,100.0,-50.0,91,6.42,3.33,15.4,63.7,107.19,-21.03,14
FMR_mfi14<25_pb<=0.15_none_none_h2_mid0_s0.07,mean_rev,20.43,2,865,56.64739884393064,1.325622911436834,1.1975972633274656,4922.583437168531,100.0,-50.0,90,4.28,3.46,5.6,70.0,40.83,-15.79,5
FMR_mfi14<25_pb<=0.15_none_none_h2_mid1_s0.07,mean_rev,20.43,2,865,56.64739884393064,1.325622911436834,1.1975972633274656,4922.583437168531,100.0,-50.0,90,4.28,3.46,5.6,70.0,40.83,-15.79,5
FMR_mfi14<30_pb<=0.15_none_none_h2_mid1_s0.07,mean_rev,19.66,1,1305,54.252873563218394,1.096505515190423,1.0344786468528655,6818.993057608738,100.0,-50.0,91,4.78,3.86,6.6,68.1,62.97,-24.71,6
FMR_mfi14<30_pb<=0.15_none_none_h2_mid0_s0.07,mean_rev,19.66,1,1305,54.252873563218394,1.096505515190423,1.0344786468528655,6818.993057608738,100.0,-50.0,91,4.78,3.86,6.6,68.1,62.97,-24.71,6
FMR_mfi14<30_pb<=0.15_none_none_h2_mid1_s0.1,mean_rev,19.52,2,1305,54.32950191570881,1.1520446747753743,1.0600660528778283,11619.130896314882,100.0,-50.0,91,4.6,3.39,6.6,68.1,74.37,-19.66,6
FMR_mfi14<30_pb<=0.15_none_none_h2_mid0_s0.1,mean_rev,19.52,2,1305,54.32950191570881,1.1520446747753743,1.0600660528778283,11619.130896314882,100.0,-50.0,91,4.6,3.39,6.6,68.1,74.37,-19.66,6
FMR_mfi14<30_pb<=0.15_none_none_h3_mid0_s0.1,mean_rev,19.44,2,1262,58.00316957210776,2.6631668019453834,1.9897925254120152,50876693736.04818,100.0,-50.0,91,5.12,3.18,7.7,65.9,81.93,-21.47,7
FMR_mfi14<25_pb<=0.15_none_none_h2_mid1_s0.1,mean_rev,19.31,2,865,56.53179190751445,1.2714254218267853,1.1975972633274656,2883.1393064014965,100.0,-50.0,90,3.93,3.35,5.6,70.0,31.67,-18.14,5
FMR_mfi14<25_pb<=0.15_none_none_h2_mid0_s0.1,mean_rev,19.31,2,865,56.53179190751445,1.2714254218267853,1.1975972633274656,2883.1393064014965,100.0,-50.0,90,3.93,3.35,5.6,70.0,31.67,-18.14,5
FMR_mfi6<20_pb<=0.25_none_none_h4_mid0_s0.1,mean_rev,18.7,1,2194,53.281677301732,2.028519949690849,0.8633992256038114,60201012644.94529,100.0,-50.0,91,5.77,2.57,12.1,63.7,66.93,-19.97,11
FMR_mfi14<30_pb<=0.15_none_none_h4_mid0_s0.07,mean_rev,18.15,1,1255,57.928286852589636,3.0770629851655364,2.3254046437673592,1764800343277.8743,100.0,-50.0,91,6.02,1.94,6.6,61.5,92.52,-18.68,6
FMR_mfi6<25_pb<=0.0_none_none_h3_mid0_s0.1,mean_rev,17.99,1,1037,54.09836065573771,1.2052568875209482,0.8658010602323962,-32.366694846546096,100.0,-50.0,91,5.98,2.27,8.8,57.1,203.08,-18.84,8
FMR_mfi6<30_pb<=0.25_none_none_h2_mid1_s0.07,mean_rev,17.99,2,3350,50.65671641791045,0.8341250925687143,0.1572679207527461,42886.29712172312,100.0,-50.0,91,4.09,3.21,6.6,67.0,31.07,-20.45,6
FMR_mfi6<30_pb<=0.25_none_none_h2_mid0_s0.07,mean_rev,17.99,2,3350,50.65671641791045,0.8341250925687143,0.1572679207527461,42886.29712172312,100.0,-50.0,91,4.09,3.21,6.6,67.0,31.07,-20.45,6
FMR_mfi14<25_pb<=0.15_none_none_h4_mid0_s0.07,mean_rev,17.96,1,843,57.76986951364176,3.211901968094239,1.9197084528132402,1416165944.9668674,100.0,-50.0,91,4.08,2.94,4.4,60.4,56.01,-17.4,4
FMR_mfi13<30_pb<=0.25_none_none_h4_mid1_s0.1,mean_rev,17.78,2,1785,57.70308123249299,2.311975814841487,1.5936075248787818,1127580084332.4878,100.0,-50.0,91,3.58,3.67,6.6,61.5,43.95,-23.1,6
FWALK_mfi14>=50_pb>=0.85_mup1_h4,band_walk,17.47,2,2613,46.15384615384615,2.6726735461064584,-0.8830022075055233,7.151692328981327e+18,100.0,-50.0,91,4.93,3.32,7.7,62.6,53.1,-25.17,7
FMR_mfi13<30_pb<=0.15_none_none_h4_mid0_s0.1,mean_rev,17.35,1,1382,56.295224312590456,3.127444206250739,1.7771943226128184,9186204895648.469,100.0,-50.0,91,6.77,2.8,13.2,62.6,203.08,-35.67,12
FMR_mfi6<30_pb<=0.0_none_none_h4_mid0_s0.07,mean_rev,17.31,1,1126,53.9076376554174,2.0091222647531355,1.102482607137656,313556.59622699517,100.0,-50.0,91,5.41,2.12,11.0,58.2,105.18,-17.79,10
FMR_mfi6<30_pb<=0.15_bw40_none_h2_mid1_s0.1,mean_rev,17.08,1,1052,49.619771863117876,0.8880629675394989,-6.324996565387764e-06,4956.7150665629315,100.0,-40.84507035263212,89,3.89,3.46,10.1,56.2,101.56,-20.51,9
FMR_mfi6<30_pb<=0.15_bw40_none_h2_mid0_s0.1,mean_rev,17.08,1,1052,49.619771863117876,0.8880629675394989,-6.324996565387764e-06,4956.7150665629315,100.0,-40.84507035263212,89,3.89,3.46,10.1,56.2,101.56,-20.51,9
FMR_mfi6<30_pb<=0.15_bw40_none_h2_mid0_s0.07,mean_rev,17.07,1,1052,49.52471482889734,0.8917805599053079,-0.03328900075204033,5177.129482501675,100.0,-40.84507035263212,89,3.89,3.46,10.1,56.2,101.56,-20.51,9
FMR_mfi6<30_pb<=0.15_bw40_none_h2_mid1_s0.07,mean_rev,17.07,1,1052,49.52471482889734,0.8917805599053079,-0.03328900075204033,5177.129482501675,100.0,-40.84507035263212,89,3.89,3.46,10.1,56.2,101.56,-20.51,9
FMR_mfi14<30_pb<=0.15_none_none_h3_mid1_s0.1,mean_rev,17.01,2,1263,57.561361836896275,2.2344525156893953,1.7192013495133107,613451116.4423043,100.0,-50.0,91,4.58,2.32,8.8,61.5,88.95,-19.42,8
FMR_mfi14<30_pb<=0.25_none_none_h3_mid0_s0.1,mean_rev,16.96,2,1628,56.57248157248157,2.3815960256509543,1.6511468120454231,1904098157770.2644,100.0,-50.0,91,3.57,2.9,4.4,64.8,74.8,-20.65,4
FMR_mfi14<25_pb<=0.15_none_none_h4_mid1_s0.1,mean_rev,16.95,2,834,60.5515587529976,2.5493134278022285,2.1702861287348885,15941292.877592575,100.0,-50.0,90,2.73,2.58,1.1,66.7,26.45,-15.0,1
FMR_mfi6<20_pb<=0.15_none_none_h3_mid1_s0.07,mean_rev,16.92,2,1924,52.85862785862786,0.9422631737515367,0.685733216716411,-46.28217760793656,84.1765391954588,-50.0,91,3.2,3.75,6.6,60.4,42.62,-23.42,6
FMR_mfi14<25_pb<=0.15_none_none_h4_mid0_s0.1,mean_rev,16.9,2,833,57.98319327731093,3.164974280104181,2.0876786753749155,779253865.6143034,100.0,-50.0,91,2.37,3.27,2.2,64.8,26.78,-18.0,2
FMR_mfi14<25_pb<=0.15_none_none_h4_mid1_s0.07,mean_rev,16.84,1,844,59.95260663507109,2.552470782897968,2.0547258073608687,18915730.930038128,100.0,-50.0,90,4.06,3.66,5.6,63.3,56.01,-32.41,5
FMR_mfi14<30_pb<=0.15_none_none_h4_mid1_s0.07,mean_rev,16.63,2,1259,59.09451945988881,2.430923818704173,2.103243191946147,3431448221.5782604,100.0,-50.0,91,3.27,2.22,4.4,63.7,37.07,-14.17,4
FMR_mfi13<30_pb<=0.25_none_none_h2_mid0_s0.1,mean_rev,16.55,2,1936,52.73760330578512,1.1294071781042245,0.6024225990945986,315097.5803969622,100.0,-50.0,91,3.07,3.08,4.4,68.1,28.92,-21.62,4
FMR_mfi13<30_pb<=0.25_none_none_h2_mid1_s0.1,mean_rev,16.55,2,1936,52.73760330578512,1.1294071781042245,0.6024225990945986,315097.5803969622,100.0,-50.0,91,3.07,3.08,4.4,68.1,28.92,-21.62,4
FMR_mfi13<20_pb<=0.15_none_none_h4_mid1_s0.1,mean_rev,16.55,2,638,59.09090909090909,1.8968266422008773,1.943193919273667,7667.401476899201,99.33862433862434,-50.0,90,2.59,2.77,1.1,61.1,23.17,-14.7,1
FWALK_mfi14>=60_pb>=0.7_mup0_h2,band_walk,16.49,2,3658,49.179879715691634,1.8546764656918826,-0.1435630569113444,5.59474530691755e+19,100.0,-50.0,91,4.81,2.97,13.2,63.7,53.86,-27.65,12
FMR_mfi14<30_pb<=0.15_none_none_h3_mid0_s0.07,mean_rev,16.45,2,1270,57.48031496062992,2.5461918534604364,1.8977562243482016,20348278587.47127,100.0,-50.0,91,3.65,1.99,5.5,64.8,41.8,-14.96,5
FWALK_mfi14>=50_pb>=0.7_mup0_h2,band_walk,16.38,2,4065,49.69249692496925,1.845052635305433,-6.859176604478989e-06,1.5505330112610307e+22,100.0,-50.0,91,4.47,2.98,11.0,61.5,50.67,-25.37,10
FWALK_mfi14>=60_pb>=0.85_mup1_h4,band_walk,16.35,2,2384,45.97315436241611,2.5897122960061565,-0.9274124190126687,3.0848560182216892e+16,100.0,-50.0,91,4.15,2.47,9.9,60.4,56.69,-16.44,9
FMR_mfi6<30_pb<=0.15_none_none_h4_mid0_s0.1,mean_rev,16.3,1,2331,53.925353925353924,2.226528237609898,0.9554066074743295,4667045020589.32,100.0,-50.0,91,5.12,1.67,12.1,54.9,54.4,-14.96,11
FSQ_mfi14>=50_brk0_mup0_h2_s0.12,squeeze_break,16.3,1,1933,48.16347646145887,1.3380631614922063,-0.30425963488843744,32403846.01263554,100.0,-50.0,90,6.4,1.95,13.3,58.9,114.21,-25.11,12
FSQ_mfi14>=50_brk0_mup0_h2_s0.08,squeeze_break,16.3,1,1933,48.11174340403518,1.304830947719981,-0.30425963488843744,21020163.210331418,100.0,-50.0,90,6.4,1.95,13.3,58.9,114.21,-25.11,12
FMR_mfi14<30_pb<=0.25_none_none_h3_mid1_s0.1,mean_rev,16.27,2,1628,56.32678132678133,1.936255276622649,1.3591673755393163,4631082917.9168215,100.0,-50.0,91,3.12,2.89,5.5,63.7,75.45,-20.65,5
FMR_mfi13<25_pb<=0.15_none_none_h2_mid0_s0.07,mean_rev,16.24,1,1051,53.948620361560415,0.7016874667675391,1.005016760736055,-64.54906726452145,55.04762970081234,-50.0,89,3.74,2.36,11.2,66.3,61.2,-19.57,10
FMR_mfi13<25_pb<=0.15_none_none_h2_mid1_s0.07,mean_rev,16.24,1,1051,53.948620361560415,0.7016874667675391,1.005016760736055,-64.54906726452145,55.04762970081234,-50.0,89,3.74,2.36,11.2,66.3,61.2,-19.57,10
FMR_mfi13<30_pb<=0.25_none_none_h4_mid1_s0.07,mean_rev,16.06,2,1819,56.239692138537656,2.102397079077704,1.453963159615057,93587210006.2441,100.0,-50.0,91,3.12,3.64,12.1,60.4,46.33,-27.54,11
FMR_mfi14<25_pb<=0.25_none_none_h2_mid1_s0.1,mean_rev,15.97,2,1135,55.06607929515418,0.9419265702603725,0.8995376455290582,705.6398603932533,100.0,-50.0,90,2.97,2.39,4.4,67.8,29.52,-17.82,4
FMR_mfi14<25_pb<=0.25_none_none_h2_mid0_s0.1,mean_rev,15.97,2,1135,55.06607929515418,0.9419265702603725,0.8995376455290582,705.6398603932533,100.0,-50.0,90,2.97,2.39,4.4,67.8,29.52,-17.82,4
FSQ_mfi6>=45_brk0_mup1_h2_s0.12,squeeze_break,15.82,2,1749,47.34133790737564,1.3320484504553207,-0.437735131629724,6275356.415248124,100.0,-50.0,90,4.05,3.46,13.3,61.1,44.66,-29.28,12
FSQ_mfi6>=45_brk0_mup0_h4_s0.08,squeeze_break,15.76,1,1936,46.28099173553719,1.8647568693285002,-0.7235863141713927,6916265266.442956,100.0,-50.0,90,5.97,1.98,12.2,61.1,100.0,-25.89,11
FMR_mfi6<30_pb<=0.25_none_none_h4_mid1_s0.1,mean_rev,15.74,1,2944,56.35190217391305,1.776336044698675,1.331318218000066,2154911955215.2173,100.0,-50.0,91,4.21,3.19,8.8,57.1,73.03,-29.54,8
FMR_mfi14<30_pb<=0.15_none_none_h4_mid0_s0.1,mean_rev,15.66,2,1242,58.69565217391305,3.2756510148565052,2.4171358799952247,11010097873647.502,100.0,-50.0,91,3.06,2.46,6.6,67.0,46.87,-21.65,6
FMR_mfi13<20_pb<=0.15_none_none_h4_mid1_s0.07,mean_rev,15.51,2,642,58.09968847352025,1.8760909570317266,1.6842098860413879,8917.644535423597,99.33862433862434,-50.0,90,2.6,2.94,2.2,64.4,26.62,-22.91,2
FMR_mfi13<30_pb<=0.15_none_none_h4_mid1_s0.1,mean_rev,15.5,2,1385,58.628158844765345,2.5023173929238864,1.9169370336842295,18547178807.6862,100.0,-50.0,91,2.85,3.0,3.3,65.9,24.72,-25.98,3
FMR_mfi14<25_pb<=0.15_none_none_h3_mid1_s0.07,mean_rev,15.48,2,854,58.66510538641686,2.1374909685974055,1.6842123629559835,1272737.4498955419,100.0,-50.0,90,2.92,2.28,3.3,64.4,56.05,-18.59,3
FMR_mfi13<30_pb<=0.15_none_none_h2_mid1_s0.1,mean_rev,15.4,1,1471,53.025152957172,1.0378564118984372,0.677977629105575,2769.5767225106397,100.0,-50.0,91,3.86,2.66,8.8,61.5,49.07,-24.71,8
FMR_mfi13<30_pb<=0.15_none_none_h2_mid0_s0.1,mean_rev,15.4,1,1471,53.025152957172,1.0378564118984372,0.677977629105575,2769.5767225106397,100.0,-50.0,91,3.86,2.66,8.8,61.5,49.07,-24.71,8
FMR_mfi6<25_pb<=0.15_none_none_h4_mid0_s0.1,mean_rev,15.38,1,2069,53.11744804253262,2.1315505613593237,0.8695598894622236,15887899790.212227,100.0,-50.0,91,5.58,1.53,6.6,59.3,203.08,-22.78,6
FMR_mfi13<20_pb<=0.15_none_none_h4_mid0_s0.07,mean_rev,15.36,1,641,55.69422776911076,2.505907246749156,1.5290555920126847,209780.0894780366,99.33862433862434,-50.0,89,4.1,1.76,9.0,60.7,48.28,-18.02,8
FMR_mfi14<30_pb<=0.25_none_none_h2_mid0_s0.07,mean_rev,15.31,2,1709,53.42305441778819,1.0272571490694204,0.7561472761268728,52515.00191195557,100.0,-50.0,91,3.87,2.04,6.6,63.7,54.51,-20.3,6
FMR_mfi14<30_pb<=0.25_none_none_h2_mid1_s0.07,mean_rev,15.31,2,1709,53.42305441778819,1.0272571490694204,0.7561472761268728,52515.00191195557,100.0,-50.0,91,3.87,2.04,6.6,63.7,54.51,-20.3,6
FMR_mfi14<30_pb<=0.0_none_none_h3_mid0_s0.1,mean_rev,15.25,2,528,58.14393939393939,1.981495370117413,1.9512672485198612,2188.1772171941757,100.0,-50.0,89,3.05,1.68,2.2,61.8,91.78,-13.02,2
FSQ_mfi6>=55_brk0_mup1_h4_s0.08,squeeze_break,15.14,2,1693,46.13112817483756,1.9741513800682584,-0.7633555039077033,2386833532.409473,100.0,-50.0,90,4.03,2.71,8.9,57.8,52.48,-22.94,8
FMR_mfi13<30_pb<=0.15_none_none_h2_mid0_s0.07,mean_rev,15.12,1,1471,52.88919102651257,0.9734222258807617,0.6342577501316615,1234.5624361724251,100.0,-50.0,91,3.33,2.73,8.8,63.7,37.81,-24.71,8
FMR_mfi13<30_pb<=0.15_none_none_h2_mid1_s0.07,mean_rev,15.12,1,1471,52.88919102651257,0.9734222258807617,0.6342577501316615,1234.5624361724251,100.0,-50.0,91,3.33,2.73,8.8,63.7,37.81,-24.71,8
FMR_mfi6<30_pb<=0.25_bw40_none_h2_mid0_s0.1,mean_rev,15.08,1,1435,50.59233449477352,0.9555548576142423,0.1492498979695167,57621.4622045587,100.0,-40.84507035263212,89,2.36,3.46,9.0,58.4,50.21,-22.82,8
FMR_mfi6<30_pb<=0.25_bw40_none_h2_mid1_s0.1,mean_rev,15.08,1,1435,50.59233449477352,0.9555548576142423,0.1492498979695167,57621.4622045587,100.0,-40.84507035263212,89,2.36,3.46,9.0,58.4,50.21,-22.82,8
FMR_mfi6<30_pb<=0.25_none_none_h3_mid1_s0.07,mean_rev,15.07,1,3111,52.94117647058824,0.9766277774377987,0.7194301404815251,2604.4592579161035,100.0,-50.0,91,4.16,2.14,11.0,59.3,51.3,-21.83,10
FMR_mfi6<30_pb<=0.25_bw40_none_h2_mid1_s0.07,mean_rev,15.07,1,1435,50.522648083623686,0.9600437213171892,0.12820470173140475,62215.76118736155,100.0,-40.84507035263212,89,2.36,3.46,9.0,58.4,50.21,-22.82,8
FMR_mfi6<30_pb<=0.25_bw40_none_h2_mid0_s0.07,mean_rev,15.07,1,1435,50.522648083623686,0.9600437213171892,0.12820470173140475,62215.76118736155,100.0,-40.84507035263212,89,2.36,3.46,9.0,58.4,50.21,-22.82,8
FMR_mfi13<20_pb<=0.25_none_none_h3_mid0_s0.1,mean_rev,15.01,2,819,54.94505494505495,1.5119721857179655,0.9985859422354526,3265.1526456415277,100.0,-50.0,89,2.64,2.22,3.4,59.6,45.72,-14.78,3
FMR_mfi13<20_pb<=0.25_none_none_h4_mid1_s0.07,mean_rev,14.99,2,820,56.58536585365853,1.8590033142584081,1.467128287973929,51397.00658812036,100.0,-50.0,90,2.82,2.35,3.3,64.4,32.58,-20.3,3
FWALK_mfi6>=50_pb>=0.8_mup1_h2,band_walk,14.97,2,3176,49.4647355163728,1.810490870809449,-0.0594183361037004,9.858454075355093e+16,100.0,-50.0,91,4.93,2.58,13.2,60.4,58.61,-30.51,12
FMR_mfi14<30_pb<=0.0_none_none_h3_mid0_s0.07,mean_rev,14.88,2,528,57.765151515151516,1.8335294375076268,1.8739467005386756,1047.3553546640464,100.0,-50.0,89,2.54,1.68,2.2,64.0,41.48,-12.75,2
FMR_mfi13<20_pb<=0.15_none_none_h2_mid0_s0.1,mean_rev,14.82,1,649,55.31587057010786,0.8560627898248845,1.0218969902692665,-37.94059199480833,52.02862392997885,-50.0,89,2.58,3.14,5.6,59.6,47.26,-24.71,5
FMR_mfi13<20_pb<=0.15_none_none_h2_mid1_s0.1,mean_rev,14.82,1,649,55.31587057010786,0.8560627898248845,1.0218969902692665,-37.94059199480833,52.02862392997885,-50.0,89,2.58,3.14,5.6,59.6,47.26,-24.71,5
FMR_mfi13<25_pb<=0.25_none_none_h4_mid0_s0.1,mean_rev,14.78,2,1297,54.89591364687742,2.2994115062774907,1.324503311258285,294383484.41472435,100.0,-50.0,90,2.32,2.87,2.2,61.1,42.9,-21.21,2
FMR_mfi13<30_pb<=0.15_none_none_h4_mid0_s0.07,mean_rev,14.76,1,1398,55.43633762517882,2.906063469879592,1.5795046930527246,971910365825.0535,100.0,-50.0,91,3.33,2.16,7.7,59.3,39.82,-19.62,7
FMR_mfi14<20_pb<=0.15_none_none_h2_mid0_s0.07,mean_rev,14.7,2,509,58.153241650294696,1.5601736050635766,1.3157843634475253,2497.79474864197,57.0491668276303,-50.0,89,2.63,1.87,4.5,61.8,31.44,-15.16,4
FMR_mfi14<20_pb<=0.15_none_none_h2_mid1_s0.07,mean_rev,14.7,2,509,58.153241650294696,1.5601736050635766,1.3157843634475253,2497.79474864197,57.0491668276303,-50.0,89,2.63,1.87,4.5,61.8,31.44,-15.16,4
FMR_mfi13<30_pb<=0.25_none_none_h3_mid1_s0.1,mean_rev,14.69,2,1833,55.373704309874526,1.8446941157020538,1.155026356963651,1344561522.8179953,100.0,-50.0,91,2.62,2.86,8.8,61.5,35.58,-23.76,8
FMR_mfi13<20_pb<=0.15_none_none_h3_mid1_s0.1,mean_rev,14.64,2,642,57.3208722741433,1.313956307026363,1.4551398695133444,319.854509545662,84.1765391954588,-50.0,89,2.19,2.4,2.2,56.2,33.16,-14.97,2
FSQ_mfi6>=45_brk0_mup1_h2_s0.08,squeeze_break,14.59,2,1749,47.284162378502,1.302226119029163,-0.43955544209519637,4580047.996369348,100.0,-50.0,90,3.77,2.72,12.2,61.1,44.66,-26.34,11
FSQ_mfi6>=45_brk0_mup0_h4_s0.12,squeeze_break,14.58,1,1936,46.590909090909086,1.842699953446982,-0.6755254064208072,2734342683.804897,100.0,-50.0,90,6.07,1.98,13.3,61.1,100.0,-32.5,12
FMR_mfi13<30_pb<=0.15_none_pb_up_h3_mid1_s0.07,mean_rev,14.57,1,546,57.692307692307686,2.807856620437684,1.6221744445943043,5055807.699821838,81.3989239046887,-50.0,89,5.56,1.46,7.9,55.1,140.17,-25.72,7
FSQ_mfi6>=55_brk0_mup1_h4_s0.12,squeeze_break,14.57,2,1693,46.4264619019492,1.9365317267324833,-0.7173537718553891,858294651.2857871,100.0,-50.0,90,3.92,2.33,8.9,57.8,52.48,-21.43,8
FWALK_mfi14>=50_pb>=0.7_mup1_h2,band_walk,14.5,2,3388,49.14403778040142,1.7649173285744384,-0.13063479654524812,2.0709373772482922e+17,100.0,-50.0,91,2.31,3.55,4.4,58.2,34.17,-25.6,4
FMR_mfi13<30_pb<=0.15_none_pb_up_h4_mid1_s0.07,mean_rev,14.46,1,544,60.47794117647059,3.1677087356846703,2.1401703068796185,24788906.17786458,81.3989239046887,-50.0,90,4.38,1.57,6.7,54.4,140.17,-21.07,6
FMR_mfi6<30_pb<=0.25_bw40_none_h4_mid1_s0.07,mean_rev,14.45,1,1344,54.389880952380956,1.2499103005187682,1.0104564816442063,111055.02109623015,100.0,-50.0,89,4.15,1.91,10.1,57.3,99.03,-22.14,9
FMR_mfi13<20_pb<=0.25_none_none_h4_mid0_s0.07,mean_rev,14.42,2,820,54.75609756097561,2.2913601416900393,1.057459186776466,853928.8360362006,100.0,-50.0,90,2.59,2.73,1.1,61.1,20.48,-23.18,1
FMR_mfi13<30_pb<=0.25_none_both_h2_mid0_s0.1,mean_rev,14.35,1,752,54.38829787234043,1.2570155654468376,0.7459517856800657,10461.040208050686,81.3989239046887,-50.0,90,4.9,1.64,8.9,57.8,81.4,-24.72,8
FMR_mfi13<30_pb<=0.25_none_both_h2_mid1_s0.1,mean_rev,14.35,1,752,54.38829787234043,1.2570155654468376,0.7459517856800657,10461.040208050686,81.3989239046887,-50.0,90,4.9,1.64,8.9,57.8,81.4,-24.72,8
FMR_mfi14<30_pb<=0.15_none_none_h3_mid1_s0.07,mean_rev,14.32,2,1271,57.04169944925256,2.116836958258894,1.6025609994344991,235455499.4159465,100.0,-50.0,91,2.31,2.32,4.4,60.4,37.4,-18.49,4
FSQ_mfi6>=45_brk0_mup0_h3_s0.12,squeeze_break,14.25,1,1961,46.60887302396736,1.6522647078963786,-0.5813910784740473,633760105.1489819,100.0,-50.0,90,4.82,2.26,12.2,62.2,76.82,-30.02,11
FMR_mfi6<20_pb<=0.15_none_none_h3_mid1_s0.1,mean_rev,14.24,2,1904,53.36134453781513,1.0006087931914898,0.7513114911162244,6.072364684230269,84.1765391954588,-50.0,91,3.19,1.99,7.7,60.4,39.8,-19.4,7
FMR_mfi6<25_pb<=0.15_none_none_h3_mid1_s0.07,mean_rev,14.2,2,2192,53.37591240875912,1.0705051617038308,0.7874027032650277,684.6884182373346,100.0,-50.0,91,2.85,1.98,6.6,61.5,50.84,-18.0,6
FMR_mfi13<30_pb<=0.25_none_none_h2_mid1_s0.07,mean_rev,14.19,2,1939,52.55286230015472,1.0688872592704546,0.5328596802841812,117625.39652647372,100.0,-50.0,91,2.43,2.39,6.6,67.0,31.5,-22.05,6
FMR_mfi13<30_pb<=0.25_none_none_h2_mid0_s0.07,mean_rev,14.19,2,1939,52.55286230015472,1.0688872592704546,0.5328596802841812,117625.39652647372,100.0,-50.0,91,2.43,2.39,6.6,67.0,31.5,-22.05,6
FMR_mfi6<25_pb<=0.0_none_none_h3_mid1_s0.07,mean_rev,14.17,1,1043,53.97890699904123,1.0668101135207562,0.7874038317269072,-75.45386811431139,100.0,-50.0,91,3.97,2.29,8.8,57.1,51.58,-26.02,8
FMR_mfi14<25_pb<=0.25_none_none_h4_mid0_s0.1,mean_rev,14.16,1,1086,56.44567219152854,2.687005834588158,1.8622372804713794,2661717120.9780498,100.0,-50.0,91,3.02,2.2,5.5,58.2,105.88,-20.99,5
FMR_mfi6<30_pb<=0.25_none_none_h3_mid0_s0.1,mean_rev,14.12,1,3038,53.02830809743252,1.3428739833902323,0.7513114911162244,7729496.878626906,100.0,-50.0,91,3.37,2.35,9.9,56.0,55.02,-22.31,9
FWALK_mfi6>=55_pb>=0.85_mup0_h2,band_walk,14.04,2,3293,49.46856969328879,1.8415441442871783,-0.06285355122563896,7.813535793231992e+17,100.0,-50.0,91,4.41,2.33,8.8,57.1,116.25,-27.88,8
FMR_mfi14<25_pb<=0.25_none_none_h3_mid0_s0.1,mean_rev,13.99,1,1103,56.66364460562103,1.9950109752528133,1.541870046002658,8076624.143981501,100.0,-50.0,90,2.78,2.81,5.6,61.1,48.51,-28.06,5
FMR_mfi6<25_pb<=0.25_bw40_none_h4_mid1_s0.07,mean_rev,13.98,1,1082,53.23475046210721,1.0991937868177362,0.896313658670489,6546.435980035837,100.0,-50.0,89,3.25,2.15,9.0,65.2,38.25,-24.98,8
FSQ_mfi6>=55_brk1_mup1_h2_s0.12,squeeze_break,13.98,1,887,45.095828635851184,1.4906962701193291,-0.8588956926057767,65078.506736108444,100.0,-34.57364341085272,90,5.32,2.12,12.2,60.0,98.67,-31.25,11
FMR_mfi14<30_pb<=0.25_none_none_h3_mid1_s0.07,mean_rev,13.93,2,1641,55.393053016453386,1.7781784715126263,1.155026356963651,628635754.4218441,100.0,-50.0,91,3.06,2.32,6.6,59.3,63.91,-23.72,6
FMR_mfi13<30_pb<=0.25_none_none_h4_mid0_s0.07,mean_rev,13.91,2,1815,55.04132231404959,2.7058299008126574,1.5472312703582958,283756802436757.4,100.0,-50.0,91,2.72,2.13,3.3,64.8,67.63,-22.47,3
FMR_mfi14<25_pb<=0.15_none_none_h3_mid0_s0.07,mean_rev,13.9,1,853,57.91324736225087,2.495426136753874,1.8209542880269103,13987303.273809195,100.0,-50.0,90,3.93,1.41,6.7,53.3,87.01,-17.99,6
FMR_mfi6<25_pb<=0.0_none_none_h4_mid1_s0.1,mean_rev,13.85,2,1025,56.39024390243902,2.0425986707621226,1.3453019526933785,194109.64613958748,100.0,-50.0,91,3.34,1.55,5.5,64.8,76.27,-21.27,5
FSQ_mfi6>=45_brk0_mup0_h3_s0.08,squeeze_break,13.81,1,1961,46.55787863335033,1.6769201601213788,-0.5826682644048509,1233365817.4709008,100.0,-50.0,90,4.58,2.26,11.1,62.2,76.82,-30.74,10
FMR_mfi13<30_pb<=0.25_none_none_h3_mid0_s0.07,mean_rev,13.8,1,1850,53.891891891891895,2.0469620984806856,0.9116981841635896,36420720382.7102,100.0,-50.0,91,3.81,2.92,8.8,59.3,64.8,-34.28,8
FMR_mfi13<25_pb<=0.15_none_none_h4_mid1_s0.1,mean_rev,13.79,1,1011,57.86350148367953,1.9671060380324248,1.7192013495133107,508702.14795106865,99.33862433862434,-50.0,90,3.15,1.92,4.4,58.9,44.78,-21.75,4
FMR_mfi14<20_pb<=0.15_none_none_h2_mid1_s0.1,mean_rev,13.78,2,509,58.153241650294696,1.5944973941970797,1.3458826625092346,2684.1041911662933,57.0491668276303,-50.0,89,2.44,1.58,4.5,60.7,31.44,-15.16,4
FMR_mfi14<20_pb<=0.15_none_none_h2_mid0_s0.1,mean_rev,13.78,2,509,58.153241650294696,1.5944973941970797,1.3458826625092346,2684.1041911662933,57.0491668276303,-50.0,89,2.44,1.58,4.5,60.7,31.44,-15.16,4
FMR_mfi13<25_pb<=0.15_none_none_h3_mid0_s0.1,mean_rev,13.77,2,1023,54.44770283479961,1.6709272253532348,1.0752917456601008,33571.700163209214,84.1765391954588,-50.0,89,3.55,0.99,6.7,57.3,53.52,-12.78,6
FMR_mfi13<20_pb<=0.15_none_none_h4_mid0_s0.1,mean_rev,13.72,2,637,56.514913657770805,2.468884433833761,1.923076352835973,122879.54017342365,99.33862433862434,-50.0,90,2.4,2.42,2.2,64.4,22.36,-24.8,2
FMR_mfi14<25_pb<=0.25_none_none_h4_mid1_s0.1,mean_rev,13.69,2,1087,58.60165593376265,2.148947122609356,1.9607887063434415,30977278.832937185,100.0,-50.0,90,2.7,2.09,6.7,60.0,61.53,-22.07,6
FMR_mfi6<30_pb<=0.15_none_none_h3_mid1_s0.07,mean_rev,13.66,2,2495,53.346693386773545,0.9405797776407595,0.7894777621634264,-28.58767257686007,100.0,-50.0,91,2.9,1.82,5.5,58.2,58.91,-17.76,5
FSQ_mfi14>=55_brk0_mup1_h3_s0.08,squeeze_break,13.65,1,1580,46.20253164556962,1.6356616849689334,-0.6632788504680409,16512629.173649589,100.0,-50.0,90,4.71,1.51,16.7,55.6,57.14,-21.4,15
FMR_mfi13<25_pb<=0.25_none_none_h3_mid1_s0.1,mean_rev,13.64,2,1318,54.40060698027314,1.3977947070466532,1.1669329173839005,33766.29313858873,100.0,-50.0,90,3.84,1.32,6.7,61.1,83.32,-20.34,6
FSQ_mfi6>=50_brk0_mup1_h4_s0.12,squeeze_break,13.64,2,1709,46.45991808074898,1.918151647514672,-0.7000968472423041,806066661.6371987,100.0,-50.0,90,3.06,1.7,7.8,56.7,47.77,-14.1,7
FMR_mfi13<20_pb<=0.25_none_none_h3_mid0_s0.07,mean_rev,13.6,1,823,54.3134872417983,1.4837848841965524,0.819667737575136,3510.3420367136287,100.0,-50.0,89,3.23,2.22,6.7,58.4,45.35,-24.53,6
FMR_mfi13<25_pb<=0.15_none_none_h4_mid0_s0.07,mean_rev,13.58,1,1021,54.65230166503427,2.296907030262375,1.2484476360963503,6676205.168105647,99.33862433862434,-50.0,89,2.93,2.43,4.5,59.6,48.28,-25.65,4
FSQ_mfi6>=55_brk0_mup0_h3_s0.08,squeeze_break,13.57,1,1901,46.764860599684376,1.7429851239729262,-0.5693581780538248,2005228845.6907992,100.0,-50.0,90,3.89,1.8,10.0,56.7,57.14,-20.54,9
FMR_mfi13<30_pb<=0.25_none_none_h3_mid1_s0.07,mean_rev,13.56,2,1852,54.21166306695464,1.6959665527017325,0.9202529237804957,218557696.50635564,100.0,-50.0,91,2.25,2.38,4.4,59.3,31.96,-20.81,4
FMR_mfi6<30_pb<=0.0_none_none_h4_mid1_s0.1,mean_rev,13.53,1,1133,56.39894086496028,2.0687821397057924,1.320359659857484,1291716.349044877,100.0,-50.0,91,5.04,1.3,8.8,54.9,203.08,-25.58,8
FMR_mfi6<30_pb<=0.15_none_none_h3_mid1_s0.1,mean_rev,13.51,2,2467,54.03323875152006,1.085959369950391,0.9157509157509125,978.0473138012891,100.0,-50.0,91,3.31,2.17,8.8,58.2,55.36,-24.73,8
FMR_mfi14<30_pb<=0.25_none_none_h2_mid1_s0.1,mean_rev,13.49,2,1705,53.5483870967742,1.0856331598002915,0.789471814423437,115778.41130841314,100.0,-50.0,91,2.9,1.94,7.7,61.5,50.66,-21.52,7
FMR_mfi14<30_pb<=0.25_none_none_h2_mid0_s0.1,mean_rev,13.49,2,1705,53.5483870967742,1.0856331598002915,0.789471814423437,115778.41130841314,100.0,-50.0,91,2.9,1.94,7.7,61.5,50.66,-21.52,7
FMR_mfi13<30_pb<=0.15_none_pb_up_h4_mid0_s0.07,mean_rev,13.49,1,544,56.80147058823529,3.6726410807876446,1.8357519001993117,158120377.8273151,82.85715320393561,-50.0,90,3.17,1.68,5.6,56.7,56.01,-19.46,5
FMR_mfi14<25_pb<=0.25_none_none_h4_mid0_s0.07,mean_rev,13.47,2,1100,55.90909090909091,2.6578653774508103,1.5941791928433813,2614339556.2610016,100.0,-50.0,91,2.61,1.83,8.8,58.2,29.04,-18.06,8
FMR_mfi13<20_pb<=0.15_none_none_h3_mid0_s0.07,mean_rev,13.4,2,644,55.74534161490683,1.4529777120496639,1.0619458274107818,830.6779722208864,84.1765391954588,-50.0,89,2.02,2.28,2.2,57.3,23.08,-18.85,2
FMR_mfi13<30_pb<=0.15_none_none_h4_mid1_s0.07,mean_rev,13.38,2,1401,57.45895788722342,2.254163372195363,1.6877475031752187,1260039694.5624816,100.0,-50.0,91,2.31,1.64,3.3,58.2,27.89,-15.42,3
FMR_mfi14<25_pb<=0.25_none_none_h2_mid1_s0.07,mean_rev,13.35,2,1138,55.008787346221446,0.959712597476162,0.8677711966012747,934.1593296164756,100.0,-50.0,90,2.44,1.79,3.3,60.0,29.52,-17.81,3
FMR_mfi14<25_pb<=0.25_none_none_h2_mid0_s0.07,mean_rev,13.35,2,1138,55.008787346221446,0.959712597476162,0.8677711966012747,934.1593296164756,100.0,-50.0,90,2.44,1.79,3.3,60.0,29.52,-17.81,3
FMR_mfi6<20_pb<=0.25_none_none_h3_mid1_s0.07,mean_rev,13.22,1,2320,52.370689655172406,1.0004668437736481,0.6253538156102967,706.2747378196744,100.0,-50.0,91,4.96,1.05,12.1,53.8,85.78,-21.99,11
FMR_mfi14<20_pb<=0.15_none_none_h3_mid0_s0.1,mean_rev,13.22,2,505,59.009900990099005,2.646896512788787,2.103243191946147,187250.52235435374,84.1765391954588,-50.0,89,2.57,1.49,4.5,58.4,44.91,-17.01,4
FMR_mfi14<25_pb<=0.15_none_none_h3_mid0_s0.1,mean_rev,13.19,2,846,58.392434988179666,2.4034381824087707,1.9912786265361526,6208049.241825851,100.0,-50.0,90,2.31,1.41,3.3,60.0,36.42,-15.37,3
FSQ_mfi6>=55_brk1_mup1_h2_s0.08,squeeze_break,13.18,1,887,44.87034949267193,1.417097894534413,-0.8588956926057767,41265.359986179756,100.0,-34.57364341085272,90,4.76,2.12,12.2,58.9,98.67,-31.25,11
FMR_mfi14<30_pb<=0.25_none_none_h4_mid0_s0.07,mean_rev,13.12,2,1618,56.36588380716935,2.685221533283305,1.8413452881011705,36220648774087.98,100.0,-50.0,91,2.55,2.53,7.7,57.1,57.52,-26.08,7
FSQ_mfi6>=50_brk1_mup0_h4_s0.12,squeeze_break,13.1,2,982,44.29735234215886,1.84017431267769,-1.1439609624617209,424433.65617702046,100.0,-42.49999643098701,90,2.89,1.52,8.9,60.0,31.45,-14.74,8
FMR_mfi14<20_pb<=0.15_none_none_h3_mid0_s0.07,mean_rev,13.03,1,505,58.61386138613861,2.5867798430976636,1.9607843137254832,173483.3731262359,84.1765391954588,-50.0,89,4.05,1.94,5.6,56.2,90.52,-30.12,5
FMR_mfi6<25_pb<=0.25_bw40_none_h2_mid1_s0.07,mean_rev,13.01,2,1138,49.209138840070295,0.7137525688758126,-0.15752333104822602,1300.4994902199103,100.0,-34.98292711270018,89,1.96,2.1,5.6,55.1,27.43,-14.93,5
FMR_mfi6<25_pb<=0.25_bw40_none_h2_mid0_s0.07,mean_rev,13.01,2,1138,49.209138840070295,0.7137525688758126,-0.15752333104822602,1300.4994902199103,100.0,-34.98292711270018,89,1.96,2.1,5.6,55.1,27.43,-14.93,5
FMR_mfi14<25_pb<=0.15_none_none_h3_mid1_s0.1,mean_rev,13.0,1,847,59.149940968122785,2.0478021228539345,1.9169370336842295,588577.9947262609,100.0,-50.0,90,2.34,2.57,5.6,56.7,58.22,-26.74,5
FMR_mfi13<30_pb<=0.0_none_none_h3_mid1_s0.1,mean_rev,12.99,1,584,57.02054794520548,2.0190102516158763,1.54748296978644,2491.0957594841525,100.0,-50.0,91,5.83,0.79,7.7,52.7,203.08,-27.08,7
FMR_mfi13<25_pb<=0.25_none_none_h3_mid1_s0.07,mean_rev,12.97,2,1326,53.69532428355958,1.2958184105733535,0.9808654205550771,17348.89297358165,100.0,-50.0,90,2.4,2.22,3.3,61.1,30.95,-23.8,3
FMR_mfi14<30_pb<=0.25_none_none_h4_mid0_s0.1,mean_rev,12.96,2,1590,57.23270440251572,2.9090364336353107,2.095460933660531,463917565559057.3,100.0,-50.0,91,2.87,2.04,7.7,59.3,34.96,-25.37,7
FMR_mfi6<25_pb<=0.25_bw40_none_h2_mid1_s0.1,mean_rev,12.95,2,1138,49.297012302284706,0.7127631914102729,-0.13652794771699117,1272.042175381547,100.0,-34.98292711270018,89,1.9,2.1,5.6,55.1,27.43,-14.93,5
FMR_mfi6<25_pb<=0.25_bw40_none_h2_mid0_s0.1,mean_rev,12.95,2,1138,49.297012302284706,0.7127631914102729,-0.13652794771699117,1272.042175381547,100.0,-34.98292711270018,89,1.9,2.1,5.6,55.1,27.43,-14.93,5
FMR_mfi14<20_pb<=0.25_none_none_h2_mid0_s0.07,mean_rev,12.92,1,673,56.01783060921248,0.9862548683559689,1.023378696602606,336.6227924179512,57.0491668276303,-50.0,89,3.36,1.25,7.9,57.3,55.5,-19.1,7
FMR_mfi14<20_pb<=0.25_none_none_h2_mid1_s0.07,mean_rev,12.92,1,673,56.01783060921248,0.9862548683559689,1.023378696602606,336.6227924179512,57.0491668276303,-50.0,89,3.36,1.25,7.9,57.3,55.5,-19.1,7
FWALK_mfi14>=55_pb>=0.7_mup1_h2,band_walk,12.91,2,3245,48.99845916795069,1.775600987197668,-0.1501460318491077,4.154609092613825e+16,100.0,-50.0,91,2.84,2.04,12.1,59.3,66.8,-22.14,11
FSQ_mfi14>=45_brk1_mup1_h2_s0.08,squeeze_break,12.86,1,890,45.28089887640449,1.532592176133567,-0.7527352658685094,110113.8279930426,100.0,-34.57364341085272,90,4.48,1.89,15.6,55.6,89.47,-27.4,14
FMR_mfi13<20_pb<=0.25_none_none_h4_mid1_s0.1,mean_rev,12.82,1,814,57.49385749385749,1.8821139085237641,1.7236412853395278,37343.59060449641,100.0,-50.0,90,1.93,2.68,5.6,54.4,56.48,-24.47,5
FMR_mfi14<20_pb<=0.15_none_none_h4_mid0_s0.1,mean_rev,12.79,2,503,59.443339960238575,3.831462264746531,2.7833717102500044,21357086.121589594,99.33862433862434,-50.0,89,3.26,0.96,6.7,53.9,44.81,-15.96,6
FMR_mfi14<30_pb<=0.25_none_both_h3_mid0_s0.1,mean_rev,12.72,1,649,57.31895223420646,2.5152335674490462,1.7964066642415233,6546456.985126803,80.9123649459784,-50.0,90,3.98,1.51,7.8,60.0,73.86,-28.3,7
FMR_mfi13<25_pb<=0.25_none_none_h3_mid0_s0.07,mean_rev,12.72,2,1326,52.94117647058824,1.513306654862257,0.7865155167067206,144266.62390259918,100.0,-50.0,90,2.94,1.92,3.3,63.3,39.55,-26.05,3
FMR_mfi13<25_pb<=0.25_none_none_h3_mid0_s0.1,mean_rev,12.71,2,1318,53.566009104704094,1.6020931397247073,0.9315396305813906,230673.61223990834,100.0,-50.0,90,2.87,1.36,3.3,63.3,43.55,-20.34,3
FMR_mfi14<30_pb<=0.25_none_pb_up_h3_mid1_s0.07,mean_rev,12.7,2,884,57.126696832579185,2.1535711674859033,1.5472581403763952,27176204.332060575,100.0,-50.0,90,2.07,2.05,3.3,61.1,30.99,-22.83,3
FMR_mfi14<20_pb<=0.25_none_none_h4_mid0_s0.1,mean_rev,12.69,2,658,57.29483282674772,2.8839667974490157,2.4064982705626847,8384929.37748159,99.33862433862434,-50.0,90,1.74,1.85,1.1,60.0,26.25,-18.41,1
FMR_mfi6<30_pb<=0.25_squeeze_none_h2_mid0_s0.1,mean_rev,12.66,2,538,48.698884758364315,0.5445735457700117,-8.743685725454142e-06,17.446955185005166,65.39999211782248,-38.653366583541136,90,2.6,1.25,3.3,58.9,32.07,-13.73,3
FMR_mfi6<30_pb<=0.25_squeeze_none_h2_mid1_s0.1,mean_rev,12.66,2,538,48.698884758364315,0.5445735457700117,-8.743685725454142e-06,17.446955185005166,65.39999211782248,-38.653366583541136,90,2.6,1.25,3.3,58.9,32.07,-13.73,3
FMR_mfi14<25_pb<=0.25_none_none_h3_mid0_s0.07,mean_rev,12.66,1,1113,55.61545372866128,2.006116977154527,1.1627906976744207,9844182.652944056,100.0,-50.0,90,3.34,1.67,6.7,58.9,90.52,-25.16,6
FSQ_mfi6>=55_brk1_mup0_h2_s0.08,squeeze_break,12.65,1,982,45.5193482688391,1.343910530425974,-0.7527352658685094,50960.26864961143,100.0,-34.57364341085272,90,4.55,2.18,11.1,56.7,93.72,-32.43,10
FMR_mfi6<30_pb<=0.25_none_none_h3_mid0_s0.07,mean_rev,12.64,2,3079,52.15979214030529,1.1899875256721475,0.5730667918925958,176187.19732147647,100.0,-50.0,91,2.43,1.9,3.3,63.7,38.3,-23.08,3
FMR_mfi14<30_pb<=0.25_none_none_h4_mid1_s0.07,mean_rev,12.62,2,1621,57.310302282541635,2.0947862441149474,1.639345060568087,22000272756.28134,100.0,-50.0,91,2.83,1.45,5.5,60.4,86.01,-21.5,5
FMR_mfi6<20_pb<=0.25_none_none_h4_mid1_s0.07,mean_rev,12.61,2,2268,54.45326278659613,1.5169264792828292,1.081854679020744,15980883.728932388,100.0,-50.0,91,3.1,2.12,7.7,59.3,41.68,-28.18,7
FMR_mfi13<30_pb<=0.15_none_pb_up_h3_mid1_s0.1,mean_rev,12.6,1,543,58.195211786372006,2.9010704164905285,1.7192013495133107,10565800.792875636,80.9123649459784,-50.0,89,4.54,1.12,7.9,56.2,140.17,-26.8,7
FMR_mfi14<25_pb<=0.25_none_none_h3_mid1_s0.1,mean_rev,12.57,2,1103,57.75158658204895,1.6651723205683084,1.5503875968992276,470811.4847060909,100.0,-50.0,90,1.62,1.77,2.2,58.9,39.16,-17.1,2
FMR_mfi13<30_pb<=0.25_none_none_h4_mid0_s0.1,mean_rev,12.55,2,1781,56.14823133071308,2.8936025864545267,1.691734634925779,1978075588694054.0,100.0,-50.0,91,2.93,2.54,5.5,62.6,44.35,-34.0,5
FMR_mfi13<30_pb<=0.25_none_pb_up_h4_mid1_s0.1,mean_rev,12.52,2,980,59.795918367346935,2.484202432835717,1.7700207252568156,1545788492.2241247,100.0,-50.0,90,1.99,2.18,4.4,62.2,47.55,-26.18,4
FMR_mfi13<20_pb<=0.25_none_none_h2_mid1_s0.07,mean_rev,12.5,2,835,54.131736526946106,0.7942842285491414,0.819836565853227,-32.45364371836621,100.0,-50.0,90,2.18,2.31,3.3,60.0,37.04,-25.31,3
FMR_mfi13<20_pb<=0.25_none_none_h2_mid0_s0.07,mean_rev,12.5,2,835,54.131736526946106,0.7942842285491414,0.819836565853227,-32.45364371836621,100.0,-50.0,90,2.18,2.31,3.3,60.0,37.04,-25.31,3
FMR_mfi6<30_pb<=0.0_none_none_h2_mid1_s0.1,mean_rev,12.46,1,1183,50.63398140321217,0.5969970029089247,0.12820470173140475,-98.3870751414622,100.0,-50.0,91,4.14,1.43,8.8,56.0,203.08,-25.09,8
FMR_mfi13<20_pb<=0.25_none_none_h4_mid0_s0.1,mean_rev,12.46,2,814,55.4054054054054,2.2534491907745036,1.489974276079442,371854.02658837853,100.0,-50.0,90,1.33,2.21,2.2,60.0,22.28,-19.96,2
FMR_mfi6<30_pb<=0.0_none_none_h2_mid0_s0.1,mean_rev,12.46,1,1183,50.63398140321217,0.5969970029089247,0.12820470173140475,-98.3870751414622,100.0,-50.0,91,4.14,1.43,8.8,56.0,203.08,-25.09,8
FMR_mfi13<25_pb<=0.25_none_none_h2_mid1_s0.07,mean_rev,12.45,2,1361,52.828802351212346,0.658599153714461,0.7211538461538325,-54.2104341936118,100.0,-50.0,89,1.99,1.9,2.2,65.2,21.84,-22.42,2
FWALK_mfi14>=55_pb>=0.85_mup0_h2,band_walk,12.45,2,3201,48.98469228366136,1.8914141307879884,-0.16759776536312554,5.389834810246831e+17,100.0,-50.0,91,2.35,2.23,9.9,56.0,37.71,-21.74,9
FMR_mfi13<25_pb<=0.25_none_none_h2_mid0_s0.07,mean_rev,12.45,2,1361,52.828802351212346,0.658599153714461,0.7211538461538325,-54.2104341936118,100.0,-50.0,89,1.99,1.9,2.2,65.2,21.84,-22.42,2
FMR_mfi13<25_pb<=0.15_none_none_h3_mid1_s0.07,mean_rev,12.44,2,1032,54.65116279069767,1.3218561725847737,1.1093457456886835,3071.22201637732,84.1765391954588,-50.0,89,2.15,2.02,5.6,59.6,24.21,-22.56,5
FSQ_mfi14>=55_brk0_mup1_h2_s0.12,squeeze_break,12.44,1,1591,47.32872407291012,1.360473873893204,-0.437735131629724,2733281.3707187665,100.0,-50.0,90,5.05,0.95,11.1,51.1,89.47,-22.06,10
FMR_mfi13<20_pb<=0.25_none_none_h3_mid1_s0.1,mean_rev,12.43,2,819,56.166056166056165,1.3762245694893236,1.3398561858197544,1408.0902414795187,100.0,-50.0,89,2.28,1.95,3.4,55.1,45.72,-21.04,3
FMR_mfi14<30_pb<=0.0_none_none_h3_mid1_s0.1,mean_rev,12.43,2,528,57.00757575757576,1.6259717120978339,1.447622867664633,333.2295695489775,100.0,-50.0,89,2.8,0.77,2.2,57.3,91.78,-13.82,2
FMR_mfi13<30_pb<=0.15_none_pb_up_h3_mid0_s0.07,mean_rev,12.4,1,546,56.59340659340659,3.0693131141332306,1.50465046577537,15171139.028685741,81.3989239046887,-50.0,89,4.77,0.95,7.9,53.9,140.17,-25.72,7
FMR_mfi6<30_pb<=0.15_none_none_h2_mid1_s0.1,mean_rev,12.38,2,2641,50.473305566073456,0.6981150883996279,0.12820470173140475,-70.78493224741291,100.0,-50.0,91,1.91,2.54,2.2,57.1,38.07,-23.71,2
FMR_mfi6<30_pb<=0.15_none_none_h2_mid0_s0.1,mean_rev,12.38,2,2641,50.473305566073456,0.6981150883996279,0.12820470173140475,-70.78493224741291,100.0,-50.0,91,1.91,2.54,2.2,57.1,38.07,-23.71,2
FMR_mfi6<20_pb<=0.0_none_none_h3_mid1_s0.1,mean_rev,12.36,1,910,53.62637362637363,0.8571195466712935,0.7758809304851622,-95.83123737747668,73.94365848333987,-50.0,91,2.36,1.46,3.3,57.1,51.58,-16.94,3
FSQ_mfi14>=55_brk0_mup1_h3_s0.12,squeeze_break,12.28,1,1580,46.265822784810126,1.610429745383826,-0.6601758265917079,9477246.4288541,100.0,-50.0,90,4.43,1.46,16.7,55.6,57.14,-26.07,15
FMR_mfi6<30_pb<=0.15_none_none_h2_mid1_s0.07,mean_rev,12.24,2,2641,50.32184778492995,0.6594000640745848,0.08264462809917106,-86.68802913852649,100.0,-50.0,91,1.9,2.54,2.2,56.0,38.07,-23.71,2
FMR_mfi6<30_pb<=0.15_none_none_h2_mid0_s0.07,mean_rev,12.24,2,2641,50.32184778492995,0.6594000640745848,0.08264462809917106,-86.68802913852649,100.0,-50.0,91,1.9,2.54,2.2,56.0,38.07,-23.71,2
FMR_mfi6<30_pb<=0.25_none_none_h4_mid0_s0.1,mean_rev,12.21,1,2876,54.624478442280946,2.2729618666910554,1.0593327622037352,6.015994888588991e+16,100.0,-50.0,91,2.82,2.33,7.7,57.1,53.22,-29.59,7
FMR_mfi13<30_pb<=0.15_none_none_h3_mid0_s0.07,mean_rev,12.2,2,1420,55.21126760563381,2.1637911969365753,1.2854822670023802,391021557.2652987,100.0,-50.0,91,2.42,2.11,4.4,59.3,59.86,-26.34,4
FMR_mfi13<30_pb<=0.0_none_none_h3_mid1_s0.07,mean_rev,12.18,2,584,56.678082191780824,1.9100363815388783,1.3913816262217105,1481.2579049658434,100.0,-50.0,91,2.91,1.54,6.6,57.1,50.25,-23.18,6
FMR_mfi13<30_pb<=0.15_none_pb_up_h3_mid0_s0.1,mean_rev,12.18,1,543,57.0902394106814,3.149529682375332,1.6025609994344991,29928902.83582913,80.9123649459784,-50.0,89,3.87,1.32,4.5,55.1,140.17,-25.89,4
FSQ_mfi6>=50_brk0_mup0_h4_s0.12,squeeze_break,12.17,1,1917,46.37454355764215,1.8353751782504872,-0.7000968472423041,1840518841.8522422,100.0,-50.0,90,4.38,1.53,13.3,54.4,58.77,-26.49,12
FSQ_mfi14>=55_brk0_mup1_h2_s0.08,squeeze_break,12.15,1,1591,47.26587052168448,1.3276899281582264,-0.4378283712784592,1994861.064185133,100.0,-50.0,90,5.1,1.35,11.1,52.2,89.47,-28.35,10
FWALK_mfi14>=55_pb>=0.85_mup1_h2,band_walk,12.15,2,2769,48.790176959191044,1.8205774389395746,-0.180190036830985,485023694643413.25,100.0,-50.0,91,3.23,2.8,9.9,58.2,56.69,-35.23,9
FMR_mfi13<25_pb<=0.15_none_none_h3_mid1_s0.1,mean_rev,12.13,2,1024,55.17578125,1.419388624193379,1.2358362079834762,5050.275558583861,84.1765391954588,-50.0,89,2.51,0.94,3.4,56.2,39.17,-13.97,3
FSQ_mfi14>=55_brk0_mup0_h4_s0.12,squeeze_break,12.13,2,1785,45.88235294117647,1.7978143690049426,-0.78894749970434,228314850.66665736,100.0,-50.0,90,3.44,2.28,6.7,63.3,57.53,-32.8,6
FWALK_mfi14>=50_pb>=0.85_mup0_h2,band_walk,12.12,2,3302,49.12174439733495,1.8441525815114608,-0.1382190684872442,6.170119132781213e+17,100.0,-50.0,91,2.75,3.1,6.6,60.4,48.71,-36.77,6
FMR_mfi14<30_pb<=0.0_none_none_h3_mid1_s0.07,mean_rev,12.09,2,528,56.628787878787875,1.4780057794880477,1.339890770045693,117.23329062350247,100.0,-50.0,89,2.27,0.82,2.2,59.6,41.48,-13.82,2
FSQ_mfi14>=55_brk1_mup0_h2_s0.08,squeeze_break,12.09,1,945,45.60846560846561,1.4596819093259026,-0.7194467737019261,103234.88484618874,100.0,-34.57364341085272,90,4.91,1.29,11.1,55.6,98.67,-27.94,10
FMR_mfi13<30_pb<=0.0_none_none_h3_mid0_s0.1,mean_rev,12.07,1,584,57.705479452054796,2.338714873854832,1.9512672485198612,13910.855970937371,100.0,-50.0,91,5.49,0.56,7.7,51.6,203.08,-27.08,7
FSQ_mfi14>=45_brk0_mup1_h2_s0.08,squeeze_break,12.07,1,1726,47.50869061413673,1.3978173943553487,-0.37806501966529127,16004644.68450034,100.0,-50.0,90,5.5,0.35,15.6,51.1,98.67,-20.7,14
FMR_mfi6<25_pb<=0.0_none_none_h4_mid0_s0.1,mean_rev,12.04,1,1015,54.581280788177345,2.284053259108954,1.1675824175824134,1339897.6140829788,100.0,-50.0,91,4.38,0.97,7.7,53.8,203.08,-24.53,7
FMR_mfi6<30_pb<=0.15_none_none_h4_mid1_s0.07,mean_rev,12.02,1,2425,54.886597938144334,1.423294064028136,1.1111111111111072,1922390.2480473379,100.0,-50.0,91,4.5,1.38,12.1,52.7,107.19,-29.02,11
FSQ_mfi14>=45_brk1_mup0_h3_s0.12,squeeze_break,12.01,2,990,45.75757575757576,1.751451033798888,-0.8062053111677903,565517.4095079213,100.0,-34.57364341085272,90,2.91,1.26,8.9,55.6,49.26,-16.12,8
FMR_mfi6<30_pb<=0.25_squeeze_none_h2_mid1_s0.07,mean_rev,12.0,2,538,48.3271375464684,0.40945326806386395,-0.08769438210504688,-36.961854642894565,65.39999211782248,-38.653366583541136,90,2.3,1.25,3.3,57.8,32.07,-14.54,3
FMR_mfi6<30_pb<=0.25_squeeze_none_h2_mid0_s0.07,mean_rev,12.0,2,538,48.3271375464684,0.40945326806386395,-0.08769438210504688,-36.961854642894565,65.39999211782248,-38.653366583541136,90,2.3,1.25,3.3,57.8,32.07,-14.54,3
FMR_mfi13<25_pb<=0.25_none_none_h4_mid0_s0.07,mean_rev,11.97,2,1313,54.3031226199543,2.2023387542730264,1.0526315789473717,202322650.3345208,100.0,-50.0,89,2.35,2.03,4.5,60.7,42.9,-26.63,4
FMR_mfi6<25_pb<=0.0_none_none_h4_mid1_s0.07,mean_rev,11.96,2,1028,54.96108949416343,1.7611625494135488,1.2169456181955751,11859.341535422582,100.0,-50.0,91,2.65,1.58,5.5,63.7,47.17,-25.75,5
FSQ_mfi6>=45_brk1_mup0_h3_s0.12,squeeze_break,11.96,2,993,45.720040281973816,1.6154487707672027,-0.8108108108108136,202628.21247111371,100.0,-34.57364341085272,90,2.99,1.15,8.9,55.6,42.36,-15.74,8
FMR_mfi13<20_pb<=0.15_none_none_h2_mid1_s0.07,mean_rev,11.93,2,649,55.1617873651772,0.8098754028469086,1.0118056902795658,-48.86836815196578,52.02862392997885,-50.0,89,1.63,1.72,2.2,59.6,32.19,-19.17,2
FMR_mfi13<20_pb<=0.15_none_none_h2_mid0_s0.07,mean_rev,11.93,2,649,55.1617873651772,0.8098754028469086,1.0118056902795658,-48.86836815196578,52.02862392997885,-50.0,89,1.63,1.72,2.2,59.6,32.19,-19.17,2
FMR_mfi6<30_pb<=0.0_none_none_h3_mid1_s0.1,mean_rev,11.92,2,1152,54.166666666666664,0.8473089157234067,0.8333323150052196,-97.90432095242586,100.0,-50.0,91,2.25,1.24,3.3,59.3,88.0,-17.6,3
FMR_mfi13<30_pb<=0.0_none_none_h3_mid0_s0.07,mean_rev,11.91,2,584,57.36301369863014,2.2297410037778342,1.8739467005386756,8450.350436987817,100.0,-50.0,91,2.82,1.54,6.6,54.9,43.09,-23.18,6
FMR_mfi6<25_pb<=0.0_none_none_h3_mid1_s0.1,mean_rev,11.91,2,1042,54.702495201535505,1.2226605153667691,0.8917069288614687,6.852474223843497,100.0,-50.0,91,2.75,1.73,4.4,62.6,89.69,-27.42,4
FMR_mfi13<30_pb<=0.25_none_both_h3_mid1_s0.07,mean_rev,11.89,2,747,57.028112449799195,2.3575224899862732,1.377410468319562,12097939.056681389,81.3989239046887,-50.0,90,2.89,1.18,6.7,57.8,64.13,-21.4,6
FMR_mfi6<20_pb<=0.15_none_none_h2_mid0_s0.07,mean_rev,11.87,1,2011,49.72650422675286,0.5138384236080799,-1.1756095430470737e-06,-99.22323549300998,80.00000312825696,-50.0,91,3.12,2.05,11.0,60.4,47.92,-29.98,10
FMR_mfi6<20_pb<=0.15_none_none_h2_mid1_s0.07,mean_rev,11.87,1,2011,49.72650422675286,0.5138384236080799,-1.1756095430470737e-06,-99.22323549300998,80.00000312825696,-50.0,91,3.12,2.05,11.0,60.4,47.92,-29.98,10
FSQ_mfi14>=45_brk1_mup0_h3_s0.08,squeeze_break,11.86,2,990,45.35353535353535,1.7471129975327448,-0.8291339184644364,626490.7637321958,100.0,-34.57364341085272,90,3.17,0.99,10.0,56.7,49.26,-16.12,9
FMR_mfi14<20_pb<=0.25_none_none_h2_mid1_s0.1,mean_rev,11.84,2,672,55.952380952380956,0.9510703367258381,1.0289286717277357,227.29798807737103,57.0491668276303,-50.0,89,1.38,1.32,2.2,60.7,26.25,-15.03,2
FMR_mfi14<20_pb<=0.25_none_none_h2_mid0_s0.1,mean_rev,11.84,2,672,55.952380952380956,0.9510703367258381,1.0289286717277357,227.29798807737103,57.0491668276303,-50.0,89,1.38,1.32,2.2,60.7,26.25,-15.03,2
FMR_mfi6<30_pb<=0.25_none_none_h3_mid1_s0.1,mean_rev,11.79,1,3070,53.876221498371336,1.152328819955186,0.9149138491003184,247728.76459448776,100.0,-50.0,91,4.06,1.05,19.8,53.8,44.78,-24.35,18
FMR_mfi13<30_pb<=0.15_none_pb_up_h4_mid0_s0.1,mean_rev,11.77,1,539,57.69944341372912,3.712067708830692,2.011494252873569,207941211.42159858,82.85715320393561,-50.0,90,3.15,0.72,6.7,55.6,56.01,-18.12,6
FMR_mfi14<20_pb<=0.15_none_none_h4_mid0_s0.07,mean_rev,11.75,2,504,58.53174603174603,3.6214484363398665,2.433970706647992,9800419.440720426,99.33862433862434,-50.0,90,3.61,2.14,5.6,60.0,39.27,-37.73,5
FMR_mfi6<20_pb<=0.15_none_none_h2_mid0_s0.1,mean_rev,11.72,1,2010,49.900497512437816,0.5646627073441903,0.0,-98.125810166046,80.00000312825696,-50.0,91,2.78,2.12,8.8,61.5,47.92,-29.98,8
FMR_mfi6<20_pb<=0.15_none_none_h2_mid1_s0.1,mean_rev,11.72,1,2010,49.900497512437816,0.5646627073441903,0.0,-98.125810166046,80.00000312825696,-50.0,91,2.78,2.12,8.8,61.5,47.92,-29.98,8
FMR_mfi6<20_pb<=0.25_none_none_h3_mid0_s0.07,mean_rev,11.69,1,2300,51.82608695652174,1.2135978870437607,0.47121720075542495,25208.216007368002,100.0,-50.0,91,2.53,2.44,8.8,60.4,52.92,-32.08,8
FMR_mfi6<25_pb<=0.15_none_none_h3_mid1_s0.1,mean_rev,11.67,2,2168,54.10516605166051,1.2169007025576275,0.9149138491003184,8730.051967265685,100.0,-50.0,91,1.84,2.12,4.4,57.1,47.55,-24.06,4
FMR_mfi6<20_pb<=0.15_none_none_h3_mid0_s0.07,mean_rev,11.64,1,1908,52.14884696016772,1.1519922495262644,0.5443890994591083,716.5546023562288,84.1765391954588,-50.0,91,3.39,1.17,8.8,54.9,79.54,-22.13,8
FWALK_mfi14>=60_pb>=0.7_mup1_h4,band_walk,11.63,2,2737,45.99926927292656,2.4171432290133357,-0.8830022075055233,1.2034161346787048e+17,100.0,-50.0,91,3.24,1.08,7.7,56.0,40.34,-18.51,7
FWALK_mfi6>=50_pb>=0.85_mup0_h4,band_walk,11.63,1,3012,46.679946879150066,2.603588931186477,-0.7423437583772619,3.0165515028586923e+21,100.0,-50.0,91,4.62,0.92,13.2,54.9,108.32,-24.91,12
FMR_mfi14<25_pb<=0.25_none_none_h4_mid1_s0.07,mean_rev,11.56,2,1101,57.67484105358764,2.095585061308938,1.6100198795491183,21498082.72572077,100.0,-50.0,90,1.65,1.52,4.4,57.8,26.52,-19.27,4
FMR_mfi14<25_pb<=0.0_none_none_h2_mid0_s0.07,mean_rev,11.56,1,331,54.0785498489426,0.42424087927195336,0.7228924140199267,-95.30477349729289,100.0,-50.0,89,3.46,0.19,4.5,52.8,97.84,-12.9,4
FMR_mfi14<25_pb<=0.0_none_none_h2_mid1_s0.07,mean_rev,11.56,1,331,54.0785498489426,0.42424087927195336,0.7228924140199267,-95.30477349729289,100.0,-50.0,89,3.46,0.19,4.5,52.8,97.84,-12.9,4
FWALK_mfi14>=55_pb>=0.8_mup1_h2,band_walk,11.54,2,2981,49.178128144917814,1.822378137143495,-0.13642564802183177,7507617893031417.0,100.0,-50.0,91,3.45,1.22,8.8,53.8,59.82,-21.79,8
FSQ_mfi14>=45_brk1_mup1_h2_s0.12,squeeze_break,11.53,1,890,45.50561797752809,1.605942467306399,-0.7307809007656207,173561.55480471722,100.0,-34.57364341085272,90,3.98,1.63,14.4,53.3,89.47,-27.4,13
FMR_mfi13<25_pb<=0.15_none_none_h4_mid0_s0.1,mean_rev,11.52,2,1009,55.10406342913776,2.4499723768902055,1.392108832141048,17381044.5727892,99.33862433862434,-50.0,90,2.36,0.83,5.6,55.6,43.12,-14.7,5
FSQ_mfi14>=50_brk0_mup1_h2_s0.12,squeeze_break,11.52,2,1676,47.55369928400955,1.38745882857593,-0.37806501966529127,7785689.272852025,100.0,-50.0,90,4.0,0.76,12.2,54.4,57.62,-20.23,11
FMR_mfi6<30_pb<=0.0_none_none_h4_mid1_s0.07,mean_rev,11.5,2,1136,55.017605633802816,1.6314734800115112,1.1640607367929934,8227.845321389765,100.0,-50.0,91,2.71,1.71,7.7,64.8,37.08,-30.27,7
FMR_mfi6<30_pb<=0.25_bw40_none_h4_mid1_s0.1,mean_rev,11.46,2,1336,55.38922155688623,1.2694350615793177,1.1210166166118474,99342.98380876124,100.0,-50.0,89,1.67,1.93,4.5,59.6,34.1,-23.99,4
FSQ_mfi14>=50_brk0_mup1_h4_s0.08,squeeze_break,11.46,1,1643,45.830797321972,1.9315149181939284,-0.8686313043748672,570620716.5871999,100.0,-50.0,90,3.52,1.29,8.9,53.3,57.14,-21.68,8
FSQ_mfi14>=55_brk1_mup1_h3_s0.12,squeeze_break,11.45,2,847,45.10035419126328,1.8581116278876537,-0.8695652173912993,236185.62457104685,100.0,-34.57364341085272,90,2.41,1.69,6.7,56.7,37.82,-20.51,6
FMR_mfi14<30_pb<=0.25_none_pb_up_h4_mid1_s0.1,mean_rev,11.45,2,869,59.26352128883774,2.2770116628836172,1.886801456739362,42129732.18342185,100.0,-50.0,90,1.59,1.66,3.3,62.2,43.18,-23.71,3
FMR_mfi14<20_pb<=0.15_none_none_h3_mid1_s0.07,mean_rev,11.42,2,506,60.67193675889329,2.3803450041327308,1.9594140262110704,81682.27286167059,84.1765391954588,-50.0,90,1.99,1.24,4.4,58.9,37.06,-20.96,4
FMR_mfi6<30_pb<=0.25_none_none_h4_mid0_s0.07,mean_rev,11.42,2,2940,53.63945578231293,2.057197873434596,0.9034483106946767,533650555721119.1,100.0,-50.0,91,2.93,1.54,5.5,57.1,58.26,-25.91,5
FMR_mfi13<30_pb<=0.25_none_pb_up_h3_mid1_s0.07,mean_rev,11.41,2,998,56.813627254509015,2.2763445979515144,1.4071309582142533,460060764.0531141,100.0,-50.0,90,2.27,1.32,4.4,55.6,82.77,-20.31,4
FMR_mfi6<25_pb<=0.25_none_none_h3_mid0_s0.07,mean_rev,11.4,2,2658,51.88111361926261,1.2343212442651736,0.5215410592131708,153156.87919385938,100.0,-50.0,91,2.07,1.2,4.4,58.2,29.28,-17.25,4
FMR_mfi6<25_pb<=0.0_none_none_h2_mid1_s0.1,mean_rev,11.38,1,1071,50.326797385620914,0.7256332541682652,8.97196203997197e-06,-92.54986906711069,100.0,-50.0,91,4.38,0.89,6.6,58.2,203.08,-27.5,6
FMR_mfi6<25_pb<=0.0_none_none_h2_mid0_s0.1,mean_rev,11.38,1,1071,50.326797385620914,0.7256332541682652,8.97196203997197e-06,-92.54986906711069,100.0,-50.0,91,4.38,0.89,6.6,58.2,203.08,-27.5,6
FMR_mfi13<25_pb<=0.15_none_none_h2_mid1_s0.1,mean_rev,11.36,2,1050,54.095238095238095,0.7486155664166841,1.0092560067605283,-52.619352167782615,55.04762970081234,-50.0,89,1.33,1.33,2.2,60.7,25.21,-16.46,2
FMR_mfi13<25_pb<=0.15_none_none_h2_mid0_s0.1,mean_rev,11.36,2,1050,54.095238095238095,0.7486155664166841,1.0092560067605283,-52.619352167782615,55.04762970081234,-50.0,89,1.33,1.33,2.2,60.7,25.21,-16.46,2
FMR_mfi13<30_pb<=0.15_none_none_h3_mid1_s0.07,mean_rev,11.35,2,1422,55.48523206751055,1.8462112473107073,1.2745825956633094,12084837.950336616,100.0,-50.0,91,2.26,1.78,2.2,61.5,28.88,-27.56,2
FMR_mfi6<30_pb<=0.0_none_none_h2_mid1_s0.07,mean_rev,11.35,2,1183,50.46491969568893,0.5342385488949031,0.09697237289574279,-99.16125793267834,100.0,-50.0,91,2.46,1.29,3.3,53.8,42.48,-18.0,3
FMR_mfi6<25_pb<=0.15_none_none_h3_mid0_s0.07,mean_rev,11.35,2,2170,52.25806451612903,1.2325908410975106,0.5748813459406699,5365.1949189729285,100.0,-50.0,91,3.48,0.58,9.9,52.7,52.68,-17.16,9
FMR_mfi6<30_pb<=0.0_none_none_h2_mid0_s0.07,mean_rev,11.35,2,1183,50.46491969568893,0.5342385488949031,0.09697237289574279,-99.16125793267834,100.0,-50.0,91,2.46,1.29,3.3,53.8,42.48,-18.0,3
FMR_mfi13<30_pb<=0.0_none_none_h4_mid0_s0.07,mean_rev,11.34,2,576,56.94444444444444,2.955337068762863,1.9091438971415076,239270.15104499442,100.0,-50.0,91,2.43,1.05,4.4,56.0,42.85,-19.18,4
FMR_mfi6<20_pb<=0.25_none_none_h4_mid0_s0.07,mean_rev,11.33,1,2232,52.41935483870967,1.9368949407652836,0.6901336093251387,12924256174.22047,100.0,-50.0,91,2.3,1.53,6.6,51.6,57.41,-19.21,6
FMR_mfi14<20_pb<=0.15_none_none_h4_mid1_s0.1,mean_rev,11.32,2,504,62.5,3.005521354421362,2.4229160609805844,856742.3951004719,99.33862433862434,-50.0,89,2.03,0.55,3.4,58.4,55.92,-15.26,3
FMR_mfi6<30_pb<=0.15_none_none_h3_mid0_s0.1,mean_rev,11.29,2,2445,53.0879345603272,1.2351811759182465,0.7518790775965511,6329.915291041612,100.0,-50.0,91,2.32,1.39,5.5,61.5,34.14,-23.35,5
FMR_mfi13<30_pb<=0.15_none_none_h3_mid0_s0.1,mean_rev,11.28,2,1411,55.98866052445074,2.3063647467517283,1.390654420302373,1591080278.798214,100.0,-50.0,91,1.78,1.54,4.4,60.4,36.67,-22.29,4
FMR_mfi13<25_pb<=0.15_none_none_h4_mid1_s0.07,mean_rev,11.25,1,1023,56.89149560117303,1.7490181745865692,1.5290555920126847,101950.90008491247,99.33862433862434,-50.0,89,2.83,1.31,4.5,56.2,76.89,-24.71,4
FMR_mfi13<20_pb<=0.25_none_none_h2_mid0_s0.1,mean_rev,11.23,1,834,54.31654676258992,0.8434230232188853,0.8273364275375172,-8.76337034302952,100.0,-50.0,90,2.1,1.98,7.8,56.7,54.1,-26.33,7
FMR_mfi6<25_pb<=0.25_none_none_h4_mid0_s0.07,mean_rev,11.23,2,2555,52.602739726027394,1.9444552690039383,0.7057505551747223,271214736140.87872,100.0,-50.0,91,2.65,1.25,8.8,57.1,43.32,-21.85,8
FMR_mfi13<20_pb<=0.15_none_none_h3_mid0_s0.1,mean_rev,11.23,2,641,56.31825273010921,1.4349440872686408,1.284795923273574,623.5502656701361,84.1765391954588,-50.0,89,1.7,1.26,2.2,53.9,33.16,-16.12,2
FMR_mfi13<20_pb<=0.25_none_none_h2_mid1_s0.1,mean_rev,11.23,1,834,54.31654676258992,0.8434230232188853,0.8273364275375172,-8.76337034302952,100.0,-50.0,90,2.1,1.98,7.8,56.7,54.1,-26.33,7
FMR_mfi6<20_pb<=0.25_squeeze_none_h3_mid1_s0.07,mean_rev,11.23,1,306,50.0,-0.24479412505684,0.05265929436545358,-98.26249907159374,72.84974684373167,-50.0,90,2.53,1.87,6.7,58.9,34.76,-27.2,6
FMR_mfi13<30_pb<=0.25_bw40_none_h4_mid1_s0.07,mean_rev,11.22,1,483,55.072463768115945,1.6205798960590772,1.076716016150736,6703.801795696485,100.0,-50.0,89,3.03,1.05,6.7,57.3,43.86,-23.27,6
FMR_mfi13<30_pb<=0.25_none_pb_up_h3_mid1_s0.1,mean_rev,11.21,2,992,57.45967741935484,2.321050365816981,1.4843349358255598,748813110.9250871,100.0,-50.0,90,2.1,1.05,3.3,56.7,69.75,-18.37,3
FSQ_mfi14>=50_brk1_mup0_h3_s0.12,squeeze_break,11.19,2,975,45.74358974358974,1.6788266530119536,-0.8474570261180592,257236.73991189973,100.0,-34.57364341085272,90,3.81,0.75,13.3,53.3,49.26,-19.34,12
FMR_mfi13<20_pb<=0.25_none_none_h3_mid1_s0.07,mean_rev,11.19,1,823,55.52855407047388,1.3502605427805432,1.115247436943223,1539.3410915237444,100.0,-50.0,89,2.26,1.64,6.7,53.9,36.08,-23.16,6
FMR_mfi14<30_pb<=0.25_none_both_h3_mid1_s0.1,mean_rev,11.17,1,649,58.089368258859785,2.1467077809502992,1.6417878897541094,870510.6050575844,80.9123649459784,-50.0,90,2.41,1.59,6.7,61.1,52.38,-28.3,6
FMR_mfi14<30_pb<=0.25_none_none_h3_mid0_s0.07,mean_rev,11.16,1,1641,55.636806825106646,2.209320312968177,1.392108832141048,219599222890.81894,100.0,-50.0,90,2.68,2.03,6.7,58.9,44.28,-32.29,6
FMR_mfi14<30_pb<=0.25_none_none_h4_mid1_s0.1,mean_rev,11.14,2,1594,58.34378920953576,2.3290531344723813,1.8731725146198808,369947124238.5156,100.0,-50.0,91,2.09,1.49,5.5,56.0,63.5,-23.1,5
FMR_mfi13<20_pb<=0.15_none_none_h3_mid1_s0.07,mean_rev,11.14,1,645,56.74418604651162,1.334519690600918,1.3398561858197544,447.17716618052145,84.1765391954588,-50.0,89,2.54,1.21,3.4,60.7,47.26,-24.71,3
FMR_mfi13<30_pb<=0.25_none_both_h3_mid1_s0.1,mean_rev,11.11,2,742,57.68194070080862,2.31828460822179,1.4527957727349383,9784039.607088856,80.9123649459784,-50.0,90,2.31,1.0,4.4,60.0,63.82,-21.36,4
FMR_mfi13<25_pb<=0.0_none_none_h3_mid0_s0.1,mean_rev,11.1,2,402,55.72139303482587,1.1220957596023546,1.3377251717879735,-78.24050411222284,61.81383360867483,-50.0,89,2.35,1.2,2.2,56.2,32.89,-20.98,2
FSQ_mfi14>=50_brk0_mup1_h3_s0.08,squeeze_break,11.09,2,1663,46.42212868310283,1.7780338258380897,-0.6651917600455692,230509880.24893546,100.0,-50.0,90,2.95,1.52,6.7,55.6,27.08,-23.81,6
FMR_mfi6<25_pb<=0.0_none_none_h3_mid0_s0.07,mean_rev,11.08,2,1038,53.371868978805395,1.0486725276967235,0.7720489041905476,-84.4632888454795,100.0,-50.0,91,2.06,1.42,3.3,58.2,42.62,-21.63,3
FMR_mfi13<30_pb<=0.25_none_pb_up_h4_mid1_s0.07,mean_rev,11.06,2,991,58.82946518668012,2.4758725549899276,1.6666666666666607,1888301048.133782,100.0,-50.0,90,2.1,1.25,3.3,57.8,63.12,-22.21,3
FSQ_mfi14>=45_brk0_mup0_h2_s0.08,squeeze_break,11.06,1,1982,48.28456104944501,1.340945564195731,-0.29239825055693003,57977911.8762339,100.0,-50.0,90,4.04,1.04,14.4,53.3,99.67,-25.3,13
FMR_mfi6<25_pb<=0.0_none_none_h4_mid0_s0.07,mean_rev,11.05,1,1019,53.385672227674185,1.9728037520948691,1.0600660528778283,63026.5367751264,100.0,-50.0,91,3.04,1.18,5.5,56.0,94.76,-24.16,5
FMR_mfi14<30_pb<=0.25_none_pb_up_h4_mid0_s0.1,mean_rev,11.01,2,869,55.46605293440736,2.552342560928488,1.3792890308324424,167404151.63708252,100.0,-50.0,91,2.46,1.2,4.4,56.0,37.27,-21.9,4
FMR_mfi13<30_pb<=0.0_none_none_h4_mid0_s0.1,mean_rev,11.01,2,576,57.291666666666664,3.1424080594895294,2.3070408634600414,633461.2366994454,100.0,-50.0,91,2.81,1.08,4.4,57.1,71.73,-24.07,4
FMR_mfi13<30_pb<=0.25_none_none_h3_mid0_s0.1,mean_rev,10.98,2,1831,54.99726925177498,2.1907489272754908,1.115247436943223,190774577786.899,100.0,-50.0,91,2.17,1.88,8.8,61.5,31.4,-29.66,8
FMR_mfi13<30_pb<=0.25_none_pb_up_h2_mid0_s0.07,mean_rev,10.96,1,1010,53.960396039603964,1.4033720282885167,0.777994601330434,325716.86401499313,100.0,-50.0,90,2.73,0.86,4.4,57.8,83.56,-20.67,4
FMR_mfi13<30_pb<=0.25_none_pb_up_h2_mid1_s0.07,mean_rev,10.96,1,1010,53.960396039603964,1.4033720282885167,0.777994601330434,325716.86401499313,100.0,-50.0,90,2.73,0.86,4.4,57.8,83.56,-20.67,4
FMR_mfi13<30_pb<=0.15_none_pb_up_h4_mid1_s0.1,mean_rev,10.95,1,539,61.4100185528757,3.246751355850055,2.2857125184889915,40685201.960882045,80.9123649459784,-50.0,90,4.25,0.36,5.6,53.3,140.17,-25.57,5
FMR_mfi13<30_pb<=0.25_none_both_h4_mid1_s0.07,mean_rev,10.95,2,746,59.383378016085786,2.5843302196651856,1.754233715531528,45953536.27550159,81.3989239046887,-50.0,90,2.52,1.54,4.4,63.3,64.13,-31.19,4
FSQ_mfi14>=50_brk0_mup1_h3_s0.12,squeeze_break,10.93,2,1663,46.48226097414312,1.7567708785129132,-0.6589857122929033,138625746.79048982,100.0,-50.0,90,2.94,1.42,6.7,56.7,27.08,-24.14,6
FMR_mfi6<30_pb<=0.0_none_none_h3_mid1_s0.07,mean_rev,10.92,1,1153,53.59930615784909,0.7153296269624578,0.7735517442388096,-99.4647206019649,100.0,-50.0,91,3.57,1.24,8.8,57.1,51.58,-29.22,8
FMR_mfi6<20_pb<=0.25_squeeze_none_h3_mid1_s0.1,mean_rev,10.92,1,306,51.307189542483655,-0.04802154524372687,0.34874336496986125,-97.49109689815786,72.84974684373167,-50.0,90,2.53,2.35,6.7,60.0,34.76,-34.62,6
FMR_mfi13<25_pb<=0.25_none_none_h4_mid1_s0.1,mean_rev,10.92,2,1298,56.779661016949156,1.9003454018229364,1.5842028875101,7034644.432442241,100.0,-50.0,89,2.92,0.91,9.0,51.7,37.3,-20.56,8
FWALK_mfi14>=50_pb>=0.8_mup1_h4,band_walk,10.91,2,2802,46.43112062812277,2.6173855679413074,-0.7557425898590875,5.055022677045779e+19,100.0,-50.0,91,3.04,2.64,6.6,59.3,57.22,-38.33,6
FWALK_mfi14>=60_pb>=0.85_mup0_h4,band_walk,10.89,2,2721,46.78427048879089,2.785030176140324,-0.7473834622040654,5.3353936855797216e+20,100.0,-50.0,91,3.36,0.58,7.7,51.6,72.67,-16.04,7
FWALK_mfi6>=60_pb>=0.7_mup0_h2,band_walk,10.87,2,3899,49.34598615029495,1.7388765577373855,-0.10000482055588789,3.429346355236667e+19,100.0,-50.0,91,2.89,2.36,9.9,56.0,62.06,-34.34,9
FSQ_mfi14>=50_brk1_mup1_h2_s0.08,squeeze_break,10.86,1,876,45.31963470319635,1.506199944305168,-0.7729140586831162,79580.2647861712,100.0,-34.57364341085272,90,4.89,0.01,13.3,50.0,93.72,-18.25,12
FMR_mfi14<30_pb<=0.25_none_both_h4_mid1_s0.07,mean_rev,10.85,2,653,59.724349157733535,2.4971370990266433,2.0000000000000018,5290443.370090836,81.3989239046887,-50.0,90,2.34,1.7,4.4,62.2,57.16,-31.77,4
FMR_mfi6<30_pb<=0.25_none_none_h2_mid0_s0.1,mean_rev,10.84,2,3345,50.762331838565025,0.8731002884306082,0.17544285405857174,149679.85516136498,100.0,-48.964671549745134,91,1.98,1.38,5.5,58.2,34.47,-20.9,5
FMR_mfi6<30_pb<=0.25_none_none_h2_mid1_s0.1,mean_rev,10.84,2,3345,50.762331838565025,0.8731002884306082,0.17544285405857174,149679.85516136498,100.0,-48.964671549745134,91,1.98,1.38,5.5,58.2,34.47,-20.9,5
FMR_mfi13<25_pb<=0.0_none_none_h2_mid0_s0.07,mean_rev,10.81,1,406,52.95566502463054,0.21306265274387481,0.5611993031168772,-98.37657564700277,52.02862392997885,-50.0,89,2.59,1.53,4.5,57.3,23.3,-26.63,4
FMR_mfi13<25_pb<=0.0_none_none_h2_mid1_s0.07,mean_rev,10.81,1,406,52.95566502463054,0.21306265274387481,0.5611993031168772,-98.37657564700277,52.02862392997885,-50.0,89,2.59,1.53,4.5,57.3,23.3,-26.63,4
FSQ_mfi14>=45_brk0_mup1_h4_s0.12,squeeze_break,10.8,1,1691,46.48137196924896,1.975392797071528,-0.6677916321144894,1400940137.7358475,100.0,-50.0,90,2.84,0.83,6.7,51.1,57.14,-15.49,6
FMR_mfi13<30_pb<=0.25_none_both_h3_mid0_s0.1,mean_rev,10.79,2,742,56.334231805929925,2.7680506794197113,1.446057774765197,129483279.62774807,100.0,-50.0,90,2.68,0.95,4.4,54.4,63.63,-21.36,4
FMR_mfi13<30_pb<=0.25_bw40_none_h4_mid1_s0.1,mean_rev,10.75,1,483,56.31469979296067,1.6484865161311808,1.284795923273574,7044.6177734945095,100.0,-50.0,89,2.41,0.89,5.6,53.9,43.86,-19.1,5
FMR_mfi13<30_pb<=0.25_bw40_none_h4_mid0_s0.07,mean_rev,10.74,2,481,54.88565488565489,2.3480710470470165,1.3636318292203242,105650.25879787019,100.0,-50.0,89,2.07,0.7,4.5,59.6,21.77,-17.45,4
FMR_mfi13<30_pb<=0.25_bw40_none_h4_mid0_s0.1,mean_rev,10.72,2,481,55.92515592515592,2.3502373023829075,1.5151572639801048,96839.26535415358,100.0,-50.0,89,1.92,0.7,4.5,56.2,21.77,-15.37,4
FMR_mfi6<20_pb<=0.15_none_none_h4_mid0_s0.07,mean_rev,10.71,1,1864,52.14592274678112,1.8642300682748056,0.6506625186063264,45072284.14238815,99.33862433862434,-50.0,91,2.61,2.36,5.5,60.4,52.56,-36.78,5
FMR_mfi13<30_pb<=0.25_none_both_h3_mid0_s0.07,mean_rev,10.71,2,747,55.68942436412316,2.795979984550731,1.3072016570977674,148874953.54586694,100.0,-50.0,90,2.77,0.77,6.7,55.6,63.94,-20.87,6
FMR_mfi6<30_pb<=0.0_bw40_none_h4_mid1_s0.1,mean_rev,10.7,2,461,55.53145336225597,1.5648188215336214,1.342281879194629,5558.824125200696,100.0,-40.84507035263212,89,1.41,1.48,2.2,59.6,21.76,-21.76,2
FMR_mfi13<30_pb<=0.15_none_none_h3_mid1_s0.1,mean_rev,10.7,1,1413,56.33404104741684,1.9998002965134782,1.373299007968276,59591467.27999149,100.0,-50.0,91,3.66,0.79,5.5,52.7,203.08,-25.24,5
FMR_mfi6<25_pb<=0.0_bw40_none_h4_mid1_s0.1,mean_rev,10.67,2,394,55.32994923857868,1.4909495755662832,1.319158413124788,2713.360602937817,100.0,-35.61643942105713,89,1.06,1.5,1.1,56.2,20.76,-18.23,1
FSQ_mfi6>=50_brk1_mup0_h3_s0.12,squeeze_break,10.64,2,989,45.80384226491405,1.5641507136356931,-0.8015998115247669,126124.94049392533,100.0,-34.57364341085272,90,3.65,1.21,14.4,54.4,55.33,-26.34,13
FMR_mfi6<25_pb<=0.0_none_none_h2_mid1_s0.07,mean_rev,10.61,2,1071,50.14005602240896,0.656311824571078,1.6538320268821849e-06,-96.12583426475709,100.0,-50.0,91,2.03,1.51,1.1,58.2,42.48,-23.37,1
FMR_mfi6<25_pb<=0.0_none_none_h2_mid0_s0.07,mean_rev,10.61,2,1071,50.14005602240896,0.656311824571078,1.6538320268821849e-06,-96.12583426475709,100.0,-50.0,91,2.03,1.51,1.1,58.2,42.48,-23.37,1
FSQ_mfi6>=50_brk0_mup0_h3_s0.08,squeeze_break,10.58,1,1942,46.44696189495365,1.6883423190860016,-0.5939124375435256,1232639038.8212574,100.0,-50.0,90,2.99,1.44,7.8,54.4,63.48,-25.22,7
FMR_mfi14<20_pb<=0.25_none_none_h4_mid0_s0.07,mean_rev,10.57,2,660,56.515151515151516,2.859682482170454,2.0286343033374843,8774897.844525076,99.33862433862434,-50.0,90,1.69,1.64,2.2,53.3,26.25,-22.95,2
FSQ_mfi6>=55_brk0_mup0_h3_s0.12,squeeze_break,10.54,1,1901,46.81746449237244,1.7132680493157846,-0.5535078647744274,926594559.4330771,100.0,-50.0,90,3.32,1.8,10.0,55.6,57.14,-31.74,9
FMR_mfi14<20_pb<=0.15_none_none_h4_mid1_s0.07,mean_rev,10.53,2,505,61.18811881188119,2.760051069293814,2.1660688922024773,324677.6928299036,99.33862433862434,-50.0,90,2.89,1.59,5.6,61.1,54.21,-35.62,5
FMR_mfi6<25_pb<=0.15_none_none_h2_mid1_s0.07,mean_rev,10.48,1,2304,49.91319444444444,0.6240176157044054,0.0,-94.17968885924736,100.0,-50.0,91,2.12,1.72,8.8,54.9,50.06,-24.93,8
FMR_mfi6<25_pb<=0.15_none_none_h2_mid0_s0.07,mean_rev,10.48,1,2304,49.91319444444444,0.6240176157044054,0.0,-94.17968885924736,100.0,-50.0,91,2.12,1.72,8.8,54.9,50.06,-24.93,8
FSQ_mfi6>=55_brk1_mup0_h2_s0.12,squeeze_break,10.48,1,982,45.723014256619145,1.4073460816836683,-0.7527352658685094,77950.54461118585,100.0,-34.57364341085272,90,3.91,1.53,10.0,55.6,93.72,-32.43,9
FMR_mfi6<30_pb<=0.0_none_none_h3_mid0_s0.1,mean_rev,10.46,2,1147,53.879686137750646,0.8832401224701694,0.819667737575136,-97.74962289745727,100.0,-50.0,91,2.29,0.95,4.4,57.1,91.78,-21.03,4
FMR_mfi13<30_pb<=0.25_none_pb_up_h2_mid1_s0.1,mean_rev,10.44,1,1008,53.96825396825397,1.4164626758830143,0.777994601330434,406506.403243161,100.0,-50.0,90,2.79,0.94,4.4,56.7,118.18,-23.88,4
FMR_mfi13<30_pb<=0.25_none_pb_up_h2_mid0_s0.1,mean_rev,10.44,1,1008,53.96825396825397,1.4164626758830143,0.777994601330434,406506.403243161,100.0,-50.0,90,2.79,0.94,4.4,56.7,118.18,-23.88,4
FMR_mfi6<20_pb<=0.25_bw40_none_h2_mid1_s0.07,mean_rev,10.43,2,913,48.63088718510406,0.5342749082394361,-0.32787693157873,82.80944277952872,66.79999557029998,-34.98292711270018,89,1.8,1.11,3.4,57.3,27.43,-17.85,3
FMR_mfi6<25_pb<=0.25_none_none_h4_mid0_s0.1,mean_rev,10.43,2,2510,53.54581673306773,2.14340456487299,0.9124121038936117,14354352984010.592,100.0,-50.0,91,2.18,1.22,8.8,62.6,37.88,-25.86,8
FMR_mfi6<20_pb<=0.25_bw40_none_h2_mid0_s0.07,mean_rev,10.43,2,913,48.63088718510406,0.5342749082394361,-0.32787693157873,82.80944277952872,66.79999557029998,-34.98292711270018,89,1.8,1.11,3.4,57.3,27.43,-17.85,3
FMR_mfi6<20_pb<=0.25_bw40_none_h2_mid1_s0.1,mean_rev,10.42,2,913,48.74041621029573,0.5330417082878652,-0.327332242225864,79.09486387040981,66.79999557029998,-34.98292711270018,89,1.78,1.11,3.4,57.3,27.43,-17.85,3
FMR_mfi6<20_pb<=0.25_bw40_none_h2_mid0_s0.1,mean_rev,10.42,2,913,48.74041621029573,0.5330417082878652,-0.327332242225864,79.09486387040981,66.79999557029998,-34.98292711270018,89,1.78,1.11,3.4,57.3,27.43,-17.85,3
FSQ_mfi14>=45_brk1_mup0_h4_s0.12,squeeze_break,10.36,2,983,44.354018311291966,2.059914655251112,-1.1345364706204286,2483679.4042888554,100.0,-42.49999643098701,90,2.9,0.93,8.9,55.6,39.76,-20.44,8
FMR_mfi13<25_pb<=0.0_none_none_h3_mid0_s0.07,mean_rev,10.35,2,402,55.223880597014926,0.9371661117139272,1.2358362079834762,-88.59321291289662,61.81383360867483,-50.0,89,1.96,1.08,1.1,56.2,21.01,-20.98,1
FMR_mfi14<25_pb<=0.0_none_none_h2_mid0_s0.1,mean_rev,10.34,1,331,54.0785498489426,0.3949589829205706,0.7228924140199267,-95.80275206576182,100.0,-50.0,89,3.35,0.19,4.5,52.8,97.84,-18.31,4
FMR_mfi14<25_pb<=0.0_none_none_h2_mid1_s0.1,mean_rev,10.34,1,331,54.0785498489426,0.3949589829205706,0.7228924140199267,-95.80275206576182,100.0,-50.0,89,3.35,0.19,4.5,52.8,97.84,-18.31,4
FMR_mfi14<20_pb<=0.25_none_none_h3_mid0_s0.07,mean_rev,10.31,2,661,56.12708018154312,2.022079405556124,1.421797113572798,113092.55045212436,84.1765391954588,-50.0,90,1.83,0.84,2.2,51.1,30.88,-15.85,2
FMR_mfi14<30_pb<=0.15_none_pb_up_h4_mid1_s0.1,mean_rev,10.3,1,482,60.99585062240664,3.1194118847240695,2.2526057344645523,6326538.589159241,80.9123649459784,-50.0,90,3.1,0.06,4.4,50.0,87.14,-17.11,4
FWALK_mfi14>=55_pb>=0.7_mup0_h2,band_walk,10.29,2,3912,49.5398773006135,1.866008148970851,-0.0594183361037004,2.6879975489266207e+21,100.0,-50.0,91,1.75,2.09,6.6,60.4,34.5,-29.98,6
FMR_mfi14<25_pb<=0.0_none_none_h4_mid1_s0.07,mean_rev,10.27,2,328,56.40243902439024,1.4437258582571504,1.5409485800186196,-48.58840381778378,100.0,-50.0,89,2.31,0.13,2.2,50.6,51.3,-11.65,2
FSQ_mfi14>=50_brk0_mup1_h2_s0.08,squeeze_break,10.27,2,1676,47.49403341288782,1.3563375531198743,-0.3895633366806983,5682365.9082262525,100.0,-50.0,90,3.69,0.38,11.1,53.3,57.62,-20.23,10
FMR_mfi6<30_pb<=0.25_bw40_none_h4_mid0_s0.1,mean_rev,10.26,1,1304,53.220858895705526,1.5596700165647153,0.694435872485144,675320.7918874305,100.0,-50.0,89,4.21,0.69,10.1,51.7,87.9,-28.01,9
FSQ_mfi14>=45_brk1_mup0_h4_s0.08,squeeze_break,10.26,2,983,44.04883011190234,2.106128161141283,-1.1655033573440776,5690093.7718588235,100.0,-34.57364341085272,90,2.47,0.91,10.0,54.4,39.76,-17.44,9
FMR_mfi13<30_pb<=0.0_none_none_h2_mid0_s0.1,mean_rev,10.25,1,594,53.03030303030303,1.1369767622681117,0.5611993031168772,-31.65031886614691,100.0,-50.0,91,3.8,0.19,4.4,52.7,203.08,-21.0,4
FMR_mfi13<30_pb<=0.0_none_none_h2_mid1_s0.1,mean_rev,10.25,1,594,53.03030303030303,1.1369767622681117,0.5611993031168772,-31.65031886614691,100.0,-50.0,91,3.8,0.19,4.4,52.7,203.08,-21.0,4
FMR_mfi13<25_pb<=0.0_none_none_h2_mid0_s0.1,mean_rev,10.23,1,406,53.20197044334976,0.35740991417797136,0.6984985059247162,-97.35807808964464,52.02862392997885,-50.0,89,2.5,1.53,4.5,57.3,23.3,-29.09,4
FMR_mfi13<25_pb<=0.0_none_none_h2_mid1_s0.1,mean_rev,10.23,1,406,53.20197044334976,0.35740991417797136,0.6984985059247162,-97.35807808964464,52.02862392997885,-50.0,89,2.5,1.53,4.5,57.3,23.3,-29.09,4
FMR_mfi14<30_pb<=0.25_none_both_h3_mid0_s0.07,mean_rev,10.23,2,654,56.88073394495413,2.6686689112497435,1.6590518300171886,15013117.13847684,81.3989239046887,-50.0,90,2.99,1.96,4.4,61.1,39.55,-39.69,4
FSQ_mfi6>=50_brk0_mup0_h4_s0.08,squeeze_break,10.23,1,1917,46.11371935315597,1.8720713153880728,-0.7421150278293154,6128015946.280218,100.0,-50.0,90,3.62,1.27,13.3,54.4,57.14,-28.9,12
FMR_mfi14<30_pb<=0.15_none_none_h4_mid1_s0.1,mean_rev,10.22,2,1247,60.06415396952687,2.6544559426424192,2.170287127089332,30735706377.45658,100.0,-50.0,91,1.81,1.96,5.5,59.3,33.17,-33.03,5
FMR_mfi6<20_pb<=0.25_squeeze_none_h4_mid1_s0.07,mean_rev,10.21,1,305,50.49180327868853,0.19224906267725092,0.2008025402817637,-94.76347779846867,72.84974684373167,-50.0,90,2.77,1.31,7.8,56.7,44.21,-27.2,7
FMR_mfi14<30_pb<=0.15_bw40_none_h4_mid0_s0.07,mean_rev,10.2,1,309,57.60517799352751,2.8882720043571726,1.5936075248787818,79064.49152993478,87.16981132075472,-26.755447722225924,87,2.58,1.17,4.6,58.6,90.07,-28.53,4
FSQ_mfi6>=50_brk0_mup0_h3_s0.12,squeeze_break,10.15,1,1942,46.49845520082389,1.6621272137134508,-0.5868967178430273,609841931.7806957,100.0,-50.0,90,3.02,1.18,6.7,53.3,84.38,-24.4,6
FMR_mfi6<20_pb<=0.15_none_none_h4_mid1_s0.1,mean_rev,10.14,2,1861,55.077915099408926,1.5938850978579,1.1543984520824058,1450555.5511794863,99.33862433862434,-50.0,91,3.28,-0.04,9.9,49.5,33.51,-15.37,9
FMR_mfi6<30_pb<=0.15_none_none_h4_mid0_s0.07,mean_rev,10.13,2,2377,53.09213294068154,1.948978062400187,0.8241788623985391,27854267239.66648,100.0,-50.0,91,2.32,1.47,5.5,54.9,33.69,-26.66,5
FWALK_mfi6>=60_pb>=0.85_mup1_h2,band_walk,10.1,2,2883,48.97676031911203,1.7985128126433838,-0.16759776536312554,1481980433072489.8,100.0,-50.0,91,4.35,0.76,13.2,51.6,100.98,-28.59,12
FMR_mfi14<30_pb<=0.25_bw40_none_h4_mid1_s0.1,mean_rev,10.1,2,411,56.69099756690997,1.6114161493886527,1.4348841219773867,6729.195805431435,87.16981132075472,-44.9122797287017,89,1.37,0.66,1.1,53.9,51.59,-13.93,1
FSQ_mfi14>=50_brk1_mup1_h2_s0.12,squeeze_break,10.09,1,876,45.54794520547945,1.5807225004054195,-0.7527352658685094,125450.4769409839,100.0,-34.57364341085272,90,4.46,-0.02,11.1,47.8,93.72,-18.25,10
FMR_mfi13<30_pb<=0.0_none_none_h4_mid1_s0.07,mean_rev,10.08,2,576,57.8125,2.514221167820265,1.943193919273667,35964.21586700623,100.0,-50.0,91,2.38,0.36,4.4,57.1,49.37,-19.18,4
FWALK_mfi6>=55_pb>=0.85_mup0_h4,band_walk,10.07,1,2976,46.740591397849464,2.608595825123187,-0.7465022747094152,1.5258232661140693e+21,100.0,-50.0,91,6.83,-0.71,17.6,47.3,116.44,-25.89,16
FMR_mfi6<25_pb<=0.25_none_none_h2_mid0_s0.07,mean_rev,10.05,1,2859,50.12242042672263,0.7812964774142885,3.0131424688661923e-06,2487.7220617300645,100.0,-50.0,91,3.46,0.99,8.8,53.8,85.78,-27.37,8
FMR_mfi6<25_pb<=0.25_none_none_h2_mid1_s0.07,mean_rev,10.05,1,2859,50.12242042672263,0.7812964774142885,3.0131424688661923e-06,2487.7220617300645,100.0,-50.0,91,3.46,0.99,8.8,53.8,85.78,-27.37,8
FMR_mfi6<25_pb<=0.25_none_none_h3_mid1_s0.07,mean_rev,10.04,1,2687,52.772608857461854,0.9853120022315418,0.7057569471480063,1432.8378951257218,100.0,-50.0,91,3.12,1.2,12.1,57.1,74.15,-30.16,11
FMR_mfi13<30_pb<=0.25_none_pb_up_h3_mid0_s0.1,mean_rev,10.01,2,992,55.74596774193549,2.614991651615408,1.3640052401215907,6263406125.784351,100.0,-50.0,90,2.26,0.38,4.4,52.2,69.75,-15.7,4
FMR_mfi6<30_pb<=0.0_bw40_none_h4_mid1_s0.07,mean_rev,9.99,2,462,54.761904761904766,1.5309354466847438,1.3313207695260565,5109.483588803285,100.0,-40.84507035263212,89,1.12,1.48,2.2,59.6,21.73,-23.28,2
FSQ_mfi6>=50_brk0_mup1_h3_s0.12,squeeze_break,9.96,1,1728,46.52777777777778,1.7559542076804588,-0.6154094814597721,301357756.4289127,100.0,-50.0,90,3.35,2.26,11.1,53.3,57.14,-38.14,10
FMR_mfi14<25_pb<=0.25_none_pb_up_h3_mid1_s0.07,mean_rev,9.94,1,620,57.74193548387097,2.116331532061762,1.5472581403763952,514839.8140023256,100.0,-50.0,90,2.23,0.94,3.3,58.9,81.4,-25.62,3
FMR_mfi13<30_pb<=0.0_none_none_h4_mid1_s0.1,mean_rev,9.93,1,576,58.333333333333336,2.6758257285975757,2.1118348667855225,79234.55521191176,100.0,-50.0,91,4.54,0.0,4.4,49.5,203.08,-25.65,4
FWALK_mfi6>=60_pb>=0.8_mup1_h4,band_walk,9.91,1,2834,46.54199011997177,2.5576144794821136,-0.7966417121346714,3.918321103636438e+19,100.0,-50.0,91,3.97,1.27,9.9,57.1,100.0,-34.12,9
FMR_mfi14<25_pb<=0.15_bw40_none_h4_mid0_s0.1,mean_rev,9.9,2,152,55.92105263157895,3.3626170826958326,1.051574245398601,5453.20346591401,51.80503800952485,-22.854291417165673,81,1.84,0.0,2.5,49.4,28.48,-8.6,2
FSQ_mfi14>=45_brk0_mup1_h4_s0.08,squeeze_break,9.89,1,1691,46.12655233589592,2.004185218346124,-0.7246376811594235,3404016373.952652,100.0,-50.0,90,2.57,1.03,6.7,52.2,57.14,-20.83,6
FMR_mfi14<25_pb<=0.15_bw40_none_h2_mid0_s0.1,mean_rev,9.88,2,154,53.246753246753244,2.016533357996235,0.8551542579933957,1186.489115769937,41.80929095354524,-18.345311531224006,81,1.41,0.38,0.0,50.6,18.9,-9.48,0
FMR_mfi14<25_pb<=0.15_bw40_none_h2_mid1_s0.1,mean_rev,9.88,2,154,53.246753246753244,2.016533357996235,0.8551542579933957,1186.489115769937,41.80929095354524,-18.345311531224006,81,1.41,0.38,0.0,50.6,18.9,-9.48,0
FMR_mfi14<25_pb<=0.15_bw40_none_h2_mid0_s0.07,mean_rev,9.88,2,154,53.246753246753244,2.016533357996235,0.8551542579933957,1186.489115769937,41.80929095354524,-18.345311531224006,81,1.41,0.38,0.0,50.6,18.9,-9.48,0
FMR_mfi14<25_pb<=0.15_bw40_none_h2_mid1_s0.07,mean_rev,9.88,2,154,53.246753246753244,2.016533357996235,0.8551542579933957,1186.489115769937,41.80929095354524,-18.345311531224006,81,1.41,0.38,0.0,50.6,18.9,-9.48,0
FMR_mfi14<30_pb<=0.0_none_none_h4_mid1_s0.07,mean_rev,9.88,2,523,57.93499043977055,1.7710562667874428,1.838234139859174,516.5985494965598,100.0,-50.0,89,1.57,1.08,2.2,57.3,32.85,-22.63,2
FMR_mfi6<25_pb<=0.25_none_none_h2_mid1_s0.1,mean_rev,9.86,1,2855,50.2276707530648,0.8257608055788457,4.966745437151587e-06,8726.359576796289,100.0,-50.0,91,3.25,0.91,8.8,56.0,76.72,-27.39,8
FMR_mfi6<25_pb<=0.25_none_none_h2_mid0_s0.1,mean_rev,9.86,1,2855,50.2276707530648,0.8257608055788457,4.966745437151587e-06,8726.359576796289,100.0,-50.0,91,3.25,0.91,8.8,56.0,76.72,-27.39,8
FMR_mfi6<25_pb<=0.15_none_none_h3_mid0_s0.1,mean_rev,9.85,1,2148,52.932960893854755,1.3752050649093586,0.6881245632844868,53789.58867144089,100.0,-50.0,91,2.21,1.17,7.7,54.9,61.02,-24.35,7
FMR_mfi6<25_pb<=0.15_bw40_none_h2_mid1_s0.1,mean_rev,9.83,2,864,48.495370370370374,0.6899032040636881,-0.34667228846900766,665.6333156311782,100.0,-34.98292711270018,89,1.06,1.62,1.1,55.1,20.54,-20.37,1
FMR_mfi6<20_pb<=0.25_squeeze_none_h4_mid1_s0.1,mean_rev,9.83,2,305,52.131147540983605,0.3865275764596384,0.7399520174074858,-93.07101098366371,72.84974684373167,-50.0,90,1.89,1.11,2.2,56.7,24.06,-22.48,2
FWALK_mfi6>=55_pb>=0.8_mup1_h2,band_walk,9.83,2,3153,49.54012052013955,1.8122075488018068,-1.8256839617869502e-05,8.043411152587368e+16,100.0,-50.0,91,3.4,1.5,13.2,51.6,73.45,-31.85,12
FMR_mfi6<25_pb<=0.15_bw40_none_h2_mid0_s0.1,mean_rev,9.83,2,864,48.495370370370374,0.6899032040636881,-0.34667228846900766,665.6333156311782,100.0,-34.98292711270018,89,1.06,1.62,1.1,55.1,20.54,-20.37,1
FSQ_mfi14>=45_brk0_mup0_h4_s0.08,squeeze_break,9.82,2,1923,45.60582423296932,1.8449536637443094,-0.8247274986455166,3429719127.457897,100.0,-50.0,90,2.53,1.89,8.9,61.1,50.46,-33.76,8
FMR_mfi14<25_pb<=0.0_none_none_h4_mid1_s0.1,mean_rev,9.8,2,328,56.70731707317073,1.4916920879614481,1.5660020133155372,-40.65299657404488,100.0,-50.0,89,2.12,0.0,2.2,48.3,48.01,-10.57,2
FMR_mfi14<30_pb<=0.25_none_pb_up_h3_mid0_s0.07,mean_rev,9.78,2,884,55.88235294117647,2.362815053342965,1.4843349358255598,115526949.90992793,100.0,-50.0,90,2.07,0.93,3.3,58.9,31.43,-24.62,3
FSQ_mfi6>=45_brk0_mup1_h3_s0.08,squeeze_break,9.78,1,1735,46.512968299711815,1.7656650935166798,-0.6589857122929033,460301854.99769413,100.0,-50.0,90,4.13,0.55,12.2,53.3,85.41,-26.66,11
FMR_mfi14<25_pb<=0.0_none_none_h4_mid0_s0.1,mean_rev,9.74,2,328,56.40243902439024,1.8568665291625701,1.8262877697892255,59.1577188727958,100.0,-50.0,90,2.23,0.0,3.3,46.7,48.01,-10.57,3
FMR_mfi14<25_pb<=0.15_bw40_none_h4_mid0_s0.07,mean_rev,9.73,2,152,55.92105263157895,3.307770440177362,0.8445966025938167,5060.638933274259,51.80503800952485,-19.303797468354432,81,1.9,0.15,2.5,50.6,28.48,-11.9,2
FMR_mfi13<30_pb<=0.15_bw40_none_h4_mid0_s0.1,mean_rev,9.73,1,360,56.666666666666664,2.7792170498194704,1.57128646009006,98644.84240085131,100.0,-50.0,89,2.09,0.69,2.2,53.9,48.28,-20.4,2
FMR_mfi14<30_pb<=0.25_bw40_none_h4_mid0_s0.1,mean_rev,9.71,2,409,55.256723716381416,2.1619108241941847,1.4508929601461995,35094.12116268337,87.16981132075472,-44.9122797287017,89,1.23,1.08,2.2,57.3,23.06,-20.39,2
FMR_mfi14<25_pb<=0.25_none_none_h3_mid1_s0.07,mean_rev,9.69,2,1113,56.693620844564244,1.6846338583479183,1.3011152416356975,607332.0679571247,100.0,-50.0,90,1.95,0.93,4.4,57.8,55.5,-24.12,4
FMR_mfi14<25_pb<=0.25_none_pb_up_h3_mid1_s0.1,mean_rev,9.68,1,616,58.76623376623377,2.0605695771137538,1.7816261516564458,422130.7833868839,100.0,-50.0,90,2.0,1.15,5.6,58.9,39.43,-28.06,5
FMR_mfi14<20_pb<=0.15_none_none_h3_mid1_s0.1,mean_rev,9.67,2,506,61.06719367588933,2.440342866176244,2.024399988942227,88168.54360536976,84.1765391954588,-50.0,90,1.44,1.17,4.4,55.6,37.06,-24.2,4
FMR_mfi6<30_pb<=0.25_bw40_none_h3_mid1_s0.1,mean_rev,9.63,2,1373,54.26074289876184,1.179558603355908,0.9333333333333416,84508.27165055476,100.0,-50.0,89,2.19,1.05,4.5,56.2,33.49,-25.3,4
FWALK_mfi14>=55_pb>=0.85_mup0_h4,band_walk,9.63,2,2880,46.31944444444444,2.6830540555951603,-0.8202890276622521,5.897833690981142e+20,100.0,-50.0,91,2.51,0.9,5.5,53.8,68.22,-21.32,5
FMR_mfi6<20_pb<=0.25_squeeze_none_h4_mid0_s0.1,mean_rev,9.61,2,305,49.18032786885246,0.6498574610446806,-0.12092459593594507,-89.7799274797666,72.84974684373167,-50.0,90,2.27,1.04,4.4,60.0,24.55,-25.63,4
FSQ_mfi14>=50_brk1_mup0_h3_s0.08,squeeze_break,9.57,1,975,45.33333333333333,1.6744218777263313,-0.8510609772151123,284977.54833436065,100.0,-34.57364341085272,90,4.55,0.15,12.2,50.0,85.41,-24.06,11
FMR_mfi13<25_pb<=0.15_none_none_h3_mid0_s0.07,mean_rev,9.57,2,1031,54.02521823472357,1.5852643400023854,0.8982035928143617,24011.848019240508,84.1765391954588,-50.0,89,2.35,0.84,3.4,57.3,43.12,-24.9,3
FMR_mfi13<30_pb<=0.15_bw40_none_h4_mid1_s0.1,mean_rev,9.56,1,360,57.22222222222222,2.190080786666273,1.4830248634206344,20962.55587783333,100.0,-50.0,89,2.08,0.59,2.2,53.9,36.07,-20.4,2
FMR_mfi14<25_pb<=0.0_none_none_h4_mid0_s0.07,mean_rev,9.56,2,328,56.40243902439024,1.829926377935331,1.7533185351504166,47.831399863658945,100.0,-50.0,90,2.27,0.0,3.3,44.4,51.3,-10.57,3
FMR_mfi13<30_pb<=0.15_none_both_h3_mid0_s0.1,mean_rev,9.53,2,338,57.692307692307686,3.619892047531456,1.50465046577537,716166.5186261226,80.9123649459784,-50.0,90,1.78,0.55,1.1,52.2,26.45,-17.7,1
FSQ_mfi6>=55_brk1_mup1_h3_s0.12,squeeze_break,9.52,2,886,45.146726862302486,1.7121105949682105,-0.8695658636239445,141485.6519434531,100.0,-34.57364341085272,90,3.27,0.95,10.0,54.4,49.37,-26.79,9
FMR_mfi13<30_pb<=0.15_none_both_h3_mid0_s0.07,mean_rev,9.48,1,340,57.35294117647059,3.6466364901255,1.4843349358255598,587254.7172477256,81.3989239046887,-50.0,90,2.83,0.51,4.4,52.2,56.01,-23.74,4
FMR_mfi6<30_pb<=0.25_squeeze_none_h4_mid1_s0.07,mean_rev,9.46,1,530,51.886792452830186,0.5149751877484547,0.5136801777084754,-82.95638208017242,72.84974684373167,-50.0,90,2.13,0.92,6.7,54.4,39.02,-22.65,6
FSQ_mfi6>=50_brk1_mup1_h4_s0.08,squeeze_break,9.45,1,889,43.98200224971879,1.9598728436829846,-1.2096697992085792,641836.7130514636,100.0,-34.57364341085272,90,3.24,0.83,8.9,51.1,100.0,-23.61,8
FSQ_mfi14>=45_brk0_mup0_h4_s0.12,squeeze_break,9.44,2,1923,45.91783671346854,1.8085474148836629,-0.7448748736083588,1014203589.7538712,100.0,-50.0,90,2.91,1.57,10.0,58.9,50.46,-33.76,9
FMR_mfi6<30_pb<=0.25_bw40_none_h4_mid0_s0.07,mean_rev,9.43,2,1311,52.32646834477498,1.542558189874282,0.5822413702881057,807822.3858746719,100.0,-50.0,89,1.63,1.25,1.1,56.2,23.02,-24.18,1
FSQ_mfi14>=45_brk1_mup0_h2_s0.12,squeeze_break,9.42,2,993,45.9214501510574,1.53799146857437,-0.7117553152957701,277435.94626877067,100.0,-34.57364341085272,90,2.56,0.67,8.9,55.6,38.39,-21.13,8
FMR_mfi13<25_pb<=0.0_none_none_h3_mid1_s0.1,mean_rev,9.41,2,402,55.223880597014926,0.8613176358753974,1.0801552758276656,-91.44955911888242,61.81383360867483,-50.0,89,2.11,0.46,2.2,55.1,32.89,-19.84,2
FMR_mfi6<25_pb<=0.0_bw40_none_h4_mid0_s0.07,mean_rev,9.4,2,390,51.7948717948718,1.3559423922224627,0.592966186042021,1376.3375366539342,100.0,-35.61643942105713,89,0.37,1.14,0.0,61.8,17.02,-18.25,0
FMR_mfi14<25_pb<=0.15_bw40_none_h4_mid1_s0.1,mean_rev,9.4,2,152,58.55263157894737,2.451186745771093,1.5222502425124906,1826.7790807205454,41.80929095354524,-22.854291417165673,81,1.18,0.0,0.0,49.4,16.89,-8.19,0
FMR_mfi13<30_pb<=0.0_none_none_h2_mid0_s0.07,mean_rev,9.37,2,594,52.861952861952865,1.0383151660690493,0.509325383933934,-58.00006940501591,100.0,-50.0,91,1.62,0.83,1.1,57.1,34.19,-20.88,1
FMR_mfi13<30_pb<=0.0_none_none_h2_mid1_s0.07,mean_rev,9.37,2,594,52.861952861952865,1.0383151660690493,0.509325383933934,-58.00006940501591,100.0,-50.0,91,1.62,0.83,1.1,57.1,34.19,-20.88,1
FMR_mfi6<30_pb<=0.25_none_both_h4_mid1_s0.1,mean_rev,9.36,2,479,63.25678496868476,3.2645882018112276,2.7568922305764465,14895628.660600059,61.67340674546287,-50.0,90,0.73,0.8,0.0,57.8,17.16,-19.78,0
FMR_mfi6<20_pb<=0.25_none_none_h4_mid1_s0.1,mean_rev,9.34,2,2230,55.426008968609864,1.6514673657248458,1.2077592931072911,193669891.80456638,100.0,-50.0,91,2.21,1.09,5.5,52.7,41.55,-25.99,5
FSQ_mfi14>=55_brk1_mup0_h2_s0.12,squeeze_break,9.33,1,945,45.82010582010582,1.5256011805799294,-0.7194467737019261,157857.3365531162,100.0,-34.57364341085272,90,4.43,0.97,11.1,55.6,98.67,-35.76,10
FMR_mfi14<30_pb<=0.25_none_both_h4_mid0_s0.07,mean_rev,9.32,2,653,56.04900459418071,3.038092446922302,1.7225637626023804,71455775.11753392,81.3989239046887,-50.0,91,2.1,1.63,4.4,58.2,32.65,-33.81,4
FSQ_mfi6>=45_brk1_mup0_h4_s0.08,squeeze_break,9.32,1,986,43.91480730223123,1.930541773021226,-1.2113537066342495,1483385.1901565292,100.0,-34.57364341085272,90,3.63,0.53,8.9,51.1,100.0,-23.61,8
FWALK_mfi6>=50_pb>=0.8_mup1_h4,band_walk,9.32,1,2875,47.06086956521739,2.6352082006802733,-0.679347674232289,6.938956257691874e+20,100.0,-50.0,91,2.79,1.96,11.0,51.6,100.0,-34.36,10
FMR_mfi6<20_pb<=0.0_none_none_h3_mid0_s0.1,mean_rev,9.32,2,905,53.25966850828729,0.8585164585573565,0.7782101167315147,-96.62003433608086,73.94365848333987,-50.0,91,1.68,0.77,2.2,57.1,27.31,-21.03,2
FMR_mfi13<30_pb<=0.15_none_both_h3_mid1_s0.1,mean_rev,9.3,2,338,58.875739644970416,3.165766243045736,1.68049461963371,207509.49683107878,80.9123649459784,-50.0,90,1.85,0.29,2.2,53.3,26.45,-17.7,2
FWALK_mfi14>=55_pb>=0.8_mup0_h2,band_walk,9.28,2,3501,49.3573264781491,1.8939273687753926,-0.11665595346675994,3.5872625237724578e+19,100.0,-50.0,91,1.6,1.59,6.6,53.8,36.68,-25.75,6
FMR_mfi14<30_pb<=0.25_none_both_h4_mid1_s0.1,mean_rev,9.28,2,648,60.64814814814815,2.3927644652996025,2.1332835996303867,2953295.909855283,80.9123649459784,-50.0,90,1.04,0.99,2.2,64.4,36.8,-26.18,2
FMR_mfi13<25_pb<=0.0_none_none_h3_mid1_s0.07,mean_rev,9.27,2,402,54.72636815920397,0.6763879879869703,0.8942424621920408,-95.51767839040059,61.81383360867483,-50.0,89,1.93,0.46,1.1,56.2,21.01,-19.84,1
FMR_mfi13<30_pb<=0.25_none_both_h4_mid1_s0.1,mean_rev,9.26,2,741,60.59379217273953,2.5427153179846487,1.9230750468843594,33065635.159204785,80.9123649459784,-50.0,90,1.74,1.43,4.4,61.1,63.82,-33.25,4
FMR_mfi13<30_pb<=0.15_none_both_h4_mid0_s0.07,mean_rev,9.25,2,340,57.94117647058824,4.458505201805041,2.070825259862019,4620768.409211318,82.85715320393561,-50.0,90,2.6,0.23,4.4,52.2,35.71,-20.91,4
FMR_mfi14<30_pb<=0.15_bw40_none_h4_mid0_s0.1,mean_rev,9.24,2,309,57.92880258899677,2.8964946967010925,1.716738197424883,77999.07320148592,87.16981132075472,-26.755447722225924,88,1.06,0.78,2.3,56.8,23.53,-19.54,2
FMR_mfi13<25_pb<=0.0_none_none_h4_mid1_s0.1,mean_rev,9.23,2,400,56.25,1.20410966167639,1.442888541061793,-77.02690212677459,99.33862433862434,-50.0,89,2.08,0.57,2.2,56.2,30.34,-22.63,2
FSQ_mfi6>=45_brk1_mup0_h3_s0.08,squeeze_break,9.22,2,993,45.31722054380665,1.611123840350807,-0.8474570261180592,224482.24118817362,100.0,-34.57364341085272,90,2.86,0.22,10.0,50.0,42.36,-16.38,9
FMR_mfi14<25_pb<=0.25_none_pb_up_h3_mid0_s0.07,mean_rev,9.22,1,620,55.32258064516129,2.213556093994985,1.2999612807287897,715373.2118448074,100.0,-50.0,90,2.15,0.95,4.4,54.4,81.4,-25.62,4
FSQ_mfi14>=55_brk1_mup1_h3_s0.08,squeeze_break,9.17,1,847,44.62809917355372,1.8495133944611528,-0.9036189444238896,253835.70210103694,100.0,-34.57364341085272,90,4.29,0.61,12.2,53.3,94.8,-30.47,11
FMR_mfi6<25_pb<=0.25_none_none_h3_mid0_s0.1,mean_rev,9.17,2,2627,52.72173582032737,1.4184823708688348,0.6818112610190274,8644510.215468597,100.0,-50.0,91,3.03,0.62,7.7,54.9,40.97,-27.05,7
FMR_mfi6<20_pb<=0.25_squeeze_none_h3_mid0_s0.1,mean_rev,9.16,2,306,50.326797385620914,0.08107490927118285,0.15306056450633543,-96.81956542901803,72.84974684373167,-50.0,90,1.6,0.93,2.2,55.6,23.96,-21.02,2
FMR_mfi14<20_pb<=0.25_none_none_h3_mid1_s0.07,mean_rev,9.15,2,661,58.69894099848714,1.821827920139044,1.7796540282976503,43948.14554030684,84.1765391954588,-50.0,90,1.52,0.29,2.2,51.1,26.25,-15.28,2
FSQ_mfi6>=45_brk1_mup0_h4_s0.12,squeeze_break,9.14,1,986,44.21906693711968,1.8844688761753456,-1.1594444058235454,647443.8464153853,100.0,-42.49999643098701,90,3.78,1.13,8.9,52.2,100.0,-32.07,8
FMR_mfi14<30_pb<=0.25_bw40_none_h4_mid0_s0.07,mean_rev,9.12,2,409,55.012224938875306,2.165317083479081,1.3636318292203242,37740.94165587639,87.16981132075472,-44.9122797287017,89,0.92,1.08,2.2,58.4,23.06,-21.94,2
FMR_mfi14<30_pb<=0.25_squeeze_none_h4_mid1_s0.1,mean_rev,9.08,2,145,57.931034482758626,3.3172991994222656,2.3023127362140183,4006.5669907370866,80.29505332165698,-22.87581699346405,88,1.34,0.0,1.1,46.6,38.94,-9.09,1
FMR_mfi14<25_pb<=0.0_none_none_h3_mid0_s0.07,mean_rev,9.05,2,330,57.878787878787875,1.4666600188153451,1.6022196262369892,-22.43911963899363,100.0,-50.0,89,1.85,0.0,3.4,49.4,53.46,-13.71,3
FSQ_mfi6>=50_brk1_mup0_h3_s0.08,squeeze_break,9.05,2,989,45.39939332659252,1.5598082910841446,-0.8108108108108136,139731.94388402562,100.0,-34.57364341085272,90,3.51,0.57,14.4,53.3,55.33,-26.34,13
FSQ_mfi14>=55_brk0_mup0_h4_s0.08,squeeze_break,9.03,2,1785,45.490196078431374,1.8349497249852953,-0.8695665098565897,743081821.013559,100.0,-50.0,90,2.82,1.49,7.8,56.7,58.39,-33.23,7
FMR_mfi6<25_pb<=0.15_none_pb_up_h3_mid1_s0.07,mean_rev,9.0,1,502,59.76095617529881,2.8463827827390626,2.0606302796192133,3835349.926893448,81.3989239046887,-50.0,89,2.49,0.87,4.5,55.1,81.4,-30.1,4
FSQ_mfi14>=45_brk1_mup0_h2_s0.08,squeeze_break,8.95,1,993,45.720040281973816,1.4752586273507493,-0.7117553152957701,181462.6021189431,100.0,-34.57364341085272,90,4.29,0.58,13.3,52.2,93.72,-31.18,12
FSQ_mfi6>=45_brk0_mup1_h3_s0.12,squeeze_break,8.93,1,1735,46.570605187319885,1.7446370739864059,-0.6191928061457297,272541371.2908433,100.0,-50.0,90,3.73,0.42,11.1,52.2,85.41,-26.66,10
FMR_mfi14<30_pb<=0.25_squeeze_none_h4_mid1_s0.07,mean_rev,8.93,2,145,57.24137931034483,2.7691200695868985,2.0533884623681997,1952.4799991280609,80.29505332165698,-22.87581699346405,88,1.41,0.0,1.1,46.6,38.94,-10.0,1
FMR_mfi6<25_pb<=0.25_squeeze_none_h2_mid0_s0.1,mean_rev,8.89,2,384,48.17708333333333,0.3019303579794833,-0.1958395919580025,-66.68471808692648,65.39999211782248,-38.653366583541136,90,1.18,0.87,3.3,51.1,30.44,-16.15,3
FSQ_mfi6>=45_brk1_mup1_h4_s0.12,squeeze_break,8.89,2,890,44.26966292134831,1.9257821523901604,-1.1269697278475266,363870.44452571316,100.0,-34.57364341085272,90,1.58,1.04,6.7,54.4,27.58,-20.36,6
FMR_mfi6<25_pb<=0.25_squeeze_none_h2_mid1_s0.1,mean_rev,8.89,2,384,48.17708333333333,0.3019303579794833,-0.1958395919580025,-66.68471808692648,65.39999211782248,-38.653366583541136,90,1.18,0.87,3.3,51.1,30.44,-16.15,3
FSQ_mfi6>=45_brk0_mup0_h2_s0.08,squeeze_break,8.88,2,1992,47.99196787148594,1.241567646905865,-0.3145535162638602,11731546.503991883,100.0,-50.0,90,2.07,1.46,7.8,56.7,33.86,-30.16,7
FSQ_mfi14>=45_brk1_mup1_h3_s0.12,squeeze_break,8.86,2,889,45.44431946006749,1.8794648907669524,-0.8015998115247669,513511.63466433826,100.0,-34.57364341085272,90,2.55,0.58,11.1,51.1,47.46,-20.51,10
FMR_mfi14<30_pb<=0.25_squeeze_none_h4_mid0_s0.1,mean_rev,8.85,2,145,59.310344827586206,4.230053800924771,2.3023127362140183,11629.577783267516,80.29505332165698,-22.87581699346405,88,1.27,0.0,3.4,47.7,24.55,-10.93,3
FMR_mfi14<25_pb<=0.0_none_none_h3_mid0_s0.1,mean_rev,8.84,2,330,58.18181818181818,1.479277768855516,1.9232560440380686,-20.681956439425075,100.0,-50.0,89,1.75,0.0,3.4,48.3,53.46,-13.71,3
FMR_mfi6<25_pb<=0.25_squeeze_none_h2_mid1_s0.07,mean_rev,8.84,2,384,47.65625,0.09877849010486832,-0.3040926353759077,-83.0932523176434,65.39999211782248,-38.653366583541136,90,1.17,0.87,3.3,51.1,30.44,-16.15,3
FMR_mfi6<25_pb<=0.25_squeeze_none_h2_mid0_s0.07,mean_rev,8.84,2,384,47.65625,0.09877849010486832,-0.3040926353759077,-83.0932523176434,65.39999211782248,-38.653366583541136,90,1.17,0.87,3.3,51.1,30.44,-16.15,3
FMR_mfi6<25_pb<=0.25_bw40_none_h4_mid0_s0.07,mean_rev,8.82,2,1059,51.55807365439094,1.471307806973916,0.3929264174074687,78651.09210476307,100.0,-50.0,89,1.58,1.6,1.1,59.6,27.04,-31.78,1
FMR_mfi6<30_pb<=0.15_none_none_h3_mid0_s0.07,mean_rev,8.81,2,2471,52.448401456900044,1.093693832860395,0.6451570582100219,392.9796006644908,100.0,-50.0,91,2.02,0.59,5.5,53.8,39.61,-21.87,5
FWALK_mfi14>=50_pb>=0.8_mup0_h2,band_walk,8.8,2,3613,49.43260448380847,1.8519855463187445,-0.1009020289526541,5.476522473842003e+19,100.0,-50.0,91,2.37,1.47,8.8,53.8,53.23,-31.6,8
FMR_mfi14<30_pb<=0.25_squeeze_none_h2_mid0_s0.1,mean_rev,8.77,2,147,50.34013605442177,2.2304592475627096,0.5181526195626063,1085.4542378886465,80.29505332165698,-16.235294117647058,87,1.88,0.0,3.4,47.1,43.79,-11.13,3
FMR_mfi14<30_pb<=0.25_squeeze_none_h2_mid1_s0.1,mean_rev,8.77,2,147,50.34013605442177,2.2304592475627096,0.5181526195626063,1085.4542378886465,80.29505332165698,-16.235294117647058,87,1.88,0.0,3.4,47.1,43.79,-11.13,3
FMR_mfi14<25_pb<=0.0_none_none_h3_mid1_s0.07,mean_rev,8.77,2,330,57.27272727272727,1.1867789287333448,1.4134964770592173,-66.60173999443649,100.0,-50.0,89,1.84,0.07,3.4,51.7,53.46,-16.67,3
FMR_mfi6<25_pb<=0.0_bw40_none_h3_mid1_s0.1,mean_rev,8.76,2,397,55.91939546599496,1.346247732726336,1.3422867951560002,1978.3215418477014,100.0,-35.61643942105713,89,0.56,0.85,3.4,57.3,21.61,-19.1,3
FMR_mfi13<25_pb<=0.25_none_none_h4_mid1_s0.07,mean_rev,8.75,1,1314,55.70776255707762,1.736909968425095,1.3824877646656408,2062842.537764692,100.0,-50.0,89,3.22,0.65,10.1,52.8,106.2,-30.75,9
FMR_mfi6<20_pb<=0.15_bw40_none_h4_mid0_s0.1,mean_rev,8.75,2,670,50.74626865671642,1.0125799589044808,0.33756354806889766,540.565525475492,69.70297542711185,-46.46017505520504,89,1.12,1.57,3.4,58.4,23.62,-28.18,3
FMR_mfi6<20_pb<=0.25_squeeze_none_h3_mid0_s0.07,mean_rev,8.75,1,306,49.34640522875817,-0.07427266572530009,-0.16486340018143086,-97.4815358230195,72.84974684373167,-50.0,90,1.85,1.12,8.9,57.8,34.76,-27.2,8
FMR_mfi6<25_pb<=0.0_bw40_none_h3_mid0_s0.1,mean_rev,8.73,1,394,55.0761421319797,1.310208591748089,1.2963791417639703,1514.659015577703,100.0,-35.61643942105713,89,1.24,1.21,2.2,58.4,22.71,-27.11,2
FMR_mfi6<30_pb<=0.15_none_both_h4_mid0_s0.1,mean_rev,8.71,2,290,63.44827586206897,4.9561753309177785,3.419605175257312,8272194.266630102,82.85715320393561,-50.0,90,1.31,0.37,0.0,53.3,16.75,-20.03,0
FMR_mfi13<30_pb<=0.15_none_both_h3_mid1_s0.07,mean_rev,8.69,2,340,58.529411764705884,3.1721177074828737,1.6136445053512083,160607.75375684083,81.3989239046887,-50.0,90,2.04,0.05,4.4,50.0,34.65,-17.7,4
FMR_mfi14<30_pb<=0.25_squeeze_none_h4_mid0_s0.07,mean_rev,8.68,2,145,58.620689655172406,3.6818746710894037,1.8480530015970498,5762.493867183276,80.29505332165698,-22.87581699346405,88,1.26,0.0,3.4,46.6,24.55,-10.93,3
FMR_mfi14<25_pb<=0.0_none_none_h3_mid1_s0.1,mean_rev,8.67,2,330,57.57575757575758,1.1993966787735155,1.47032751484234,-65.84509317534112,100.0,-50.0,89,1.68,0.0,3.4,48.3,53.46,-13.93,3
FMR_mfi13<30_pb<=0.25_none_both_h4_mid0_s0.07,mean_rev,8.67,2,746,55.76407506702413,3.2122410211622805,1.457933504520459,1057762332.4572417,100.0,-50.0,91,2.12,1.28,6.6,54.9,35.13,-31.94,6
FMR_mfi6<25_pb<=0.25_none_none_h4_mid1_s0.1,mean_rev,8.66,2,2558,55.863956215793586,1.729467360784941,1.243625376780222,11262173347.203302,100.0,-50.0,91,1.75,0.74,3.3,56.0,40.86,-24.93,3
FMR_mfi6<25_pb<=0.15_bw40_none_h2_mid1_s0.07,mean_rev,8.66,2,864,48.379629629629626,0.6882773930809177,-0.36780470757045713,655.4487448941572,100.0,-34.98292711270018,89,1.16,0.98,1.1,55.1,20.54,-20.37,1
FMR_mfi6<25_pb<=0.15_bw40_none_h2_mid0_s0.07,mean_rev,8.66,2,864,48.379629629629626,0.6882773930809177,-0.36780470757045713,655.4487448941572,100.0,-34.98292711270018,89,1.16,0.98,1.1,55.1,20.54,-20.37,1
FMR_mfi14<25_pb<=0.15_bw40_none_h4_mid1_s0.07,mean_rev,8.64,2,152,58.55263157894737,2.4104919160011016,1.442888541061793,1733.110543635678,41.80929095354524,-19.303797468354432,81,1.27,0.0,0.0,48.1,18.72,-11.9,0
FSQ_mfi6>=50_brk1_mup0_h4_s0.08,squeeze_break,8.61,2,982,43.9918533604888,1.8864348791644905,-1.1875865782763284,972481.8493186913,100.0,-34.57364341085272,90,1.9,1.04,7.8,53.3,31.45,-22.98,7
FMR_mfi6<25_pb<=0.15_none_none_h4_mid1_s0.07,mean_rev,8.6,1,2139,54.74520804114073,1.5406831529265683,1.0698552548772833,2540726.4721626,100.0,-50.0,91,3.83,-0.08,8.8,49.5,115.52,-25.84,8
FMR_mfi6<25_pb<=0.25_none_pb_up_h4_mid1_s0.1,mean_rev,8.59,2,742,61.32075471698113,2.4009331520520307,2.2580594572527035,23322506.54385391,100.0,-50.0,90,1.64,2.04,2.2,54.4,55.87,-39.04,2
FMR_mfi13<30_pb<=0.15_bw40_none_h4_mid0_s0.07,mean_rev,8.58,1,360,55.833333333333336,2.762019678901786,1.3943628533077068,99968.86084364135,100.0,-50.0,89,2.01,0.31,2.2,50.6,48.28,-19.87,2
FWALK_mfi14>=60_pb>=0.8_mup0_h2,band_walk,8.57,2,3283,49.10143161742309,1.9126039126994072,-0.1519118940346953,2.326176444898891e+18,100.0,-50.0,91,2.64,0.13,8.8,51.6,38.77,-19.71,8
FMR_mfi14<25_pb<=0.25_bw40_none_h4_mid0_s0.1,mean_rev,8.57,2,199,54.773869346733676,2.6492481783771575,0.9049817517667424,4780.5521472797,51.80503800952485,-22.854291417165673,83,1.34,0.0,2.4,47.0,27.05,-10.61,2
FMR_mfi6<20_pb<=0.25_squeeze_none_h4_mid0_s0.07,mean_rev,8.57,2,305,47.868852459016395,0.49014257064729444,-0.35778100807124513,-91.37117554379518,72.84974684373167,-50.0,90,1.95,0.91,4.4,57.8,24.55,-26.01,4
FWALK_mfi6>=50_pb>=0.85_mup1_h4,band_walk,8.56,2,2672,46.74401197604791,2.677773143387448,-0.7729140586831162,5.645499188143018e+19,100.0,-50.0,91,2.16,1.72,6.6,54.9,45.01,-33.51,6
FSQ_mfi6>=50_brk1_mup1_h4_s0.12,squeeze_break,8.54,1,889,44.31946006749156,1.9333881411377287,-1.1194029850746245,382366.29197950225,100.0,-34.57364341085272,90,3.77,0.83,8.9,52.2,100.0,-32.07,8
FMR_mfi14<25_pb<=0.25_bw40_none_h4_mid0_s0.07,mean_rev,8.53,2,199,54.773869346733676,2.6230409894410074,0.8547008547008517,4643.302326437174,51.80503800952485,-19.303797468354432,83,1.42,0.0,2.4,48.2,27.05,-11.9,2
FMR_mfi6<20_pb<=0.25_squeeze_none_h2_mid1_s0.1,mean_rev,8.52,2,309,48.22006472491909,0.5442595723575795,-0.2304075765784952,-31.82805537537019,65.39999211782248,-38.653366583541136,90,1.17,0.62,1.1,53.3,31.84,-16.56,1
FMR_mfi6<20_pb<=0.25_squeeze_none_h2_mid0_s0.1,mean_rev,8.52,2,309,48.22006472491909,0.5442595723575795,-0.2304075765784952,-31.82805537537019,65.39999211782248,-38.653366583541136,90,1.17,0.62,1.1,53.3,31.84,-16.56,1
FMR_mfi13<30_pb<=0.25_none_pb_up_h4_mid0_s0.07,mean_rev,8.51,2,991,55.29767911200807,2.8553956614400215,1.1428689648781631,15746058092.590347,100.0,-50.0,91,1.83,0.48,5.5,51.6,37.27,-21.17,5
FMR_mfi13<30_pb<=0.25_none_pb_up_h3_mid0_s0.07,mean_rev,8.51,2,998,55.11022044088176,2.5623076030846117,1.0461184523436695,3578227288.773828,100.0,-50.0,90,2.23,0.25,4.4,50.0,82.77,-20.35,4
FSQ_mfi6>=50_brk0_mup1_h4_s0.08,squeeze_break,8.51,1,1709,46.16734932709187,1.9518732288339768,-0.7448748736083588,2097869053.9834545,100.0,-50.0,90,3.62,0.39,11.1,51.1,100.0,-27.09,10
FMR_mfi13<30_pb<=0.15_bw40_none_h3_mid1_s0.1,mean_rev,8.51,1,362,56.62983425414365,1.8754698120956173,1.2776066730705415,8386.096255260136,100.0,-50.0,89,0.96,1.01,1.1,53.9,26.46,-22.92,1
FMR_mfi14<25_pb<=0.25_none_both_h4_mid0_s0.07,mean_rev,8.51,1,447,55.48098434004475,3.186054986967686,1.886801456739362,1905189.434252567,81.3989239046887,-50.0,91,1.69,0.76,5.5,56.0,55.5,-25.36,5
FMR_mfi14<25_pb<=0.25_bw40_none_h3_mid0_s0.07,mean_rev,8.5,2,199,54.2713567839196,1.8572146953135422,0.6179775280898969,1238.0544171114573,61.36919315403424,-19.303797468354432,83,1.26,0.0,2.4,50.6,28.77,-12.06,2
FSQ_mfi14>=55_brk1_mup1_h2_s0.12,squeeze_break,8.48,2,848,45.16509433962264,1.5858613625357965,-0.8291339184644364,91235.67128190341,100.0,-34.57364341085272,90,2.08,0.84,6.7,55.6,32.95,-24.37,6
FMR_mfi6<25_pb<=0.25_bw40_none_h4_mid0_s0.1,mean_rev,8.46,2,1054,52.56166982922201,1.4717357792850736,0.5669941590376371,56184.67182795398,100.0,-50.0,89,1.47,1.26,2.2,59.6,23.73,-29.95,2
FMR_mfi6<30_pb<=0.25_bw40_none_h3_mid1_s0.07,mean_rev,8.46,2,1375,53.45454545454545,1.1189051978571183,0.8793917435892862,40168.22998067981,100.0,-50.0,89,2.27,0.83,4.5,53.9,83.81,-27.96,4
FMR_mfi14<25_pb<=0.25_bw40_none_h4_mid1_s0.07,mean_rev,8.46,2,199,58.291457286432156,1.964916890468325,1.4508929601461995,1691.389094445315,41.80929095354524,-19.303797468354432,83,1.23,0.0,0.0,47.0,19.54,-11.9,0
FMR_mfi13<25_pb<=0.0_none_none_h4_mid1_s0.07,mean_rev,8.44,2,400,55.75,0.988659275953452,1.2746427364928814,-89.3926472257773,99.33862433862434,-50.0,89,1.73,0.52,2.2,53.9,25.23,-22.63,2
FMR_mfi14<25_pb<=0.25_bw40_none_h4_mid1_s0.1,mean_rev,8.43,2,199,58.291457286432156,1.980314654591566,1.5936075248787818,1700.4506941803982,41.80929095354524,-22.854291417165673,83,0.98,0.0,0.0,45.8,19.54,-9.93,0
FMR_mfi6<25_pb<=0.15_bw40_none_h4_mid1_s0.07,mean_rev,8.41,2,834,52.99760191846523,1.1418548143423748,0.8339128419100561,6249.527101141406,100.0,-50.0,89,1.13,0.88,4.5,57.3,24.75,-23.39,4
FSQ_mfi6>=50_brk1_mup1_h2_s0.08,squeeze_break,8.39,1,893,45.016797312430015,1.445597258081666,-0.8108108108108136,56172.89277662677,100.0,-34.57364341085272,90,4.78,0.27,12.2,50.0,98.67,-32.43,11
FMR_mfi6<20_pb<=0.0_none_none_h4_mid1_s0.1,mean_rev,8.38,2,896,55.35714285714286,1.754326996072097,1.2307808831326206,6574.375294341826,99.33862433862434,-50.0,91,0.87,1.33,3.3,62.6,21.49,-30.06,3
FMR_mfi14<25_pb<=0.0_bw40_none_h3_mid0_s0.1,mean_rev,8.38,2,78,62.82051282051282,2.600838420871331,2.131589377371401,458.17454731688383,32.60272184943116,-12.489453536060303,81,0.87,0.0,1.2,39.5,23.53,-8.19,1
FMR_mfi14<30_pb<=0.25_squeeze_none_h3_mid0_s0.1,mean_rev,8.37,2,146,54.109589041095894,3.069390209962802,1.4050035615165823,2968.5061807139987,80.29505332165698,-22.87581699346405,88,1.23,0.04,1.1,50.0,36.53,-12.55,1
FMR_mfi6<30_pb<=0.0_none_none_h3_mid0_s0.07,mean_rev,8.36,2,1148,53.31010452961672,0.7506547120623983,0.7630202848183942,-99.42520754683528,100.0,-50.0,91,1.38,0.92,4.4,53.8,41.48,-23.88,4
FMR_mfi6<20_pb<=0.15_none_none_h3_mid0_s0.1,mean_rev,8.35,2,1889,52.56749602964531,1.1848024970711077,0.6163334675417742,883.214136951807,84.1765391954588,-50.0,91,1.33,0.5,5.5,51.6,27.36,-18.08,5
FMR_mfi14<30_pb<=0.25_squeeze_none_h3_mid0_s0.07,mean_rev,8.32,2,146,53.42465753424658,2.652143805246439,1.0132138457280782,1734.6760085316967,80.29505332165698,-22.87581699346405,88,1.23,0.04,1.1,50.0,36.53,-12.55,1
FSQ_mfi14>=55_brk1_mup0_h3_s0.08,squeeze_break,8.32,2,942,45.32908704883227,1.7424114317552204,-0.8492590016665857,343964.67337039456,100.0,-34.57364341085272,90,3.0,0.29,13.3,50.0,42.56,-22.42,12
FMR_mfi14<30_pb<=0.25_squeeze_none_h3_mid1_s0.1,mean_rev,8.31,2,146,54.794520547945204,2.9342480171007423,1.9475051984559233,2594.0177163372523,80.29505332165698,-22.87581699346405,88,1.37,0.0,1.1,48.9,38.03,-13.05,1
FSQ_mfi14>=45_brk0_mup0_h3_s0.08,squeeze_break,8.3,2,1952,46.1577868852459,1.6296857033497893,-0.6571460599301138,481586504.09432185,100.0,-50.0,90,1.91,1.69,6.7,57.8,35.81,-34.21,6
FMR_mfi6<25_pb<=0.0_bw40_none_h3_mid1_s0.07,mean_rev,8.29,2,397,55.41561712846348,1.2374863622813745,1.284795923273574,1277.3182992967902,100.0,-35.61643942105713,89,0.43,1.08,3.4,58.4,21.61,-23.28,3
FMR_mfi14<30_pb<=0.25_none_pb_up_h3_mid0_s0.1,mean_rev,8.29,2,878,56.49202733485193,2.3350974494984724,1.590193312839605,104463422.44530892,100.0,-50.0,90,0.8,0.56,2.2,55.6,30.84,-19.37,2
FMR_mfi14<20_pb<=0.0_none_none_h4_mid1_s0.07,mean_rev,8.29,2,183,55.73770491803278,1.3686486510812634,1.284795923273574,-66.33870563483681,99.33862433862434,-50.0,89,1.39,0.0,1.1,43.8,43.3,-11.09,1
FMR_mfi14<25_pb<=0.0_bw40_none_h3_mid1_s0.1,mean_rev,8.29,2,78,60.256410256410255,2.1868557137501776,1.9232560440380686,314.352972917858,32.60272184943116,-12.489453536060303,81,0.78,0.0,1.2,42.0,23.53,-8.31,1
FMR_mfi6<30_pb<=0.25_none_pb_up_h4_mid0_s0.07,mean_rev,8.28,2,971,57.77548918640577,2.820926432887622,1.9827074802885924,27879035385.80715,100.0,-50.0,90,1.61,1.09,2.2,55.6,31.4,-30.06,2
FMR_mfi6<30_pb<=0.15_bw40_none_h3_mid1_s0.07,mean_rev,8.28,1,1019,53.876349362119726,1.2026745365757057,0.9090931807947955,29302.43158888398,100.0,-50.0,89,2.08,0.64,5.6,52.8,78.77,-25.44,5
FMR_mfi6<25_pb<=0.15_none_pb_up_h4_mid1_s0.1,mean_rev,8.28,1,495,63.23232323232323,3.3106469052165606,2.8301855508094276,24862624.524389494,61.065197428833784,-50.0,90,2.03,0.78,3.3,51.1,36.2,-29.44,3
FMR_mfi14<30_pb<=0.0_none_none_h4_mid0_s0.07,mean_rev,8.28,2,523,57.93499043977055,2.2524317752894256,2.3381300929900872,4441.267507738262,100.0,-50.0,89,1.33,0.67,1.1,55.1,32.85,-23.98,1
FMR_mfi14<30_pb<=0.25_squeeze_none_h3_mid1_s0.07,mean_rev,8.26,2,146,54.109589041095894,2.5170016123843797,1.8152696758333309,1510.7673830962312,80.29505332165698,-22.87581699346405,88,1.38,0.0,1.1,48.9,38.03,-13.05,1
FMR_mfi6<25_pb<=0.15_none_none_h4_mid1_s0.1,mean_rev,8.24,2,2104,55.65589353612167,1.738799125180909,1.1571098733695218,55851889.021985896,100.0,-50.0,91,1.67,0.45,6.6,53.8,50.89,-22.49,6
FMR_mfi14<25_pb<=0.0_bw40_none_h3_mid0_s0.07,mean_rev,8.24,2,78,61.53846153846154,2.527381862183837,1.9232560440380686,429.4915088984829,32.60272184943116,-12.658229189760172,81,0.84,0.0,1.2,39.5,23.53,-8.19,1
FMR_mfi14<25_pb<=0.0_bw40_none_h4_mid1_s0.07,mean_rev,8.23,2,78,57.692307692307686,2.2575355421001033,2.1983429797332144,333.6077224398623,32.60272184943116,-16.184978683994434,81,0.91,0.0,1.2,40.7,23.53,-7.74,1
FSQ_mfi6>=55_brk1_mup1_h3_s0.08,squeeze_break,8.22,2,886,44.69525959367946,1.7038908390853136,-0.9235076777571627,152061.82532883293,100.0,-34.57364341085272,90,3.35,0.38,10.0,52.2,49.37,-26.79,9
FMR_mfi13<20_pb<=0.0_bw40_none_h3_mid0_s0.1,mean_rev,8.22,2,44,68.18181818181817,2.37821916575608,3.1560034530399905,146.71277911295363,20.10968424817854,-12.175633124298347,80,0.59,0.0,0.0,31.2,13.77,-5.3,0
FMR_mfi14<20_pb<=0.0_none_none_h3_mid0_s0.07,mean_rev,8.22,2,184,58.69565217391305,1.458600143159875,1.9512672485198612,-49.27286802857982,61.81383360867483,-50.0,89,1.31,0.0,1.1,42.7,25.85,-11.6,1
FMR_mfi6<20_pb<=0.0_none_none_h2_mid0_s0.07,mean_rev,8.21,2,932,50.0,0.29031058316436076,2.769760309995206e-07,-99.73107653956272,55.311355311355314,-50.0,91,1.54,0.37,0.0,52.7,19.34,-18.26,0
FMR_mfi14<25_pb<=0.15_bw40_none_h3_mid0_s0.07,mean_rev,8.21,2,152,57.23684210526315,2.6251044266278885,0.9464066505419311,2144.2679814118096,61.36919315403424,-19.303797468354432,81,1.13,0.0,2.5,46.9,28.77,-12.06,2
FMR_mfi6<20_pb<=0.0_none_none_h2_mid1_s0.07,mean_rev,8.21,2,932,50.0,0.29031058316436076,2.769760309995206e-07,-99.73107653956272,55.311355311355314,-50.0,91,1.54,0.37,0.0,52.7,19.34,-18.26,0
FMR_mfi6<20_pb<=0.0_none_none_h2_mid0_s0.1,mean_rev,8.2,2,932,50.21459227467812,0.3699707238280813,2.413549415880567e-06,-99.48285253442887,55.311355311355314,-50.0,91,1.52,0.37,0.0,52.7,19.34,-18.26,0
FMR_mfi6<20_pb<=0.0_none_none_h2_mid1_s0.1,mean_rev,8.2,2,932,50.21459227467812,0.3699707238280813,2.413549415880567e-06,-99.48285253442887,55.311355311355314,-50.0,91,1.52,0.37,0.0,52.7,19.34,-18.26,0
FMR_mfi14<25_pb<=0.15_bw40_none_h3_mid1_s0.07,mean_rev,8.2,2,152,57.23684210526315,2.033762752723351,1.0748630418980443,1057.2471173107779,41.80929095354524,-19.303797468354432,81,0.91,0.0,1.2,49.4,20.46,-12.06,1
FMR_mfi6<25_pb<=0.15_bw40_none_h3_mid0_s0.07,mean_rev,8.19,2,835,53.53293413173653,1.3844409667869226,0.7057569471480063,30913.292386953537,100.0,-50.0,89,0.71,1.11,2.2,55.1,25.78,-23.39,2
FMR_mfi6<20_pb<=0.25_squeeze_none_h2_mid0_s0.07,mean_rev,8.19,1,309,47.57281553398058,0.29179899868815506,-0.32787693157873,-65.40428894489061,65.39999211782248,-38.653366583541136,90,2.49,0.58,6.7,54.4,40.6,-26.02,6
FMR_mfi6<20_pb<=0.25_squeeze_none_h2_mid1_s0.07,mean_rev,8.19,1,309,47.57281553398058,0.29179899868815506,-0.32787693157873,-65.40428894489061,65.39999211782248,-38.653366583541136,90,2.49,0.58,6.7,54.4,40.6,-26.02,6
FMR_mfi13<25_pb<=0.0_bw40_none_h4_mid1_s0.07,mean_rev,8.18,1,98,59.183673469387756,1.8275917404679913,2.276145281539921,258.6964534416091,25.96899904390004,-50.0,86,1.68,0.0,2.3,41.9,22.55,-13.79,2
FMR_mfi6<30_pb<=0.15_bw40_pb_up_h4_mid0_s0.07,mean_rev,8.17,2,57,64.91228070175438,5.106366642687997,2.209297247285358,834.0762792172688,69.70297542711185,-27.647713578859832,82,1.5,0.0,2.4,31.7,38.93,-9.97,2
FSQ_mfi14>=55_brk1_mup1_h2_s0.08,squeeze_break,8.16,2,848,44.92924528301887,1.5088781559982718,-0.8291339184644364,57865.93250367082,100.0,-34.57364341085272,90,2.05,0.4,5.6,53.3,32.95,-20.11,5
FSQ_mfi14>=45_brk0_mup1_h3_s0.08,squeeze_break,8.16,1,1711,46.464056107539456,1.8138559001805135,-0.6313074325298595,701733345.9127402,100.0,-50.0,90,3.54,-0.41,8.9,46.7,85.41,-18.26,8
FMR_mfi14<30_pb<=0.25_squeeze_none_h2_mid1_s0.07,mean_rev,8.15,2,147,49.65986394557823,1.7658517929059012,-1.1756095430470737e-06,551.1858419210965,80.29505332165698,-16.756760413622963,87,1.5,0.0,2.3,46.0,43.79,-11.13,2
FMR_mfi14<30_pb<=0.25_squeeze_none_h2_mid0_s0.07,mean_rev,8.15,2,147,49.65986394557823,1.7658517929059012,-1.1756095430470737e-06,551.1858419210965,80.29505332165698,-16.756760413622963,87,1.5,0.0,2.3,46.0,43.79,-11.13,2
FMR_mfi14<25_pb<=0.0_bw40_none_h3_mid1_s0.07,mean_rev,8.14,2,78,58.97435897435898,2.1133991550626825,1.6825617590568887,293.0605254243069,32.60272184943116,-12.658229189760172,81,0.74,0.0,1.2,42.0,23.53,-8.31,1
FMR_mfi14<30_pb<=0.0_none_none_h2_mid0_s0.1,mean_rev,8.12,1,534,52.62172284644194,0.7441833667265555,0.509325383933934,-87.4770374594205,100.0,-50.0,89,3.22,0.19,4.5,51.7,203.08,-27.5,4
FMR_mfi14<30_pb<=0.0_none_none_h2_mid1_s0.1,mean_rev,8.12,1,534,52.62172284644194,0.7441833667265555,0.509325383933934,-87.4770374594205,100.0,-50.0,89,3.22,0.19,4.5,51.7,203.08,-27.5,4
FMR_mfi6<25_pb<=0.15_none_pb_up_h3_mid1_s0.1,mean_rev,8.12,1,500,60.0,2.733649231790303,2.1141803277334947,2511331.9028647216,53.2258064516129,-50.0,89,1.38,1.2,3.4,52.8,32.75,-30.09,3
FMR_mfi6<20_pb<=0.25_none_none_h3_mid1_s0.1,mean_rev,8.12,1,2296,53.09233449477352,1.0688216420584027,0.7466594362230294,2626.921908987464,100.0,-50.0,91,2.13,1.15,9.9,56.0,44.78,-32.91,9
FMR_mfi14<25_pb<=0.25_bw40_none_h3_mid0_s0.1,mean_rev,8.11,2,199,54.773869346733676,1.8133670513016884,0.7874015748031482,1088.1164594998338,61.36919315403424,-22.854291417165673,83,1.0,0.0,1.2,49.4,27.66,-12.06,1
FMR_mfi14<20_pb<=0.25_none_none_h4_mid1_s0.07,mean_rev,8.11,2,660,58.93939393939394,2.218201892795662,2.0645635112232164,318654.90202836663,99.33862433862434,-50.0,90,1.52,0.47,3.3,52.2,29.21,-22.95,3
FMR_mfi13<25_pb<=0.0_bw40_none_h4_mid1_s0.1,mean_rev,8.11,1,98,59.183673469387756,1.775021943545567,2.276145281539921,239.03137146540482,25.96899904390004,-50.0,86,1.62,0.0,2.3,41.9,22.55,-13.79,2
FSQ_mfi6>=45_brk0_mup0_h2_s0.12,squeeze_break,8.1,2,1992,48.04216867469879,1.2738155732219851,-0.3145535162638602,18084908.553452995,100.0,-50.0,90,1.98,1.57,7.8,57.8,33.86,-35.18,7
FMR_mfi14<30_pb<=0.25_bw40_none_h3_mid0_s0.07,mean_rev,8.09,2,413,55.205811138014525,1.681252431048919,1.013421557494576,9335.548084259444,87.16981132075472,-44.9122797287017,89,0.89,0.77,1.1,53.9,38.69,-21.64,1
FMR_mfi14<25_pb<=0.25_none_both_h4_mid1_s0.1,mean_rev,8.06,2,444,61.261261261261254,2.298705738589153,2.4066550820874277,87102.78950287505,80.9123649459784,-50.0,90,1.05,0.99,2.2,55.6,36.13,-28.2,2
FMR_mfi14<30_pb<=0.25_none_pb_up_h3_mid1_s0.1,mean_rev,8.05,2,878,57.744874715261965,2.117363655094314,1.590193312839605,22849938.85244833,100.0,-50.0,90,0.52,0.52,1.1,54.4,22.37,-18.37,1
FWALK_mfi14>=55_pb>=0.8_mup1_h4,band_walk,8.03,2,2715,46.07734806629834,2.5619672892274066,-0.8555121030119239,3.069334458484598e+18,100.0,-50.0,91,1.63,0.41,3.3,51.6,53.1,-17.94,3
FMR_mfi14<25_pb<=0.0_bw40_none_h4_mid1_s0.1,mean_rev,8.03,2,78,57.692307692307686,2.25818896194385,2.1983429797332144,333.4879583187254,32.60272184943116,-16.184978683994434,81,0.84,0.0,1.2,39.5,23.53,-7.74,1
FMR_mfi6<30_pb<=0.0_bw40_none_h4_mid0_s0.1,mean_rev,8.03,2,455,53.62637362637363,1.5490137449289156,0.8720975965067712,3977.3604943830533,100.0,-40.84507035263212,89,0.94,0.69,0.0,60.7,19.22,-24.18,0
FMR_mfi14<20_pb<=0.0_none_none_h3_mid0_s0.1,mean_rev,8.02,2,184,59.2391304347826,1.4147354823164653,2.1046882037614956,-54.612550351065615,61.81383360867483,-50.0,89,1.2,0.0,1.1,41.6,25.85,-11.6,1
FMR_mfi13<25_pb<=0.25_none_both_h4_mid1_s0.1,mean_rev,8.01,2,530,60.18867924528302,2.5141344737413602,2.1570922322538655,816873.9474313308,80.9123649459784,-50.0,90,1.53,0.16,5.6,51.1,44.39,-20.34,5
FMR_mfi14<20_pb<=0.0_none_none_h4_mid1_s0.1,mean_rev,8.01,2,183,56.284153005464475,1.3299808324177058,1.5472312703582958,-69.64100740771084,99.33862433862434,-50.0,89,1.25,0.0,1.1,42.7,43.3,-11.29,1
FMR_mfi6<20_pb<=0.25_bw40_none_h4_mid1_s0.07,mean_rev,7.96,2,876,52.28310502283106,0.8608228737537875,0.7232510343849197,358.27204540103025,66.79999557029998,-50.0,89,1.38,0.76,1.1,53.9,45.94,-23.95,1
FMR_mfi6<30_pb<=0.25_none_both_h4_mid1_s0.07,mean_rev,7.96,2,485,62.47422680412371,3.372102057433605,2.716049382716057,26092247.83030103,81.3989239046887,-50.0,90,0.92,0.96,1.1,57.8,21.39,-29.2,1
FSQ_mfi14>=50_brk1_mup0_h2_s0.08,squeeze_break,7.95,2,978,45.603271983640084,1.4088961777375335,-0.7307809007656207,90861.15610125716,100.0,-34.57364341085272,90,2.48,0.31,8.9,52.2,46.59,-22.59,8
FMR_mfi14<30_pb<=0.0_bw40_none_h3_mid1_s0.1,mean_rev,7.95,2,145,58.620689655172406,1.7828626283461484,1.9417501833142392,673.9460813308941,32.60272184943116,-21.43684086837576,86,0.47,0.0,0.0,47.7,13.27,-10.37,0
FSQ_mfi14>=45_brk1_mup1_h3_s0.08,squeeze_break,7.95,1,889,44.99437570303712,1.8712728730928843,-0.8474570261180592,551877.4268642969,100.0,-34.57364341085272,90,5.2,-0.29,18.9,47.8,85.41,-30.47,17
FMR_mfi13<25_pb<=0.0_none_none_h4_mid0_s0.1,mean_rev,7.94,2,400,55.50000000000001,1.596242605424338,1.4830183341792091,-13.83745272720185,99.33862433862434,-50.0,89,1.66,0.32,2.2,53.9,30.34,-22.63,2
FMR_mfi6<20_pb<=0.25_bw40_none_h4_mid0_s0.07,mean_rev,7.94,2,858,50.6993006993007,1.1060576687166879,0.3291315544383,1248.6269523802723,69.70297542711185,-50.0,89,1.53,1.17,3.4,53.9,30.38,-28.41,3
FMR_mfi13<30_pb<=0.25_squeeze_none_h2_mid0_s0.1,mean_rev,7.93,1,198,50.0,1.5394423829906043,0.09305210918114648,446.45950489992146,80.29505332165698,-38.34115646730751,89,3.26,0.08,6.7,50.6,84.0,-26.02,6
FMR_mfi13<30_pb<=0.25_squeeze_none_h2_mid1_s0.1,mean_rev,7.93,1,198,50.0,1.5394423829906043,0.09305210918114648,446.45950489992146,80.29505332165698,-38.34115646730751,89,3.26,0.08,6.7,50.6,84.0,-26.02,6
FMR_mfi14<30_pb<=0.15_bw40_none_h4_mid1_s0.1,mean_rev,7.93,2,309,58.89967637540453,2.1797239634113597,1.5936075248787818,14781.020117647464,87.16981132075472,-26.755447722225924,88,0.59,0.54,0.0,53.4,15.77,-19.54,0
FMR_mfi14<30_pb<=0.0_bw40_none_h3_mid0_s0.1,mean_rev,7.92,2,145,59.310344827586206,2.089813991949616,2.0011707318801752,1049.7160688938018,32.60272184943116,-21.43684086837576,86,0.5,0.0,0.0,46.5,10.44,-10.37,0
FMR_mfi13<20_pb<=0.15_bw40_none_h4_mid0_s0.1,mean_rev,7.92,1,96,53.125,2.505002729613738,0.4113730853106734,373.93788888756336,51.80503800952485,-26.755447722225924,80,2.1,0.0,3.8,40.0,56.0,-14.27,3
FMR_mfi6<30_pb<=0.15_bw40_pb_up_h4_mid0_s0.1,mean_rev,7.89,2,57,64.91228070175438,5.381533661566884,2.8428196412388917,996.5833381145318,69.70297542711185,-27.647713578859832,82,1.37,0.0,1.2,30.5,38.93,-9.97,1
FMR_mfi14<30_pb<=0.15_squeeze_none_h4_mid0_s0.1,mean_rev,7.89,2,78,57.692307692307686,4.276503297043019,1.156720299331615,1207.3210277897704,61.71122994652407,-22.87581699346405,87,1.39,0.0,3.4,37.9,24.55,-10.93,3
FMR_mfi6<25_pb<=0.0_bw40_none_h4_mid0_s0.1,mean_rev,7.88,2,389,52.44215938303341,1.4114006698456705,0.5934734503340033,1570.904483794725,100.0,-35.61643942105713,89,0.2,0.68,0.0,57.3,16.53,-18.23,0
FMR_mfi13<30_pb<=0.15_none_both_h4_mid1_s0.07,mean_rev,7.88,2,340,61.47058823529412,3.530381016435867,2.271207496103911,429800.63380360714,81.3989239046887,-50.0,90,1.88,0.0,4.4,47.8,34.65,-20.37,4
FMR_mfi14<25_pb<=0.15_bw40_none_h3_mid1_s0.1,mean_rev,7.87,2,152,57.89473684210527,1.9863456747743768,1.2000216801083985,948.4571244171841,41.80929095354524,-22.854291417165673,81,0.7,0.0,0.0,48.1,14.77,-12.06,0
FMR_mfi13<20_pb<=0.15_bw40_none_h4_mid1_s0.1,mean_rev,7.87,1,96,55.208333333333336,1.6065525613648661,1.329047465620925,159.2970842101384,50.68493150684932,-26.755447722225924,80,1.51,0.0,1.2,41.2,25.74,-12.4,1
FMR_mfi13<25_pb<=0.25_bw40_none_h4_mid0_s0.1,mean_rev,7.87,1,262,52.67175572519084,1.532418790065076,0.4113730853106734,447.7956869081237,61.71122994652407,-50.0,87,1.54,0.36,2.3,51.7,38.67,-20.4,2
FMR_mfi14<25_pb<=0.25_none_both_h3_mid0_s0.07,mean_rev,7.86,2,447,56.152125279642064,2.4147752084351386,1.4802934163328008,112241.70625607052,81.3989239046887,-50.0,90,1.46,0.52,3.3,51.1,39.57,-22.66,3
FMR_mfi14<20_pb<=0.15_bw40_none_h3_mid1_s0.1,mean_rev,7.85,2,71,61.97183098591549,2.488660665458457,1.4603616133518793,289.88554710707774,50.68493150684932,-22.854291417165673,80,1.01,0.0,1.2,31.2,27.71,-7.19,1
FMR_mfi14<25_pb<=0.25_none_both_h3_mid1_s0.1,mean_rev,7.84,2,444,58.55855855855856,1.9871044953315085,1.9249286602437188,26698.142894404027,80.9123649459784,-50.0,90,1.12,0.38,2.2,53.3,39.75,-21.39,2
FMR_mfi13<20_pb<=0.0_bw40_none_h3_mid0_s0.07,mean_rev,7.84,2,44,65.9090909090909,2.2518365311214286,2.98909580117539,134.4871346139084,20.10968424817854,-10.557939914163095,80,0.52,0.0,0.0,30.0,13.77,-5.3,0
FMR_mfi14<30_pb<=0.25_bw40_none_h4_mid1_s0.07,mean_rev,7.83,2,411,56.447688564476884,1.6200395936351044,1.320359659857484,7417.236600347968,87.16981132075472,-44.9122797287017,89,0.83,0.66,1.1,53.9,51.59,-21.94,1
FMR_mfi6<25_pb<=0.0_bw40_none_h4_mid1_s0.07,mean_rev,7.83,2,395,54.43037974683544,1.4415296074196244,1.317957166392092,2384.3190923975867,100.0,-35.61643942105713,89,0.53,0.73,2.2,56.2,21.66,-21.18,2
FMR_mfi14<25_pb<=0.25_none_both_h4_mid1_s0.07,mean_rev,7.83,2,447,59.95525727069351,2.4590224233044684,2.1660688922024773,154996.51230739645,81.3989239046887,-50.0,90,1.22,1.16,3.3,56.7,36.13,-32.11,3
FMR_mfi13<30_pb<=0.15_bw40_none_h3_mid1_s0.07,mean_rev,7.83,1,362,55.24861878453039,1.8815960312179147,1.0555973315018008,9163.044631095261,100.0,-50.0,89,1.04,0.77,1.1,51.7,26.46,-22.74,1
FMR_mfi14<20_pb<=0.15_bw40_none_h4_mid1_s0.1,mean_rev,7.81,2,71,59.154929577464785,2.7707568466387835,1.284795923273574,353.91736968259437,50.68493150684932,-22.854291417165673,80,1.12,0.0,1.2,30.0,27.71,-6.34,1
FMR_mfi14<30_pb<=0.15_none_pb_up_h4_mid1_s0.07,mean_rev,7.81,2,487,60.16427104722793,3.073918181415998,2.134127134766195,4702674.928087849,81.3989239046887,-50.0,90,1.5,0.01,2.2,50.0,40.81,-19.13,2
FWALK_mfi6>=55_pb>=0.8_mup1_h4,band_walk,7.79,1,2857,47.04235211760588,2.6557874225188627,-0.679347674232289,8.354598646683789e+20,100.0,-50.0,91,3.89,0.6,13.2,52.7,100.0,-35.58,12
FMR_mfi6<30_pb<=0.15_bw40_none_h3_mid0_s0.07,mean_rev,7.79,1,1007,53.42601787487587,1.4530306913231235,0.7228852125008345,127246.78154220342,100.0,-50.0,89,0.96,1.04,7.9,55.1,36.32,-26.11,7
FMR_mfi14<25_pb<=0.25_none_pb_up_h4_mid1_s0.1,mean_rev,7.77,1,612,60.62091503267973,2.304667840248873,2.184962820756886,1193537.7539524534,100.0,-50.0,90,0.94,0.92,4.4,55.6,30.73,-28.06,4
FMR_mfi6<25_pb<=0.15_none_none_h4_mid0_s0.07,mean_rev,7.77,1,2102,52.28353948620361,1.929191361760162,0.629182373367676,716597037.2225354,100.0,-50.0,91,2.37,0.36,8.8,53.8,66.24,-26.79,8
FMR_mfi14<25_pb<=0.0_bw40_none_h4_mid0_s0.07,mean_rev,7.77,2,78,56.41025641025641,2.9044645089553045,1.9034569512772825,564.4881862637379,32.60272184943116,-16.184978683994434,81,0.88,0.0,1.2,38.3,21.44,-8.14,1
FMR_mfi14<25_pb<=0.15_bw40_none_h3_mid0_s0.1,mean_rev,7.77,2,152,57.89473684210527,2.577687348678915,1.0643344972188995,1933.289795251813,61.36919315403424,-22.854291417165673,81,0.82,0.0,1.2,45.7,20.35,-12.06,1
FMR_mfi14<25_pb<=0.25_bw40_none_h3_mid1_s0.07,mean_rev,7.76,2,199,55.778894472361806,1.4580202030697256,0.8995376455290582,678.5229399927083,41.80929095354524,-19.303797468354432,83,0.74,0.0,1.2,48.2,20.46,-12.06,1
FMR_mfi6<20_pb<=0.25_bw40_none_h4_mid0_s0.1,mean_rev,7.75,1,855,51.578947368421055,1.0690302356284087,0.4106776180698102,613.5484071495457,69.70297542711185,-50.0,89,2.41,1.02,9.0,56.2,49.46,-34.62,8
FMR_mfi13<20_pb<=0.0_bw40_none_h4_mid0_s0.07,mean_rev,7.75,2,44,63.63636363636363,2.86193715696568,2.6355664706868454,193.2426836640091,22.486289936079373,-16.184978683994434,80,0.67,0.0,0.0,31.2,14.67,-6.34,0
FWALK_mfi14>=55_pb>=0.7_mup1_h4,band_walk,7.75,1,2938,46.119809394145676,2.457366848005892,-0.8587905342645807,5.469637714600999e+18,100.0,-50.0,91,2.0,0.57,7.7,50.5,44.04,-22.66,7
FMR_mfi6<30_pb<=0.25_bw40_pb_up_h4_mid0_s0.07,mean_rev,7.74,2,127,60.629921259842526,2.6391910538803645,1.8102059554328198,1146.9233847327655,69.70297542711185,-27.647713578859832,88,0.59,0.0,2.3,42.0,24.31,-10.07,2
FMR_mfi14<30_pb<=0.0_none_none_h4_mid0_s0.1,mean_rev,7.74,2,522,58.620689655172406,2.5439920269314173,2.4931679313716315,20167.272301204695,100.0,-50.0,89,1.49,0.32,1.1,51.7,80.78,-22.73,1
FMR_mfi13<20_pb<=0.15_bw40_none_h2_mid0_s0.1,mean_rev,7.73,1,96,53.125,1.3039170286968966,0.8551542579933957,142.99104074501838,50.68493150684932,-15.653775322283614,79,1.3,0.0,1.3,40.5,44.2,-10.65,1
FMR_mfi13<20_pb<=0.15_bw40_none_h2_mid0_s0.07,mean_rev,7.73,1,96,53.125,1.3039170286968966,0.8551542579933957,142.99104074501838,50.68493150684932,-15.653775322283614,79,1.3,0.0,1.3,40.5,44.2,-10.65,1
FMR_mfi13<20_pb<=0.15_bw40_none_h2_mid1_s0.1,mean_rev,7.73,1,96,53.125,1.3039170286968966,0.8551542579933957,142.99104074501838,50.68493150684932,-15.653775322283614,79,1.3,0.0,1.3,40.5,44.2,-10.65,1
FMR_mfi13<20_pb<=0.15_bw40_none_h2_mid1_s0.07,mean_rev,7.73,1,96,53.125,1.3039170286968966,0.8551542579933957,142.99104074501838,50.68493150684932,-15.653775322283614,79,1.3,0.0,1.3,40.5,44.2,-10.65,1
FMR_mfi14<30_pb<=0.15_none_pb_up_h4_mid0_s0.1,mean_rev,7.72,1,482,57.05394190871369,3.4073403421488235,1.8363197200107706,15396902.050748985,80.9123649459784,-50.0,90,1.97,0.0,5.6,46.7,84.91,-19.41,5
FWALK_mfi6>=50_pb>=0.85_mup0_h2,band_walk,7.71,2,3343,49.29703858809453,1.8299175118948685,-0.1009020289526541,1.0341593504870588e+18,100.0,-50.0,91,2.76,0.45,12.1,52.7,44.29,-28.59,11
FMR_mfi13<25_pb<=0.0_none_none_h4_mid0_s0.07,mean_rev,7.7,1,400,55.25,1.3441205605743272,1.38098584304579,-66.93463867364518,99.33862433862434,-50.0,89,1.94,0.33,5.6,52.8,38.26,-24.94,5
FMR_mfi6<30_pb<=0.25_none_both_h3_mid1_s0.1,mean_rev,7.69,2,482,60.16597510373444,2.749206688555998,2.2625240659092216,1623957.2245349113,61.67340674546287,-50.0,90,0.7,0.59,0.0,53.3,16.63,-22.36,0
FMR_mfi6<20_pb<=0.25_bw40_none_h3_mid1_s0.07,mean_rev,7.69,2,889,52.08098987626547,0.7620201774538311,0.6000000000000005,214.48585918444616,66.79999557029998,-50.0,89,1.25,0.83,5.6,53.9,43.85,-25.14,5
FMR_mfi14<30_pb<=0.15_none_pb_up_h3_mid1_s0.07,mean_rev,7.68,2,488,57.99180327868852,2.7693926684777668,1.7739119697489425,1365918.1000328737,81.3989239046887,-50.0,89,1.33,0.05,3.4,51.7,47.05,-19.13,3
FMR_mfi13<20_pb<=0.0_bw40_none_h4_mid0_s0.1,mean_rev,7.68,1,44,63.63636363636363,2.7334038030249133,2.6355664706868454,175.482240481013,22.486289936079373,-16.184978683994434,80,1.21,0.0,0.0,36.2,19.66,-12.4,0
FSQ_mfi6>=55_brk1_mup0_h3_s0.12,squeeze_break,7.68,1,980,45.816326530612244,1.558458283406576,-0.8062053111677903,104490.39168970278,100.0,-34.57364341085272,90,3.61,0.33,10.0,51.1,85.41,-30.43,9
FMR_mfi13<25_pb<=0.25_none_both_h4_mid0_s0.1,mean_rev,7.68,2,530,55.84905660377358,2.9357829971720517,1.6447434652103188,3456846.6451910916,82.85715320393561,-50.0,90,0.78,0.59,2.2,55.6,26.25,-22.31,2
FMR_mfi13<20_pb<=0.0_bw40_none_h3_mid1_s0.1,mean_rev,7.68,2,44,65.9090909090909,2.0900994789958447,2.98909580117539,119.14622486922366,17.689522630977006,-12.175633124298347,80,0.5,0.0,0.0,28.7,13.77,-5.3,0
FMR_mfi14<30_pb<=0.0_bw40_none_h4_mid0_s0.1,mean_rev,7.68,2,144,59.72222222222222,2.565959647158598,2.3912914444214173,1883.092657776444,32.94203961848863,-21.43684086837576,86,0.63,0.0,0.0,44.2,16.96,-11.39,0
FMR_mfi6<20_pb<=0.0_bw40_none_h3_mid0_s0.1,mean_rev,7.67,2,332,53.6144578313253,0.7955212397839447,0.9612573691446857,121.23983022757999,51.560693641618506,-35.61643942105713,89,0.65,0.43,3.4,53.9,34.31,-18.23,3
FMR_mfi14<20_pb<=0.15_bw40_none_h3_mid0_s0.1,mean_rev,7.67,2,71,60.56338028169014,3.2140365842623546,1.4603616133518793,508.20811257311374,51.80503800952485,-22.854291417165673,80,1.05,0.0,0.0,30.0,18.58,-7.19,0
FMR_mfi14<30_pb<=0.15_bw40_none_h3_mid1_s0.07,mean_rev,7.67,2,310,57.096774193548384,2.0746414774069826,1.4040915649728314,13667.27359609491,87.16981132075472,-26.755447722225924,88,1.18,0.61,1.1,55.7,41.49,-25.52,1
FSQ_mfi6>=45_brk1_mup1_h3_s0.12,squeeze_break,7.66,2,893,45.24076147816349,1.7265466023326639,-0.8510609772151123,178057.40688345986,100.0,-34.57364341085272,90,2.29,0.38,7.8,52.2,47.2,-23.45,7
FMR_mfi14<25_pb<=0.25_none_both_h3_mid1_s0.07,mean_rev,7.66,2,447,57.71812080536913,2.182614853660859,1.6100198795491183,51909.20696971185,81.3989239046887,-50.0,90,1.24,0.38,3.3,53.3,39.75,-22.66,3
FMR_mfi6<25_pb<=0.25_squeeze_none_h3_mid1_s0.1,mean_rev,7.65,2,380,49.73684210526316,-0.273801282169216,-5.878047715235368e-07,-99.16180616863267,72.84974684373167,-50.0,90,0.67,0.64,0.0,54.4,17.39,-19.26,0
FMR_mfi13<20_pb<=0.0_bw40_none_h2_mid1_s0.1,mean_rev,7.64,2,44,63.63636363636363,2.0960605684458273,3.007734051190014,129.1175076982875,13.745016563780865,-9.491522990938183,79,0.5,0.0,0.0,29.1,7.17,-4.8,0
FMR_mfi6<20_pb<=0.0_none_none_h4_mid1_s0.07,mean_rev,7.64,2,900,54.11111111111111,1.4680606105828125,1.0569024375934433,457.9121893100182,99.33862433862434,-50.0,91,0.93,1.14,4.4,59.3,43.02,-30.06,4
FMR_mfi13<20_pb<=0.0_bw40_none_h2_mid1_s0.07,mean_rev,7.64,2,44,63.63636363636363,2.0960605684458273,3.007734051190014,129.1175076982875,13.745016563780865,-9.491522990938183,79,0.5,0.0,0.0,29.1,7.17,-4.8,0
FMR_mfi13<20_pb<=0.0_bw40_none_h2_mid0_s0.07,mean_rev,7.64,2,44,63.63636363636363,2.0960605684458273,3.007734051190014,129.1175076982875,13.745016563780865,-9.491522990938183,79,0.5,0.0,0.0,29.1,7.17,-4.8,0
FMR_mfi13<20_pb<=0.0_bw40_none_h2_mid0_s0.1,mean_rev,7.64,2,44,63.63636363636363,2.0960605684458273,3.007734051190014,129.1175076982875,13.745016563780865,-9.491522990938183,79,0.5,0.0,0.0,29.1,7.17,-4.8,0
FMR_mfi14<20_pb<=0.15_bw40_none_h4_mid0_s0.1,mean_rev,7.64,2,71,56.33802816901409,4.496748664885753,0.68965626097095,1130.4519580312017,51.80503800952485,-22.854291417165673,80,1.17,0.0,1.2,30.0,21.9,-6.34,1
FMR_mfi14<30_pb<=0.0_bw40_none_h4_mid1_s0.1,mean_rev,7.63,2,144,60.416666666666664,1.78378222955736,2.0486588706790876,667.1628541888564,32.60272184943116,-21.43684086837576,86,0.45,0.0,0.0,45.3,14.34,-11.39,0
FMR_mfi14<25_pb<=0.25_none_pb_up_h4_mid1_s0.07,mean_rev,7.63,2,617,59.15721231766613,2.3612757172269525,1.923086321533618,1722688.925290899,100.0,-50.0,90,1.08,1.16,2.2,58.9,26.52,-33.05,2
FWALK_mfi6>=50_pb>=0.8_mup0_h2,band_walk,7.62,2,3669,49.65930771327337,1.81630220379723,-6.859176604478989e-06,3.988585495424774e+19,100.0,-50.0,91,1.54,0.7,5.5,54.9,53.1,-25.47,5
FMR_mfi6<30_pb<=0.25_bw40_pb_up_h4_mid0_s0.1,mean_rev,7.61,2,127,60.629921259842526,2.6913229829604672,1.9771052608987372,1215.6776241613254,69.70297542711185,-27.647713578859832,88,0.57,0.0,2.3,40.9,24.31,-10.07,2
FMR_mfi14<30_pb<=0.15_squeeze_none_h4_mid1_s0.1,mean_rev,7.61,2,78,57.692307692307686,2.9106457949323348,1.6199051886346072,476.1469152769059,61.71122994652407,-22.87581699346405,87,0.89,0.0,1.1,33.3,24.44,-7.0,1
FMR_mfi13<30_pb<=0.15_squeeze_none_h4_mid0_s0.07,mean_rev,7.6,1,104,52.88461538461539,3.7522404360762165,0.8693036549609956,1028.5499664783376,100.0,-38.34115646730751,89,3.4,0.0,7.9,44.9,102.25,-26.02,7
FMR_mfi14<25_pb<=0.25_bw40_none_h3_mid1_s0.1,mean_rev,7.58,2,199,56.28140703517588,1.414172559057872,1.013421557494576,591.2842312499835,41.80929095354524,-22.854291417165673,83,0.56,0.0,0.0,48.2,17.31,-12.06,0
FMR_mfi13<30_pb<=0.15_bw40_none_h4_mid1_s0.07,mean_rev,7.58,1,360,56.111111111111114,2.1365693206301177,1.39919993359362,18405.18364920421,100.0,-50.0,89,1.77,0.0,2.2,49.4,36.07,-19.87,2
FMR_mfi14<30_pb<=0.0_none_none_h4_mid1_s0.1,mean_rev,7.57,2,522,58.81226053639846,2.030053990581605,1.9708565688723811,2136.0056268115172,100.0,-50.0,89,1.89,0.03,3.4,50.6,80.78,-22.63,3
FMR_mfi14<20_pb<=0.15_bw40_none_h4_mid1_s0.07,mean_rev,7.57,2,71,59.154929577464785,2.7617455924315526,1.284795923273574,356.6005308657812,50.68493150684932,-16.184978683994434,80,1.07,0.0,1.2,28.7,27.71,-6.56,1
FMR_mfi6<25_pb<=0.15_bw40_none_h4_mid0_s0.1,mean_rev,7.56,2,815,52.02453987730061,1.414337854185201,0.4282677219829667,16308.463829674116,100.0,-50.0,89,0.65,1.43,3.4,53.9,22.9,-28.18,3
FMR_mfi6<30_pb<=0.0_none_none_h4_mid0_s0.1,mean_rev,7.56,2,1122,55.080213903743314,2.4756563805548,1.2062358778974325,63599016.79648322,100.0,-50.0,91,1.6,0.68,3.3,54.9,76.27,-28.07,3
FSQ_mfi14>=55_brk1_mup0_h4_s0.08,squeeze_break,7.56,2,935,43.85026737967914,2.0995751980440778,-1.2130376140599197,2644624.077777404,100.0,-34.57364341085272,90,2.07,0.03,8.9,50.0,43.65,-17.44,8
FMR_mfi14<20_pb<=0.15_bw40_none_h3_mid1_s0.07,mean_rev,7.54,2,71,60.56338028169014,2.5199789079063413,1.284795923273574,307.95717595559216,50.68493150684932,-15.069860279441116,80,0.94,0.0,1.2,30.0,27.71,-7.19,1
FMR_mfi14<25_pb<=0.0_bw40_none_h4_mid0_s0.1,mean_rev,7.54,2,78,56.41025641025641,2.9051179287990507,1.9034569512772825,564.3046520702378,32.60272184943116,-16.184978683994434,81,0.8,0.0,1.2,37.0,21.44,-8.14,1
FSQ_mfi6>=55_brk0_mup0_h4_s0.12,squeeze_break,7.54,2,1877,46.403835908364414,1.8640527367062787,-0.7000968472423041,1698540705.2184985,100.0,-50.0,90,1.98,-0.14,7.8,50.0,47.77,-16.36,7
FMR_mfi14<20_pb<=0.0_none_none_h2_mid0_s0.07,mean_rev,7.53,2,184,52.17391304347826,0.27060581189462696,0.4131549065788054,-91.30208838743167,57.0491668276303,-50.0,89,1.15,0.0,0.0,39.3,17.72,-9.76,0
FMR_mfi13<20_pb<=0.0_bw40_none_h4_mid1_s0.1,mean_rev,7.53,2,44,65.9090909090909,2.364341577359025,3.1560034530399905,146.0478286371708,17.689522630977006,-16.184978683994434,80,0.55,0.0,0.0,28.7,13.77,-6.34,0
FMR_mfi14<20_pb<=0.0_none_none_h2_mid1_s0.07,mean_rev,7.53,2,184,52.17391304347826,0.27060581189462696,0.4131549065788054,-91.30208838743167,57.0491668276303,-50.0,89,1.15,0.0,0.0,39.3,17.72,-9.76,0
FMR_mfi14<20_pb<=0.15_bw40_none_h4_mid0_s0.07,mean_rev,7.53,2,71,56.33802816901409,4.487737410678521,0.68965626097095,1137.7253103020648,51.80503800952485,-16.184978683994434,80,1.22,0.0,1.2,28.7,21.9,-6.56,1
FMR_mfi14<25_pb<=0.25_squeeze_none_h4_mid0_s0.1,mean_rev,7.52,2,64,60.9375,3.2354513001084744,1.9826419556901564,390.1038799155767,48.28432354004492,-21.170607502592574,87,0.94,0.0,2.3,33.3,23.81,-9.09,2
FMR_mfi14<20_pb<=0.25_bw40_none_h4_mid1_s0.1,mean_rev,7.52,2,93,58.06451612903226,2.278362789686966,1.7704151138963287,356.72147033603324,50.68493150684932,-22.854291417165673,83,1.02,0.0,2.4,32.5,27.71,-8.01,2
FSQ_mfi14>=50_brk1_mup0_h2_s0.12,squeeze_break,7.51,2,978,45.807770961145195,1.472591179102621,-0.7307809007656207,138942.89891001696,100.0,-34.57364341085272,90,2.48,0.14,7.8,51.1,46.59,-22.59,7
FMR_mfi14<30_pb<=0.15_bw40_none_h3_mid1_s0.1,mean_rev,7.5,2,310,57.41935483870968,2.009520179055899,1.447622867664633,10678.1045029044,87.16981132075472,-26.755447722225924,88,1.02,0.61,1.1,55.7,41.49,-25.52,1
FMR_mfi14<30_pb<=0.15_none_both_h4_mid0_s0.07,mean_rev,7.49,1,298,57.71812080536913,4.001253039228423,2.070825259862019,420521.1871142451,81.3989239046887,-50.0,90,1.85,0.25,3.3,52.2,56.01,-25.36,3
FMR_mfi14<20_pb<=0.25_bw40_none_h2_mid0_s0.1,mean_rev,7.49,2,93,55.91397849462365,1.7236537226092135,1.0344786468528655,243.74615515778407,50.68493150684932,-15.069860279441116,83,0.83,0.0,1.2,30.1,31.18,-4.96,1
FMR_mfi13<30_pb<=0.25_none_pb_up_h4_mid0_s0.1,mean_rev,7.49,2,980,56.224489795918366,2.858921833570285,1.457933504520459,11592429541.388277,100.0,-50.0,91,1.01,0.26,3.3,50.5,35.13,-18.95,3
FSQ_mfi14>=55_brk0_mup1_h4_s0.12,squeeze_break,7.49,2,1562,45.774647887323944,1.7872961621821177,-0.8177691547281651,24530641.766869236,100.0,-50.0,90,2.23,0.05,6.7,51.1,40.86,-20.29,6
FMR_mfi14<20_pb<=0.25_bw40_none_h2_mid1_s0.1,mean_rev,7.49,2,93,55.91397849462365,1.7236537226092135,1.0344786468528655,243.74615515778407,50.68493150684932,-15.069860279441116,83,0.83,0.0,1.2,30.1,31.18,-4.96,1
FMR_mfi6<25_pb<=0.25_squeeze_none_h3_mid0_s0.1,mean_rev,7.49,2,380,48.421052631578945,-0.04645531285066816,-0.3248753365835799,-98.51256333279923,72.84974684373167,-50.0,90,0.67,0.55,1.1,55.6,23.96,-19.26,1
FMR_mfi6<30_pb<=0.25_bw40_pb_up_h2_mid1_s0.1,mean_rev,7.48,2,129,56.58914728682171,2.0809289023073445,0.9445141475172392,701.3813741487832,48.71286666570225,-19.408866995073893,88,0.94,0.0,1.1,39.8,24.31,-10.79,1
FMR_mfi14<25_pb<=0.25_squeeze_none_h4_mid0_s0.07,mean_rev,7.48,2,64,60.9375,3.3408735344894005,1.9826419556901564,430.8788947479833,48.28432354004492,-21.170607502592574,87,1.01,0.0,2.3,33.3,23.81,-9.66,2
FMR_mfi6<30_pb<=0.25_bw40_pb_up_h2_mid0_s0.1,mean_rev,7.48,2,129,56.58914728682171,2.0809289023073445,0.9445141475172392,701.3813741487832,48.71286666570225,-19.408866995073893,88,0.94,0.0,1.1,39.8,24.31,-10.79,1
FMR_mfi13<20_pb<=0.0_bw40_none_h4_mid1_s0.07,mean_rev,7.46,2,44,65.9090909090909,2.4928749312997924,3.1560034530399905,161.91062426849624,17.689522630977006,-16.184978683994434,80,0.59,0.0,0.0,27.5,13.77,-6.34,0
FMR_mfi14<20_pb<=0.0_none_none_h2_mid1_s0.1,mean_rev,7.46,2,184,52.17391304347826,0.2179302266103462,0.4131549065788054,-92.22459416452224,57.0491668276303,-50.0,89,1.09,0.0,0.0,39.3,17.72,-9.76,0
FMR_mfi14<30_pb<=0.25_bw40_none_h3_mid0_s0.1,mean_rev,7.46,2,413,55.44794188861986,1.636719069471449,1.0134882642125254,7399.615638957764,87.16981132075472,-44.9122797287017,89,0.71,0.61,1.1,52.8,38.69,-21.64,1
FMR_mfi14<20_pb<=0.0_none_none_h2_mid0_s0.1,mean_rev,7.46,2,184,52.17391304347826,0.2179302266103462,0.4131549065788054,-92.22459416452224,57.0491668276303,-50.0,89,1.09,0.0,0.0,39.3,17.72,-9.76,0
FMR_mfi6<30_pb<=0.25_bw40_pb_up_h2_mid0_s0.07,mean_rev,7.45,2,129,56.58914728682171,2.044980558292027,0.9445141475172392,660.7919283099337,48.71286666570225,-19.408866995073893,88,0.92,0.0,1.1,39.8,24.31,-10.79,1
FMR_mfi6<30_pb<=0.25_bw40_pb_up_h2_mid1_s0.07,mean_rev,7.45,2,129,56.58914728682171,2.044980558292027,0.9445141475172392,660.7919283099337,48.71286666570225,-19.408866995073893,88,0.92,0.0,1.1,39.8,24.31,-10.79,1
FMR_mfi13<25_pb<=0.0_bw40_none_h4_mid0_s0.07,mean_rev,7.43,1,98,57.14285714285714,2.31806508087637,1.9034569512772825,422.7236186794297,24.22480928945148,-50.0,86,1.29,0.0,0.0,40.7,16.16,-13.79,0
FMR_mfi14<30_pb<=0.0_bw40_none_h3_mid0_s0.07,mean_rev,7.42,2,145,58.620689655172406,2.0532847465604265,1.9417501833142392,990.508518693195,32.60272184943116,-21.43684086837576,86,0.48,0.0,0.0,46.5,10.44,-12.5,0
FMR_mfi6<20_pb<=0.15_bw40_none_h2_mid1_s0.07,mean_rev,7.42,2,705,47.5177304964539,0.34809004144377886,-0.44248079810346175,-44.623505083703776,49.433962264150935,-34.98292711270018,89,0.45,0.44,0.0,52.8,19.34,-15.4,0
FMR_mfi6<20_pb<=0.15_bw40_none_h2_mid0_s0.07,mean_rev,7.42,2,705,47.5177304964539,0.34809004144377886,-0.44248079810346175,-44.623505083703776,49.433962264150935,-34.98292711270018,89,0.45,0.44,0.0,52.8,19.34,-15.4,0
FSQ_mfi6>=50_brk1_mup0_h2_s0.08,squeeze_break,7.41,1,991,45.50958627648839,1.3553419610852577,-0.7421150278293154,62996.552543795755,100.0,-34.57364341085272,90,3.64,-0.19,11.1,47.8,98.67,-24.99,10
FMR_mfi6<20_pb<=0.0_none_none_h3_mid0_s0.07,mean_rev,7.41,2,906,52.53863134657837,0.6964365383455043,0.6706341979754948,-99.08200842573535,73.94365848333987,-50.0,91,1.29,0.77,3.3,57.1,27.31,-27.97,3
FMR_mfi6<25_pb<=0.25_squeeze_none_h4_mid1_s0.1,mean_rev,7.39,2,377,51.724137931034484,0.18188357455157272,0.41668029367853965,-96.75803396909527,72.84974684373167,-50.0,90,1.27,0.39,0.0,54.4,19.95,-22.48,0
FMR_mfi14<20_pb<=0.25_none_none_h3_mid0_s0.1,mean_rev,7.36,2,660,56.666666666666664,1.9776240092403956,1.5931010080757813,72694.76944534268,84.1765391954588,-50.0,90,1.12,0.01,3.3,50.0,37.36,-17.7,3
FMR_mfi13<25_pb<=0.0_bw40_none_h4_mid0_s0.1,mean_rev,7.36,1,98,57.14285714285714,2.2654952839539457,1.9034569512772825,394.0659536437134,24.22480928945148,-50.0,86,1.23,0.0,0.0,40.7,16.16,-13.79,0
FWALK_mfi14>=50_pb>=0.7_mup0_h4,band_walk,7.35,2,3541,46.65348771533465,2.525496464539776,-0.7173537718553891,2.962965819627863e+23,100.0,-50.0,91,2.47,0.1,6.6,51.6,47.11,-23.52,6
FMR_mfi6<30_pb<=0.15_bw40_pb_up_h4_mid1_s0.07,mean_rev,7.35,2,57,64.91228070175438,4.152064329891907,2.6170882872589285,524.1810583223125,48.71286666570225,-27.647713578859832,82,1.23,0.0,2.4,26.8,34.86,-9.97,2
FMR_mfi14<20_pb<=0.15_bw40_none_h3_mid0_s0.07,mean_rev,7.35,2,71,59.154929577464785,3.245354826710239,1.284795923273574,536.399235210594,51.80503800952485,-15.069860279441116,80,0.99,0.0,0.0,28.7,18.58,-7.19,0
FMR_mfi14<30_pb<=0.15_squeeze_none_h4_mid0_s0.07,mean_rev,7.34,2,78,56.41025641025641,3.3106992988777515,0.97725689575624,556.9745973495569,61.71122994652407,-22.87581699346405,87,1.02,0.0,2.3,37.9,24.55,-10.93,2
FMR_mfi14<20_pb<=0.0_none_none_h3_mid1_s0.07,mean_rev,7.33,2,184,58.152173913043484,1.2626255000459563,1.3725787683127266,-63.83193852761927,61.81383360867483,-50.0,89,1.33,0.0,1.1,41.6,25.85,-15.38,1
FMR_mfi13<30_pb<=0.25_squeeze_none_h4_mid0_s0.07,mean_rev,7.33,2,195,55.38461538461539,3.509244601358521,1.4227683401392355,6569.602280135399,100.0,-50.0,89,2.2,0.11,7.9,51.7,36.06,-25.64,7
FMR_mfi14<30_pb<=0.0_bw40_none_h3_mid1_s0.07,mean_rev,7.31,2,145,57.931034482758626,1.7463333829569585,1.904761904761898,634.0897614074462,32.60272184943116,-21.43684086837576,86,0.44,0.0,0.0,46.5,13.27,-12.5,0
FMR_mfi6<20_pb<=0.15_bw40_none_h2_mid1_s0.1,mean_rev,7.31,2,705,47.65957446808511,0.35008252469074863,-0.4319622974917725,-43.876947711737635,49.433962264150935,-34.98292711270018,89,0.35,0.44,0.0,52.8,19.34,-15.4,0
FMR_mfi6<25_pb<=0.15_none_pb_up_h3_mid0_s0.1,mean_rev,7.31,1,500,58.599999999999994,2.734888326610231,1.9905259527095098,2089268.7579360602,69.70297542711185,-50.0,89,1.05,1.01,3.4,50.6,32.75,-28.58,3
FMR_mfi6<20_pb<=0.15_bw40_none_h2_mid0_s0.1,mean_rev,7.31,2,705,47.65957446808511,0.35008252469074863,-0.4319622974917725,-43.876947711737635,49.433962264150935,-34.98292711270018,89,0.35,0.44,0.0,52.8,19.34,-15.4,0
FMR_mfi13<20_pb<=0.0_bw40_none_h3_mid1_s0.07,mean_rev,7.31,2,44,63.63636363636363,1.9637168443611919,2.5980859489586394,108.28661780633908,17.689522630977006,-10.557939914163095,80,0.44,0.0,0.0,27.5,13.77,-5.3,0
FSQ_mfi14>=55_brk1_mup1_h4_s0.12,squeeze_break,7.29,2,844,43.95734597156398,2.072045809279384,-1.1500199139822531,496382.08996079746,100.0,-34.57364341085272,90,2.09,0.15,5.6,51.1,31.95,-20.7,5
FSQ_mfi14>=55_brk0_mup0_h3_s0.12,squeeze_break,7.28,2,1814,46.47188533627343,1.5714486565564862,-0.6154094814597721,51332686.713057846,100.0,-50.0,90,2.59,1.26,10.0,57.8,53.83,-39.23,9
FMR_mfi14<20_pb<=0.25_bw40_none_h2_mid1_s0.07,mean_rev,7.28,2,93,55.91397849462365,1.6737898905879673,1.0344786468528655,226.33563577566096,50.68493150684932,-15.069860279441116,83,0.8,0.0,1.2,30.1,31.18,-5.83,1
FMR_mfi14<20_pb<=0.0_none_none_h4_mid0_s0.07,mean_rev,7.28,1,183,57.377049180327866,1.8399376245906207,2.3255626088612535,-31.026823877491093,99.33862433862434,-50.0,89,2.59,0.0,2.2,44.9,99.34,-24.53,2
FMR_mfi14<20_pb<=0.25_bw40_none_h2_mid0_s0.07,mean_rev,7.28,2,93,55.91397849462365,1.6737898905879673,1.0344786468528655,226.33563577566096,50.68493150684932,-15.069860279441116,83,0.8,0.0,1.2,30.1,31.18,-5.83,1
FSQ_mfi14>=50_brk1_mup1_h3_s0.08,squeeze_break,7.27,1,875,44.91428571428571,1.83144765719498,-0.8695652173912993,336471.90520701447,100.0,-34.57364341085272,90,2.33,1.21,12.2,52.2,85.41,-33.82,11
FWALK_mfi6>=50_pb>=0.7_mup0_h2,band_walk,7.27,2,4129,49.62460644223783,1.7613468686760867,-7.1542859969575545e-06,1.314465904551116e+21,100.0,-50.0,91,1.17,1.85,2.2,52.7,47.64,-35.36,2
FMR_mfi13<30_pb<=0.0_bw40_none_h3_mid0_s0.1,mean_rev,7.26,2,166,56.62650602409639,2.5177294156904986,1.8144496874317406,1617.8205470482333,100.0,-50.0,89,1.01,0.13,0.0,51.7,19.74,-19.57,0
FMR_mfi6<20_pb<=0.15_none_none_h4_mid0_s0.1,mean_rev,7.25,1,1834,52.88985823336968,1.979292298114737,0.8633992256038114,213515370.84570634,99.33862433862434,-50.0,91,1.55,0.37,6.6,52.7,41.03,-24.28,6
FMR_mfi14<30_pb<=0.15_none_both_h3_mid1_s0.1,mean_rev,7.24,2,296,58.445945945945944,3.0667630089769635,2.07755689739082,59680.6859779546,80.9123649459784,-50.0,90,1.2,0.0,1.1,47.8,26.45,-18.3,1
FMR_mfi14<30_pb<=0.15_bw40_none_h3_mid0_s0.07,mean_rev,7.24,2,310,58.387096774193544,2.4737509209651565,1.5563160780565188,34876.09280516893,87.16981132075472,-26.755447722225924,88,1.02,0.5,1.1,54.5,41.49,-25.52,1
FMR_mfi6<20_pb<=0.15_bw40_none_h4_mid1_s0.1,mean_rev,7.22,2,682,52.49266862170088,0.8563640381766513,0.7232510343849197,398.82906026564456,63.58381502890174,-46.46017505520504,89,0.55,1.19,4.5,56.2,22.94,-28.18,4
FSQ_mfi6>=45_brk1_mup1_h3_s0.08,squeeze_break,7.22,2,893,44.79283314669653,1.7183912790266769,-0.8695665098565897,191365.4193778443,100.0,-34.57364341085272,90,2.16,0.31,7.8,51.1,47.2,-23.45,7
FSQ_mfi14>=50_brk1_mup1_h4_s0.08,squeeze_break,7.22,2,872,44.03669724770643,2.073131606601788,-1.1500199139822531,1097354.7488185856,100.0,-34.57364341085272,90,1.14,0.72,3.3,55.6,34.26,-23.37,3
FMR_mfi6<30_pb<=0.15_bw40_pb_up_h4_mid1_s0.1,mean_rev,7.2,2,57,64.91228070175438,4.427231348770795,2.8875359092662256,632.7737185409597,48.71286666570225,-27.647713578859832,82,1.1,0.0,1.2,26.8,34.86,-9.97,1
FMR_mfi14<30_pb<=0.0_bw40_none_h4_mid0_s0.07,mean_rev,7.19,2,144,59.72222222222222,2.5448841965688596,2.3912914444214173,1834.1576621221932,32.94203961848863,-21.43684086837576,86,0.67,0.0,0.0,44.2,16.96,-14.05,0
FMR_mfi14<20_pb<=0.25_bw40_none_h3_mid1_s0.1,mean_rev,7.17,2,93,59.13978494623656,1.6880546336833453,1.4603616133518793,191.9915762660395,50.68493150684932,-22.854291417165673,83,0.77,0.0,1.2,31.3,27.71,-8.08,1
FMR_mfi14<20_pb<=0.0_none_none_h3_mid1_s0.1,mean_rev,7.17,2,184,58.69565217391305,1.2187608392025464,1.6294058629100605,-67.63909164227708,61.81383360867483,-50.0,89,1.26,0.0,1.1,40.4,25.85,-15.38,1
FMR_mfi13<25_pb<=0.25_none_pb_up_h4_mid0_s0.1,mean_rev,7.15,2,706,55.80736543909348,2.7835841809265607,1.450415103355529,53573316.39526815,100.0,-50.0,90,0.5,0.16,2.2,51.1,37.91,-16.74,2
FMR_mfi14<30_pb<=0.15_bw40_none_h4_mid1_s0.07,mean_rev,7.15,2,309,58.57605177993528,2.1784626805747833,1.5760031141708764,15342.375006549204,87.16981132075472,-26.755447722225924,88,1.09,0.5,2.3,52.3,45.24,-25.38,2
FMR_mfi14<20_pb<=0.15_bw40_none_h2_mid0_s0.1,mean_rev,7.14,2,71,56.33802816901409,2.3602901096528455,1.0471202500047738,298.3404968545193,50.68493150684932,-15.069860279441116,79,0.89,0.0,1.3,31.6,31.18,-7.98,1
FMR_mfi14<20_pb<=0.15_bw40_none_h2_mid1_s0.1,mean_rev,7.14,2,71,56.33802816901409,2.3602901096528455,1.0471202500047738,298.3404968545193,50.68493150684932,-15.069860279441116,79,0.89,0.0,1.3,31.6,31.18,-7.98,1
FMR_mfi14<20_pb<=0.15_bw40_none_h2_mid1_s0.07,mean_rev,7.14,2,71,56.33802816901409,2.3602901096528455,1.0471202500047738,298.3404968545193,50.68493150684932,-15.069860279441116,79,0.89,0.0,1.3,31.6,31.18,-7.98,1
FMR_mfi14<20_pb<=0.15_bw40_none_h2_mid0_s0.07,mean_rev,7.14,2,71,56.33802816901409,2.3602901096528455,1.0471202500047738,298.3404968545193,50.68493150684932,-15.069860279441116,79,0.89,0.0,1.3,31.6,31.18,-7.98,1
FMR_mfi6<25_pb<=0.15_bw40_none_h4_mid1_s0.1,mean_rev,7.14,2,830,54.21686746987952,1.174708999380409,0.9149138491003184,7303.945703419569,100.0,-50.0,89,1.11,0.53,3.4,51.7,28.48,-23.81,3
FMR_mfi13<30_pb<=0.15_none_both_h2_mid1_s0.1,mean_rev,7.13,2,340,56.470588235294116,1.9522837315050594,1.2555832325452876,5857.361442791144,81.3989239046887,-50.0,89,1.49,0.0,4.5,43.8,34.65,-17.76,4
FMR_mfi14<30_pb<=0.15_bw40_none_h3_mid0_s0.1,mean_rev,7.13,2,310,58.70967741935483,2.408629622614073,1.6457677946119187,27282.03615451658,87.16981132075472,-26.755447722225924,88,0.91,0.5,1.1,54.5,41.49,-25.52,1
FMR_mfi13<30_pb<=0.15_none_both_h2_mid0_s0.1,mean_rev,7.13,2,340,56.470588235294116,1.9522837315050594,1.2555832325452876,5857.361442791144,81.3989239046887,-50.0,89,1.49,0.0,4.5,43.8,34.65,-17.76,4
FMR_mfi6<30_pb<=0.15_none_both_h4_mid1_s0.1,mean_rev,7.12,2,290,66.20689655172414,4.263286075982339,3.5058941589240944,1862666.2602426347,55.04762970081234,-50.0,90,1.28,0.0,2.2,48.9,24.55,-22.99,2
FMR_mfi13<30_pb<=0.25_none_both_h4_mid0_s0.1,mean_rev,7.11,2,741,56.81511470985156,3.153517979706973,1.6081813340191653,648527493.0120536,100.0,-50.0,91,2.23,0.88,5.5,52.7,38.0,-35.72,5
FMR_mfi6<30_pb<=0.0_bw40_none_h3_mid0_s0.07,mean_rev,7.1,2,461,54.229934924078094,1.349026216066179,1.1299350967655775,2450.565314818128,100.0,-40.84507035263212,89,0.11,0.95,2.2,53.9,25.2,-23.3,2
FMR_mfi13<25_pb<=0.25_none_none_h2_mid0_s0.1,mean_rev,7.07,2,1359,52.980132450331126,0.6994119097642024,0.7776049766718529,-35.34295714785599,100.0,-50.0,90,1.14,0.96,3.3,58.9,39.67,-31.74,3
FMR_mfi13<25_pb<=0.25_none_none_h2_mid1_s0.1,mean_rev,7.07,2,1359,52.980132450331126,0.6994119097642024,0.7776049766718529,-35.34295714785599,100.0,-50.0,90,1.14,0.96,3.3,58.9,39.67,-31.74,3
FMR_mfi14<30_pb<=0.15_none_both_h3_mid0_s0.1,mean_rev,7.06,2,296,57.770270270270274,3.32875617383001,1.9973386611603083,114236.62451391251,80.9123649459784,-50.0,90,1.19,0.0,1.1,46.7,26.45,-18.3,1
FSQ_mfi14>=50_brk0_mup0_h3_s0.08,squeeze_break,7.06,2,1905,46.194225721784775,1.6006121589245033,-0.6651917600455692,180068525.47317216,100.0,-50.0,90,2.83,0.88,8.9,54.4,46.21,-36.16,8
FSQ_mfi14>=55_brk0_mup1_h4_s0.08,squeeze_break,7.06,2,1562,45.32650448143406,1.8071798954550564,-0.9105687219558456,48915682.11397992,100.0,-50.0,90,1.9,0.05,6.7,51.1,42.72,-20.29,6
FMR_mfi6<25_pb<=0.15_none_none_h2_mid1_s0.1,mean_rev,7.05,2,2303,50.06513243595311,0.671616247991293,7.843923510719719e-07,-85.10428095488129,100.0,-50.0,91,1.49,0.17,4.4,51.6,33.29,-21.22,4
FMR_mfi6<25_pb<=0.15_none_none_h2_mid0_s0.1,mean_rev,7.05,2,2303,50.06513243595311,0.671616247991293,7.843923510719719e-07,-85.10428095488129,100.0,-50.0,91,1.49,0.17,4.4,51.6,33.29,-21.22,4
FMR_mfi6<20_pb<=0.0_bw40_none_h3_mid1_s0.1,mean_rev,7.03,2,335,54.02985074626866,0.8099466965125665,0.9225062594733213,152.70727732601236,51.560693641618506,-35.61643942105713,89,0.71,0.63,2.2,53.9,21.68,-23.95,2
FSQ_mfi14>=55_brk1_mup0_h4_s0.12,squeeze_break,7.02,2,935,44.17112299465241,2.0509892340975133,-1.1952226770513552,1154326.6254863357,100.0,-42.49999643098701,90,2.03,-0.11,7.8,48.9,43.65,-18.1,7
FMR_mfi14<25_pb<=0.25_none_both_h3_mid0_s0.1,mean_rev,7.01,2,444,56.981981981981974,2.216688142374383,1.7033933404061674,57728.096358402625,80.9123649459784,-50.0,90,1.17,0.29,2.2,51.1,39.57,-23.2,2
FMR_mfi6<25_pb<=0.25_bw40_none_h4_mid1_s0.1,mean_rev,7.01,2,1076,54.46096654275093,1.12615120815269,0.9533275605742686,6424.778038537776,100.0,-50.0,89,1.9,0.51,5.6,52.8,51.73,-29.65,5
FMR_mfi14<30_pb<=0.0_bw40_none_h4_mid1_s0.07,mean_rev,7.0,2,144,60.416666666666664,1.762706778967621,2.2238448462570504,648.2322657523433,32.60272184943116,-21.43684086837576,86,0.46,0.0,0.0,44.2,14.34,-14.05,0
FMR_mfi14<20_pb<=0.25_none_none_h3_mid1_s0.1,mean_rev,6.99,2,660,59.24242424242424,1.7770691124817746,1.9200116776089238,28227.611545936044,84.1765391954588,-50.0,90,0.64,0.01,2.2,50.0,26.25,-17.7,2
FSQ_mfi6>=50_brk0_mup0_h2_s0.08,squeeze_break,6.99,2,1967,47.839349262836805,1.270686862360797,-0.33517384925678684,15151671.610583402,100.0,-50.0,90,2.25,1.01,5.6,54.4,44.16,-34.98,5
FMR_mfi14<25_pb<=0.25_none_both_h4_mid0_s0.1,mean_rev,6.98,2,444,56.75675675675676,3.0190185469804636,2.238466128998118,1013458.7343961395,80.9123649459784,-50.0,90,1.39,0.67,2.2,54.4,38.65,-30.05,2
FSQ_mfi14>=45_brk1_mup1_h4_s0.12,squeeze_break,6.98,2,886,44.46952595936794,2.1172670733504897,-1.0668122474642772,1385645.4326158445,100.0,-34.57364341085272,90,1.68,0.02,5.6,50.0,31.95,-18.18,5
FMR_mfi14<20_pb<=0.25_bw40_none_h4_mid1_s0.07,mean_rev,6.98,2,93,58.06451612903226,2.4136694969705044,1.7704151138963287,436.2051885868767,50.68493150684932,-16.184978683994434,83,1.04,0.0,2.4,31.3,27.71,-10.22,2
FMR_mfi14<20_pb<=0.25_bw40_none_h3_mid0_s0.1,mean_rev,6.97,2,93,56.98924731182796,2.2280160878678577,1.284795923273574,345.0860618935958,51.80503800952485,-22.854291417165673,83,0.75,0.0,1.2,31.3,21.61,-8.08,1
FSQ_mfi14>=55_brk1_mup0_h3_s0.12,squeeze_break,6.95,2,942,45.75371549893843,1.7469705144553065,-0.8291339184644364,310483.8459791401,100.0,-34.57364341085272,90,2.59,-0.11,12.2,48.9,42.56,-22.42,11
FMR_mfi13<30_pb<=0.15_bw40_none_h3_mid0_s0.07,mean_rev,6.94,1,362,55.24861878453039,2.0272006149518473,0.9654263750775605,11538.474761915322,100.0,-50.0,89,0.64,0.51,1.1,52.8,26.46,-22.74,1
FMR_mfi14<20_pb<=0.25_bw40_none_h4_mid0_s0.1,mean_rev,6.94,2,93,55.91397849462365,3.6112334860898363,0.8344923504867818,1142.3878436978957,51.80503800952485,-22.854291417165673,83,0.97,0.0,2.4,30.1,22.02,-8.52,2
FMR_mfi13<30_pb<=0.15_none_pb_up_h2_mid0_s0.1,mean_rev,6.93,1,547,54.47897623400365,1.9442782570702095,1.005016760736055,135248.0620559444,81.3989239046887,-50.0,89,2.75,0.0,6.7,46.1,81.4,-26.7,6
FMR_mfi13<30_pb<=0.15_none_pb_up_h2_mid1_s0.1,mean_rev,6.93,1,547,54.47897623400365,1.9442782570702095,1.005016760736055,135248.0620559444,81.3989239046887,-50.0,89,2.75,0.0,6.7,46.1,81.4,-26.7,6
FMR_mfi13<30_pb<=0.0_bw40_none_h3_mid1_s0.1,mean_rev,6.92,2,166,56.62650602409639,2.3306762697596737,1.8144496874317406,1247.235936517151,100.0,-50.0,89,0.99,0.03,0.0,50.6,18.29,-19.57,0
FSQ_mfi6>=50_brk1_mup0_h2_s0.12,squeeze_break,6.92,1,991,45.711402623612514,1.418201407437483,-0.7421150278293154,96349.16525853482,100.0,-34.57364341085272,90,3.33,-0.2,10.0,46.7,98.67,-24.99,9
FSQ_mfi14>=50_brk1_mup1_h4_s0.12,squeeze_break,6.88,2,872,44.38073394495412,2.046130573846361,-1.0726367229276723,653764.2203538992,100.0,-34.57364341085272,90,0.87,0.5,2.2,54.4,34.26,-20.76,2
FMR_mfi6<25_pb<=0.25_squeeze_none_h3_mid1_s0.07,mean_rev,6.88,2,380,48.68421052631579,-0.419817769754765,-0.1002361468214974,-99.39072266884004,72.84974684373167,-50.0,90,0.92,0.64,1.1,54.4,36.64,-24.21,1
FMR_mfi6<30_pb<=0.25_bw40_pb_up_h4_mid1_s0.07,mean_rev,6.85,1,127,61.417322834645674,2.4750964150645953,2.178650202022059,1045.34545920299,48.71286666570225,-27.647713578859832,88,1.44,0.0,3.4,40.9,33.86,-19.41,3
FMR_mfi14<25_pb<=0.25_squeeze_none_h4_mid1_s0.1,mean_rev,6.84,2,64,59.375,2.230632647446223,2.8775617838633027,193.9851990291363,32.57698798349193,-21.170607502592574,86,0.74,0.0,1.2,30.2,23.53,-9.09,1
FMR_mfi14<30_pb<=0.15_none_both_h4_mid1_s0.07,mean_rev,6.83,1,298,60.738255033557046,3.4441603509989016,2.271207496103911,118450.48653371853,81.3989239046887,-50.0,90,1.6,0.06,3.3,50.0,56.01,-25.36,3
FMR_mfi14<20_pb<=0.0_none_none_h4_mid0_s0.1,mean_rev,6.82,2,183,57.377049180327866,1.7635837199135367,2.435897253122987,-41.98235736855761,99.33862433862434,-50.0,89,1.19,0.0,2.2,41.6,43.3,-16.81,2
FMR_mfi6<25_pb<=0.25_bw40_none_h3_mid0_s0.1,mean_rev,6.81,2,1085,53.27188940092166,1.3735050614445368,0.689659483843652,78786.39426611678,100.0,-50.0,89,1.11,0.59,4.5,53.9,34.34,-26.77,4
FMR_mfi6<30_pb<=0.25_squeeze_none_h4_mid1_s0.1,mean_rev,6.81,1,527,53.510436432637576,0.6575321014248898,0.7999982983931453,-74.852957546244,72.84974684373167,-50.0,90,1.03,0.63,5.6,54.4,42.66,-27.01,5
FMR_mfi6<30_pb<=0.25_none_both_h4_mid0_s0.1,mean_rev,6.8,2,479,61.37787056367432,3.744151048174709,2.7568922305764465,77355372.99385849,82.85715320393561,-50.0,91,0.63,0.02,0.0,50.5,17.16,-19.78,0
FMR_mfi14<25_pb<=0.15_none_pb_up_h3_mid1_s0.1,mean_rev,6.8,2,340,59.411764705882355,2.6701795354409366,1.9984497880984775,67958.52351080041,80.9123649459784,-50.0,89,1.24,0.24,2.2,50.6,47.74,-24.9,2
FMR_mfi13<30_pb<=0.0_bw40_none_h4_mid1_s0.1,mean_rev,6.8,2,165,56.96969696969697,2.3478144126224327,2.359108887808259,1227.0775972983215,100.0,-50.0,89,0.88,0.0,0.0,48.3,14.54,-18.23,0
FMR_mfi14<30_pb<=0.25_bw40_none_h3_mid1_s0.07,mean_rev,6.79,2,413,54.72154963680388,1.357577531150162,0.9090931807947955,3387.440734561752,87.16981132075472,-44.9122797287017,89,0.8,0.25,1.1,52.8,45.76,-21.64,1
FMR_mfi14<25_pb<=0.25_squeeze_none_h4_mid1_s0.07,mean_rev,6.79,2,64,59.375,2.336054881827149,2.8775617838633027,218.44379105861785,32.57698798349193,-21.170607502592574,86,0.79,0.0,1.2,30.2,23.53,-9.66,1
FMR_mfi13<30_pb<=0.15_none_both_h4_mid0_s0.1,mean_rev,6.75,1,337,58.753709198813056,4.447608375459526,2.1660688922024773,5587844.490233982,82.85715320393561,-50.0,89,1.78,0.21,5.6,50.6,56.01,-27.82,5
FSQ_mfi6>=45_brk1_mup1_h4_s0.08,squeeze_break,6.75,2,890,43.932584269662925,1.952237096842669,-1.2113537066342495,610793.0269317386,100.0,-34.57364341085272,90,1.57,0.48,6.7,54.4,27.58,-25.26,6
FMR_mfi14<30_pb<=0.15_bw40_none_h2_mid1_s0.07,mean_rev,6.71,2,312,49.67948717948718,1.38711286764938,-2.1528580029794853e-06,2022.3805019580993,87.16981132075472,-25.840090998984266,87,0.53,0.0,1.1,47.1,35.92,-13.03,1
FMR_mfi14<30_pb<=0.15_bw40_none_h2_mid0_s0.07,mean_rev,6.71,2,312,49.67948717948718,1.38711286764938,-2.1528580029794853e-06,2022.3805019580993,87.16981132075472,-25.840090998984266,87,0.53,0.0,1.1,47.1,35.92,-13.03,1
FMR_mfi14<30_pb<=0.15_bw40_none_h2_mid0_s0.1,mean_rev,6.71,2,312,49.67948717948718,1.38711286764938,-2.1528580029794853e-06,2022.3805019580993,87.16981132075472,-25.840090998984266,87,0.53,0.0,1.1,47.1,35.92,-13.03,1
FMR_mfi14<30_pb<=0.15_bw40_none_h2_mid1_s0.1,mean_rev,6.71,2,312,49.67948717948718,1.38711286764938,-2.1528580029794853e-06,2022.3805019580993,87.16981132075472,-25.840090998984266,87,0.53,0.0,1.1,47.1,35.92,-13.03,1
FSQ_mfi14>=55_brk0_mup0_h3_s0.08,squeeze_break,6.71,2,1814,46.4167585446527,1.5991492443002773,-0.6154094814597721,101352216.32548603,100.0,-50.0,90,2.58,1.04,11.1,56.7,53.83,-39.23,10
FMR_mfi13<25_pb<=0.15_bw40_none_h4_mid0_s0.07,mean_rev,6.7,2,198,53.03030303030303,2.2264820671373813,0.42016813726725166,1425.6106413871032,61.71122994652407,-50.0,87,1.07,0.1,1.1,50.6,27.04,-20.42,1
FMR_mfi14<25_pb<=0.25_squeeze_none_h2_mid1_s0.1,mean_rev,6.66,2,65,55.38461538461539,2.0336165474619636,2.3023127362140183,197.64771034215042,26.46370309298156,-15.709969726979999,86,0.75,0.0,0.0,32.6,19.11,-9.66,0
FMR_mfi14<25_pb<=0.25_squeeze_none_h2_mid0_s0.07,mean_rev,6.66,2,65,55.38461538461539,2.0336165474619636,2.3023127362140183,197.64771034215042,26.46370309298156,-15.709969726979999,86,0.75,0.0,0.0,32.6,19.11,-9.66,0
FMR_mfi14<25_pb<=0.25_squeeze_none_h2_mid1_s0.07,mean_rev,6.66,2,65,55.38461538461539,2.0336165474619636,2.3023127362140183,197.64771034215042,26.46370309298156,-15.709969726979999,86,0.75,0.0,0.0,32.6,19.11,-9.66,0
FMR_mfi14<25_pb<=0.25_squeeze_none_h2_mid0_s0.1,mean_rev,6.66,2,65,55.38461538461539,2.0336165474619636,2.3023127362140183,197.64771034215042,26.46370309298156,-15.709969726979999,86,0.75,0.0,0.0,32.6,19.11,-9.66,0
FWALK_mfi14>=50_pb>=0.85_mup0_h4,band_walk,6.65,1,2964,46.35627530364373,2.66604565395883,-0.810667458116876,1.8885996845290095e+21,100.0,-50.0,91,4.14,-0.86,11.0,49.5,141.19,-26.27,10
FMR_mfi6<20_pb<=0.0_none_none_h4_mid0_s0.1,mean_rev,6.64,2,886,54.176072234762984,2.0863023208326323,1.1550709342574073,80575.70174553341,99.33862433862434,-50.0,91,0.75,0.18,2.2,51.6,55.06,-20.58,2
FMR_mfi14<30_pb<=0.15_none_pb_up_h3_mid0_s0.07,mean_rev,6.64,2,488,57.17213114754098,2.9390227130681206,1.8065936915995895,2649298.9068900985,81.3989239046887,-50.0,89,0.79,0.0,3.4,47.2,47.05,-18.01,3
FMR_mfi6<20_pb<=0.0_bw40_none_h3_mid1_s0.07,mean_rev,6.64,2,335,53.43283582089552,0.6882902794010182,0.8835341365461824,71.94617335821133,51.560693641618506,-35.61643942105713,89,0.42,0.63,2.2,53.9,21.68,-23.95,2
FMR_mfi6<30_pb<=0.25_bw40_pb_up_h4_mid1_s0.1,mean_rev,6.63,2,127,61.417322834645674,2.527228344144699,2.209297247285358,1108.49878273083,48.71286666570225,-27.647713578859832,88,0.69,0.0,1.1,37.5,24.31,-14.29,1
FMR_mfi14<30_pb<=0.25_none_both_h3_mid1_s0.07,mean_rev,6.63,2,654,57.645259938837924,2.3124386986373904,1.590193312839605,2147083.7086325013,81.3989239046887,-50.0,90,2.24,0.8,5.6,56.7,39.72,-39.69,5
FSQ_mfi6>=50_brk1_mup1_h3_s0.12,squeeze_break,6.63,2,892,45.2914798206278,1.7339036521606133,-0.8492590016665857,187110.81292243965,100.0,-34.57364341085272,90,2.32,-0.52,10.0,47.8,49.52,-17.58,9
FSQ_mfi6>=50_brk0_mup1_h3_s0.08,squeeze_break,6.63,1,1728,46.469907407407405,1.7770674101602184,-0.6451465724113814,508970552.4703975,100.0,-50.0,90,3.05,0.83,11.1,52.2,57.14,-38.14,10
FMR_mfi14<30_pb<=0.15_squeeze_none_h4_mid1_s0.07,mean_rev,6.63,2,78,56.41025641025641,1.9448417967670675,1.3576912549291942,189.5340009317918,61.71122994652407,-22.87581699346405,87,0.51,0.0,0.0,34.5,16.81,-9.7,0
FMR_mfi6<30_pb<=0.25_squeeze_none_h3_mid1_s0.1,mean_rev,6.62,1,533,50.84427767354597,0.2630421991027127,0.34722362833008447,-95.22044059412535,72.84974684373167,-50.0,90,1.67,0.0,10.0,47.8,43.88,-21.17,9
FMR_mfi6<20_pb<=0.25_bw40_none_h3_mid0_s0.1,mean_rev,6.62,2,876,52.3972602739726,1.015039362677843,0.5013205180616653,1212.2827489999715,69.70297542711185,-50.0,89,-0.41,1.18,1.1,56.2,21.12,-25.3,1
FMR_mfi13<30_pb<=0.25_squeeze_none_h2_mid1_s0.07,mean_rev,6.62,2,198,48.98989898989899,1.1847256586608996,-2.740662774503022e-06,194.4249841423241,80.29505332165698,-38.34115646730751,89,1.39,0.0,2.2,48.3,37.43,-19.01,2
FMR_mfi13<30_pb<=0.25_squeeze_none_h2_mid0_s0.07,mean_rev,6.62,2,198,48.98989898989899,1.1847256586608996,-2.740662774503022e-06,194.4249841423241,80.29505332165698,-38.34115646730751,89,1.39,0.0,2.2,48.3,37.43,-19.01,2
FMR_mfi14<25_pb<=0.25_bw40_none_h2_mid1_s0.1,mean_rev,6.61,2,204,51.9607843137255,1.3491670882544131,0.44306399652497275,674.7982271151604,41.80929095354524,-18.345311531224006,83,0.81,0.0,1.2,43.4,20.52,-14.3,1
FMR_mfi14<25_pb<=0.25_bw40_none_h2_mid0_s0.1,mean_rev,6.61,2,204,51.9607843137255,1.3491670882544131,0.44306399652497275,674.7982271151604,41.80929095354524,-18.345311531224006,83,0.81,0.0,1.2,43.4,20.52,-14.3,1
FMR_mfi14<30_pb<=0.25_none_both_h4_mid0_s0.1,mean_rev,6.59,2,648,56.94444444444444,2.9332521750052303,1.847686647548985,38474873.5670042,80.9123649459784,-50.0,90,0.72,0.21,3.3,54.4,30.06,-23.43,3
FMR_mfi6<25_pb<=0.25_bw40_none_h3_mid0_s0.07,mean_rev,6.59,2,1087,52.62189512419503,1.3439930871873758,0.5730667918925958,64031.8133478326,100.0,-50.0,89,0.69,1.17,3.4,55.1,24.75,-31.48,3
FMR_mfi14<25_pb<=0.25_bw40_none_h2_mid1_s0.07,mean_rev,6.57,2,204,51.9607843137255,1.326435047185904,0.44306399652497275,635.5552003990334,41.80929095354524,-18.345311531224006,83,0.78,0.0,1.2,43.4,20.52,-14.3,1
FMR_mfi14<25_pb<=0.25_bw40_none_h2_mid0_s0.07,mean_rev,6.57,2,204,51.9607843137255,1.326435047185904,0.44306399652497275,635.5552003990334,41.80929095354524,-18.345311531224006,83,0.78,0.0,1.2,43.4,20.52,-14.3,1
FMR_mfi6<20_pb<=0.25_none_none_h2_mid1_s0.1,mean_rev,6.57,2,2454,50.20374898125509,0.8641467602145375,4.497261985036971e-06,7606.204303599149,100.0,-48.964671549745134,91,0.93,0.56,3.3,51.6,29.07,-24.2,3
FMR_mfi6<30_pb<=0.15_none_pb_up_h4_mid1_s0.1,mean_rev,6.57,2,598,63.37792642140469,3.4435328493076267,2.7418804509079853,723206418.2583909,61.065197428833784,-50.0,90,1.61,0.71,3.3,56.7,24.64,-37.6,3
FMR_mfi6<20_pb<=0.25_none_none_h2_mid0_s0.1,mean_rev,6.57,2,2454,50.20374898125509,0.8641467602145375,4.497261985036971e-06,7606.204303599149,100.0,-48.964671549745134,91,0.93,0.56,3.3,51.6,29.07,-24.2,3
FMR_mfi14<30_pb<=0.25_bw40_none_h2_mid0_s0.1,mean_rev,6.56,2,421,48.69358669833729,0.9074152001474975,-0.09842519685039353,725.3494297535763,87.16981132075472,-27.64977015831944,89,1.07,0.0,1.1,47.2,43.44,-16.7,1
FMR_mfi14<30_pb<=0.25_bw40_none_h3_mid1_s0.1,mean_rev,6.56,2,413,54.9636803874092,1.313044169572692,0.917431192660545,2671.907348603199,87.16981132075472,-44.9122797287017,89,0.59,0.25,1.1,52.8,45.76,-21.64,1
FMR_mfi14<30_pb<=0.25_bw40_none_h2_mid1_s0.1,mean_rev,6.56,2,421,48.69358669833729,0.9074152001474975,-0.09842519685039353,725.3494297535763,87.16981132075472,-27.64977015831944,89,1.07,0.0,1.1,47.2,43.44,-16.7,1
FMR_mfi6<25_pb<=0.15_bw40_none_h3_mid0_s0.1,mean_rev,6.54,1,833,54.26170468187274,1.4459706933484167,0.8333312966771089,49293.88848851755,100.0,-50.0,89,0.5,0.38,4.5,50.6,36.32,-21.09,4
FMR_mfi6<25_pb<=0.25_squeeze_none_h3_mid0_s0.07,mean_rev,6.53,2,380,47.63157894736842,-0.15911377024177262,-0.5743965863171885,-98.76371899022223,72.84974684373167,-50.0,90,0.63,0.64,1.1,56.7,23.96,-24.92,1
FMR_mfi14<30_pb<=0.25_bw40_none_h2_mid0_s0.07,mean_rev,6.52,2,421,48.69358669833729,0.8964001493684575,-0.09842519685039353,683.5460174735094,87.16981132075472,-27.64977015831944,89,1.04,0.0,1.1,47.2,43.44,-16.7,1
FMR_mfi14<30_pb<=0.25_bw40_none_h2_mid1_s0.07,mean_rev,6.52,2,421,48.69358669833729,0.8964001493684575,-0.09842519685039353,683.5460174735094,87.16981132075472,-27.64977015831944,89,1.04,0.0,1.1,47.2,43.44,-16.7,1
FMR_mfi6<25_pb<=0.15_none_pb_up_h3_mid0_s0.07,mean_rev,6.51,1,502,58.366533864541836,2.848382972585331,1.9549315833089054,3203016.286177641,81.3989239046887,-50.0,89,1.76,0.38,4.5,50.6,81.4,-30.46,4
FMR_mfi13<20_pb<=0.15_bw40_none_h4_mid0_s0.07,mean_rev,6.51,1,96,53.125,2.5966753600810857,0.4113730853106734,424.8139569195238,51.80503800952485,-26.755447722225924,80,2.25,0.0,5.0,40.0,56.0,-22.18,4
FMR_mfi6<20_pb<=0.0_none_none_h3_mid1_s0.07,mean_rev,6.51,2,911,52.908891328210764,0.6959307313035089,0.6468305304010435,-98.86777282874866,73.94365848333987,-50.0,91,1.09,0.49,3.3,52.7,22.08,-26.38,3
FSQ_mfi6>=55_brk1_mup1_h4_s0.12,squeeze_break,6.51,2,883,44.16761041902605,1.911360215356606,-1.1655033573440776,285485.97877781047,100.0,-34.57364341085272,90,0.53,0.49,5.6,51.1,34.53,-18.73,5
FMR_mfi13<25_pb<=0.25_bw40_none_h4_mid0_s0.07,mean_rev,6.5,1,262,52.29007633587786,1.6893749861161826,0.3969086803157218,788.1116976030473,61.71122994652407,-50.0,87,1.51,0.0,2.3,49.4,38.67,-22.18,2
FMR_mfi6<30_pb<=0.25_bw40_pb_up_h3_mid1_s0.07,mean_rev,6.49,2,128,57.03125,1.7145400031007434,1.143398013355934,370.77214544025736,48.71286666570225,-27.647713578859832,88,0.65,0.0,1.1,38.6,24.31,-13.55,1
FMR_mfi13<25_pb<=0.25_bw40_none_h4_mid1_s0.1,mean_rev,6.49,1,262,54.961832061068705,1.0137412938197512,1.0891803993272497,128.27262694862767,61.71122994652407,-50.0,87,1.03,0.0,3.4,49.4,32.58,-20.4,3
FMR_mfi14<25_pb<=0.25_none_pb_up_h4_mid0_s0.07,mean_rev,6.49,2,617,54.94327390599676,2.829081681237892,1.3792890308324424,13497007.227256795,100.0,-50.0,91,1.03,1.01,3.3,57.1,37.91,-34.35,3
FMR_mfi13<30_pb<=0.15_bw40_none_h3_mid0_s0.1,mean_rev,6.49,1,362,56.353591160220994,1.9860576790508517,1.0959817265469796,9224.855503626462,100.0,-50.0,89,0.37,0.42,1.1,52.8,26.46,-22.92,1
FMR_mfi13<30_pb<=0.0_bw40_none_h4_mid0_s0.1,mean_rev,6.48,2,165,56.36363636363636,2.8313348727307237,1.5760031141708764,2407.3146648785532,100.0,-50.0,89,0.94,0.0,0.0,44.9,11.14,-18.23,0
FMR_mfi14<30_pb<=0.15_none_both_h2_mid1_s0.07,mean_rev,6.48,1,300,56.00000000000001,1.8360016025482297,1.3555701773450224,2330.2636532548368,81.3989239046887,-50.0,89,1.4,0.0,3.4,41.6,56.01,-19.2,3
FMR_mfi14<30_pb<=0.15_none_both_h2_mid0_s0.07,mean_rev,6.48,1,300,56.00000000000001,1.8360016025482297,1.3555701773450224,2330.2636532548368,81.3989239046887,-50.0,89,1.4,0.0,3.4,41.6,56.01,-19.2,3
FWALK_mfi6>=50_pb>=0.7_mup0_h4,band_walk,6.48,1,3621,46.75504004418669,2.35613039576962,-0.723589001447178,1.902653153685894e+22,100.0,-50.0,91,2.77,-0.13,12.1,49.5,95.9,-26.38,11
FMR_mfi14<20_pb<=0.25_bw40_none_h3_mid1_s0.07,mean_rev,6.46,2,93,58.06451612903226,1.767901685750986,1.284795923273574,225.33594433606984,50.68493150684932,-15.069860279441116,83,0.71,0.0,1.2,30.1,27.71,-10.22,1
FMR_mfi6<20_pb<=0.25_bw40_none_h3_mid1_s0.1,mean_rev,6.45,2,888,52.92792792792793,0.784668803993587,0.7232499378131085,238.4233743023885,66.79999557029998,-50.0,89,0.4,0.57,4.5,53.9,43.85,-23.95,4
FSQ_mfi6>=45_brk1_mup1_h2_s0.08,squeeze_break,6.45,2,894,44.966442953020135,1.4385709279896306,-0.8291339184644364,53451.568407901206,100.0,-34.57364341085272,90,1.83,0.23,6.7,51.1,37.06,-24.56,6
FMR_mfi14<30_pb<=0.15_squeeze_none_h3_mid1_s0.1,mean_rev,6.44,2,79,53.16455696202531,2.616855248728185,1.0344786468528655,398.61482359586057,51.540535420927846,-22.87581699346405,87,0.93,0.0,2.3,36.8,24.44,-13.05,2
FMR_mfi13<20_pb<=0.15_bw40_none_h4_mid1_s0.07,mean_rev,6.42,1,96,55.208333333333336,1.7206322286839728,1.329047465620925,193.95335687434869,50.68493150684932,-26.755447722225924,80,1.93,0.0,2.5,41.2,44.2,-22.18,2
FMR_mfi6<25_pb<=0.0_bw40_none_h3_mid0_s0.07,mean_rev,6.42,1,394,54.568527918781726,1.2006190890408557,1.0716783271300767,970.0458829400288,100.0,-35.61643942105713,89,0.04,0.96,2.2,55.1,22.71,-27.11,2
FMR_mfi14<20_pb<=0.25_bw40_none_h4_mid0_s0.07,mean_rev,6.41,2,93,55.91397849462365,3.7465401933733746,0.8344923504867818,1358.6019079373123,51.80503800952485,-16.184978683994434,83,0.99,0.0,2.4,28.9,22.02,-10.73,2
FWALK_mfi6>=60_pb>=0.85_mup0_h4,band_walk,6.4,2,2928,46.345628415300546,2.570511815781424,-0.8762843586810565,2.059189119392087e+20,100.0,-50.0,91,1.9,0.81,8.8,54.9,58.13,-33.51,8
FMR_mfi6<20_pb<=0.0_bw40_none_h4_mid0_s0.07,mean_rev,6.37,1,328,50.609756097560975,0.9310953579611496,0.40180201773863944,183.2574334677509,63.58381502890174,-35.61643942105713,89,0.23,1.04,0.0,53.9,19.66,-27.11,0
FMR_mfi14<25_pb<=0.0_bw40_none_h2_mid0_s0.1,mean_rev,6.35,2,78,51.28205128205128,1.832363747136416,0.4030911654184899,234.8462309280098,32.60272184943116,-12.658229189760172,81,0.65,0.0,0.0,32.1,18.9,-8.69,0
FMR_mfi14<25_pb<=0.0_bw40_none_h2_mid1_s0.1,mean_rev,6.35,2,78,51.28205128205128,1.832363747136416,0.4030911654184899,234.8462309280098,32.60272184943116,-12.658229189760172,81,0.65,0.0,0.0,32.1,18.9,-8.69,0
FMR_mfi6<30_pb<=0.15_bw40_none_h4_mid1_s0.07,mean_rev,6.35,2,1001,53.446553446553445,1.1847061925090143,0.8385760885120108,13883.053587154589,100.0,-50.0,89,1.05,0.83,2.2,53.9,21.42,-31.2,2
FMR_mfi14<25_pb<=0.0_bw40_none_h2_mid1_s0.07,mean_rev,6.35,2,78,51.28205128205128,1.832363747136416,0.4030911654184899,234.8462309280098,32.60272184943116,-12.658229189760172,81,0.65,0.0,0.0,32.1,18.9,-8.69,0
FMR_mfi14<25_pb<=0.0_bw40_none_h2_mid0_s0.07,mean_rev,6.35,2,78,51.28205128205128,1.832363747136416,0.4030911654184899,234.8462309280098,32.60272184943116,-12.658229189760172,81,0.65,0.0,0.0,32.1,18.9,-8.69,0
FMR_mfi6<30_pb<=0.25_bw40_pb_up_h3_mid1_s0.1,mean_rev,6.33,2,128,57.03125,1.6728225512089163,1.143398013355934,342.5929628418281,48.71286666570225,-27.647713578859832,88,0.61,0.0,1.1,37.5,24.31,-13.55,1
FMR_mfi6<30_pb<=0.25_squeeze_none_h4_mid0_s0.07,mean_rev,6.32,2,527,50.284629981024665,0.7903006225439841,0.12562703816130227,-62.86499818467814,72.84974684373167,-50.0,90,1.2,0.15,4.4,50.0,42.75,-22.19,4
FMR_mfi14<30_pb<=0.0_none_none_h2_mid1_s0.07,mean_rev,6.32,1,534,52.43445692883895,0.6344361979208568,0.49858314521626923,-92.3048132950628,100.0,-50.0,89,1.73,0.19,4.5,51.7,64.69,-27.5,4
FMR_mfi14<30_pb<=0.0_none_none_h2_mid0_s0.07,mean_rev,6.32,1,534,52.43445692883895,0.6344361979208568,0.49858314521626923,-92.3048132950628,100.0,-50.0,89,1.73,0.19,4.5,51.7,64.69,-27.5,4
FMR_mfi6<30_pb<=0.25_none_pb_up_h4_mid1_s0.07,mean_rev,6.31,2,972,60.08230452674898,2.6499188442345663,2.181034143246041,15378834034.778183,100.0,-50.0,90,0.65,0.49,3.3,53.3,40.85,-27.91,3
FMR_mfi6<20_pb<=0.25_bw40_pb_up_h4_mid0_s0.1,mean_rev,6.31,2,58,51.724137931034484,1.9706466999320822,0.3820866843698756,102.89386465156186,69.70297542711185,-19.408866995073893,79,0.62,0.0,1.3,34.2,26.38,-9.97,1
FMR_mfi6<30_pb<=0.25_squeeze_none_h3_mid0_s0.1,mean_rev,6.31,2,532,49.81203007518797,0.42615878569570176,-0.043443832034312235,-91.92633124744059,72.84974684373167,-50.0,90,0.51,0.4,2.2,51.1,28.97,-20.97,2
FMR_mfi6<30_pb<=0.25_none_pb_up_h3_mid1_s0.1,mean_rev,6.29,2,972,58.64197530864198,2.3348682535444154,1.9278581418776808,1211400617.2873127,100.0,-50.0,90,0.66,0.0,4.4,47.8,29.95,-19.89,4
FMR_mfi14<30_pb<=0.15_squeeze_none_h3_mid0_s0.1,mean_rev,6.29,2,79,50.63291139240506,2.5846850430346624,0.8547008547008517,367.01654436998615,51.540535420927846,-22.87581699346405,87,0.89,0.0,2.3,36.8,24.44,-12.55,2
FSQ_mfi14>=50_brk0_mup0_h3_s0.12,squeeze_break,6.28,2,1905,46.24671916010499,1.5766002518250093,-0.6613659408905126,95562023.8174695,100.0,-50.0,90,2.51,0.97,7.8,54.4,45.8,-39.08,7
FMR_mfi6<20_pb<=0.25_bw40_pb_up_h4_mid0_s0.07,mean_rev,6.27,2,58,51.724137931034484,1.8794607363733697,0.3820866843698756,91.2704806483223,69.70297542711185,-19.408866995073893,79,0.59,0.0,1.3,34.2,26.38,-9.97,1
FMR_mfi14<20_pb<=0.25_bw40_none_h3_mid0_s0.07,mean_rev,6.27,2,93,55.91397849462365,2.307863139935499,1.115247436943223,395.9132592408862,51.80503800952485,-15.069860279441116,83,0.69,0.0,1.2,30.1,21.61,-10.22,1
FMR_mfi6<30_pb<=0.25_squeeze_none_h4_mid0_s0.1,mean_rev,6.27,1,524,51.717557251908396,0.918639848640241,0.398827185604389,-49.803401245599545,72.84974684373167,-50.0,90,1.78,0.03,6.7,50.0,39.02,-25.34,6
FSQ_mfi14>=50_brk0_mup0_h4_s0.12,squeeze_break,6.25,2,1877,45.76451784762919,1.7483768105909125,-0.8247274986455166,195957286.7379224,100.0,-50.0,90,2.38,0.54,8.9,53.3,37.0,-33.41,8
FMR_mfi14<20_pb<=0.25_none_none_h4_mid1_s0.1,mean_rev,6.25,2,658,60.03039513677811,2.270063491787848,2.279134295227525,370290.79657875065,99.33862433862434,-50.0,90,0.95,0.62,1.1,54.4,26.25,-31.88,1
FSQ_mfi6>=55_brk0_mup0_h4_s0.08,squeeze_break,6.24,2,1877,46.137453383058066,1.9147910947624056,-0.7421150278293154,7466814615.603772,100.0,-50.0,90,2.02,-0.4,7.8,48.9,44.04,-19.82,7
FMR_mfi14<25_pb<=0.15_none_pb_up_h4_mid1_s0.07,mean_rev,6.23,2,341,60.70381231671554,2.998258292135215,2.134127134766195,142769.98715559687,81.3989239046887,-50.0,89,1.6,0.0,4.5,47.2,47.74,-26.32,4
FMR_mfi6<20_pb<=0.15_none_pb_up_h4_mid1_s0.07,mean_rev,6.23,2,421,62.23277909738717,2.9407134550697105,2.4958300351107354,1231331.0644668865,53.2258064516129,-50.0,90,1.02,0.98,1.1,56.7,26.25,-38.01,1
FMR_mfi13<25_pb<=0.25_none_pb_up_h4_mid1_s0.1,mean_rev,6.22,1,706,59.63172804532578,2.4720229374888603,2.1077228597573106,13848751.807684233,100.0,-50.0,89,2.04,0.0,7.9,46.1,56.48,-28.06,7
FSQ_mfi6>=55_brk0_mup1_h2_s0.08,squeeze_break,6.21,1,1725,47.30434782608695,1.3344253022085015,-0.43955544209519637,6709227.969100052,100.0,-50.0,90,2.85,-0.26,7.8,48.9,93.72,-26.82,7
FSQ_mfi14>=50_brk0_mup1_h4_s0.12,squeeze_break,6.21,1,1643,46.195982958003654,1.9003329756681286,-0.7448748736083588,230495232.30230552,100.0,-50.0,90,2.32,0.46,8.9,52.2,57.14,-32.07,8
FMR_mfi6<30_pb<=0.25_none_none_h4_mid1_s0.07,mean_rev,6.19,1,3013,55.29372718221042,1.5171224364303693,1.1741682974559797,3933133466.3572497,100.0,-50.0,91,0.84,0.77,2.2,57.1,44.78,-32.46,2
FMR_mfi14<25_pb<=0.25_squeeze_none_h3_mid0_s0.07,mean_rev,6.18,2,64,56.25,1.7184111977578373,1.2711814593777904,112.9396059692958,32.57698798349193,-23.740996791549527,87,0.59,0.0,1.1,31.0,23.53,-10.66,1
FMR_mfi6<30_pb<=0.25_bw40_pb_up_h3_mid0_s0.07,mean_rev,6.18,2,128,53.90625,1.8034260969571396,0.540165880672161,372.0939774596425,69.70297542711185,-27.647713578859832,88,0.6,0.0,1.1,38.6,24.31,-13.55,1
FMR_mfi14<30_pb<=0.25_none_pb_up_h4_mid1_s0.07,mean_rev,6.17,1,880,58.52272727272727,2.3409190757916853,1.7844600549236977,87531445.59341834,100.0,-50.0,90,0.69,1.46,2.2,56.7,30.38,-39.66,2
FMR_mfi6<25_pb<=0.25_bw40_pb_up_h4_mid0_s0.1,mean_rev,6.17,2,79,55.69620253164557,2.3762309086189393,1.4814814814814836,268.137228948196,69.70297542711185,-19.49434464404525,88,0.49,0.0,0.0,39.8,19.43,-14.29,0
FSQ_mfi14>=45_brk0_mup1_h2_s0.12,squeeze_break,6.16,2,1726,47.56662804171495,1.428037126489966,-0.3709651472604991,21928684.350281317,100.0,-50.0,90,3.31,0.42,11.1,52.2,49.16,-38.39,10
FMR_mfi6<30_pb<=0.25_bw40_both_h4_mid0_s0.1,mean_rev,6.14,1,44,56.81818181818182,2.4652913726009142,1.8936556081657785,138.9027558414993,31.735546458016707,-19.712528904890945,78,0.6,0.0,0.0,25.6,17.75,-8.44,0
FMR_mfi6<25_pb<=0.25_bw40_pb_up_h4_mid0_s0.07,mean_rev,6.13,2,79,55.69620253164557,2.2338255737002455,1.2987080340064905,229.48553985483184,69.70297542711185,-19.49434464404525,88,0.46,0.0,1.1,39.8,24.31,-14.29,1
FMR_mfi14<25_pb<=0.25_squeeze_none_h3_mid0_s0.1,mean_rev,6.12,2,64,56.25,1.51759929837044,1.2711814593777904,83.87452602922028,32.57698798349193,-23.740996791549527,87,0.54,0.0,1.1,31.0,23.53,-10.66,1
FMR_mfi6<20_pb<=0.25_bw40_none_h4_mid1_s0.1,mean_rev,6.12,2,873,53.379152348224515,0.8494001941078457,0.9140767824497242,214.4063122519286,66.79999557029998,-50.0,89,1.22,0.63,3.4,50.6,49.61,-29.65,3
FMR_mfi6<30_pb<=0.25_squeeze_none_h3_mid0_s0.07,mean_rev,6.11,2,532,49.06015037593985,0.3506385097278013,-0.20412701858081306,-92.97919673701381,72.84974684373167,-50.0,90,0.53,0.35,2.2,52.2,28.97,-21.87,2
FWALK_mfi14>=60_pb>=0.7_mup1_h2,band_walk,6.09,2,3003,48.917748917748916,1.7914578900548812,-0.16025567915909367,3560608005087932.0,100.0,-50.0,91,1.24,1.09,6.6,54.9,41.3,-34.91,6
FMR_mfi13<25_pb<=0.0_bw40_none_h2_mid1_s0.07,mean_rev,6.09,2,99,53.535353535353536,1.762715403167825,1.4348841219773867,309.7997519873859,26.46370309298156,-34.98292711270018,86,0.52,0.0,0.0,37.2,18.9,-12.69,0
FSQ_mfi14>=55_brk1_mup1_h4_s0.08,squeeze_break,6.09,2,844,43.60189573459716,2.0999426108939967,-1.2113537066342495,833202.4049487653,100.0,-34.57364341085272,90,1.69,-0.09,5.6,48.9,31.95,-20.7,5
FMR_mfi13<25_pb<=0.0_bw40_none_h2_mid1_s0.1,mean_rev,6.09,2,99,53.535353535353536,1.762715403167825,1.4348841219773867,309.7997519873859,26.46370309298156,-34.98292711270018,86,0.52,0.0,0.0,37.2,18.9,-12.69,0
FMR_mfi13<25_pb<=0.0_bw40_none_h2_mid0_s0.07,mean_rev,6.09,2,99,53.535353535353536,1.762715403167825,1.4348841219773867,309.7997519873859,26.46370309298156,-34.98292711270018,86,0.52,0.0,0.0,37.2,18.9,-12.69,0
FMR_mfi13<25_pb<=0.0_bw40_none_h2_mid0_s0.1,mean_rev,6.09,2,99,53.535353535353536,1.762715403167825,1.4348841219773867,309.7997519873859,26.46370309298156,-34.98292711270018,86,0.52,0.0,0.0,37.2,18.9,-12.69,0
FMR_mfi14<25_pb<=0.25_squeeze_none_h3_mid1_s0.07,mean_rev,6.08,2,64,57.8125,1.9699029880991963,2.8802380914873527,148.79149466340675,32.57698798349193,-23.740996791549527,86,0.66,0.0,1.2,31.4,23.53,-12.41,1
FMR_mfi6<25_pb<=0.25_squeeze_none_h4_mid0_s0.07,mean_rev,6.07,2,379,47.4934036939314,0.4722645523312963,-0.5909412042966578,-92.65500917318828,72.84974684373167,-50.0,90,1.22,0.41,3.3,54.4,24.12,-27.29,3
FMR_mfi6<20_pb<=0.0_bw40_none_h3_mid0_s0.07,mean_rev,6.07,1,332,53.01204819277109,0.672765517698497,0.8103664357401286,50.535206601811986,51.560693641618506,-35.61643942105713,89,1.01,0.38,3.4,52.8,42.16,-27.11,3
FMR_mfi13<30_pb<=0.25_squeeze_none_h4_mid1_s0.07,mean_rev,6.05,2,195,53.84615384615385,2.1061948804136597,1.0537388223090582,678.5016603360898,80.29505332165698,-50.0,89,1.36,0.09,3.4,50.6,35.5,-25.64,3
FMR_mfi14<30_pb<=0.15_none_pb_up_h4_mid0_s0.07,mean_rev,6.03,1,487,56.46817248459959,3.425252399525727,1.7937283994545528,15541655.159573087,81.3989239046887,-50.0,90,1.58,0.0,3.3,45.6,84.91,-24.7,3
FMR_mfi6<25_pb<=0.15_bw40_none_h4_mid0_s0.07,mean_rev,6.03,2,819,51.037851037851034,1.3977947967549529,0.3260869565217428,16616.300020772214,100.0,-50.0,89,0.73,0.0,3.4,48.3,25.78,-18.82,3
FMR_mfi6<30_pb<=0.25_bw40_pb_up_h3_mid0_s0.1,mean_rev,6.02,2,128,53.90625,1.7617086450653123,0.540165880672161,343.8356734726618,69.70297542711185,-27.647713578859832,88,0.56,0.0,1.1,37.5,24.31,-13.55,1
FMR_mfi6<20_pb<=0.15_bw40_none_h4_mid1_s0.07,mean_rev,6.01,1,684,51.16959064327485,0.8370890484626206,0.34549941731951694,388.6769099677481,63.58381502890174,-46.46017505520504,89,1.3,0.36,6.7,50.6,41.91,-27.11,6
FMR_mfi6<20_pb<=0.15_bw40_none_h4_mid0_s0.07,mean_rev,6.01,2,672,49.702380952380956,1.0077554894720084,-5.0027432252353066e-06,616.5963512651772,69.70297542711185,-46.46017505520504,89,0.28,0.66,2.2,50.6,23.62,-23.39,2
FMR_mfi14<25_pb<=0.25_squeeze_none_h3_mid1_s0.1,mean_rev,6.0,2,64,57.8125,1.769091088711799,2.8802380914873527,114.83282996180377,32.57698798349193,-23.740996791549527,86,0.6,0.0,1.2,31.4,23.53,-12.41,1
FMR_mfi13<30_pb<=0.0_bw40_none_h4_mid1_s0.07,mean_rev,6.0,1,165,56.96969696969697,2.350231922359658,2.3312963825572464,1282.2683033552466,100.0,-50.0,89,0.51,0.0,2.2,38.2,25.97,-14.94,2
FMR_mfi14<25_pb<=0.25_none_pb_up_h4_mid0_s0.1,mean_rev,5.98,1,612,56.209150326797385,2.7466672599923347,1.868010820107735,7732848.863794752,100.0,-50.0,91,1.54,0.1,6.6,50.5,84.91,-28.06,6
FMR_mfi13<30_pb<=0.15_bw40_pb_up_h4_mid0_s0.1,mean_rev,5.96,1,42,54.761904761904766,3.4539115737496053,1.1080696133335177,174.47426895040704,61.71122994652407,-26.192619261926197,87,1.53,0.0,2.3,17.2,61.71,-9.89,2
FMR_mfi6<30_pb<=0.25_none_pb_up_h3_mid0_s0.1,mean_rev,5.92,2,972,57.818930041152264,2.3811313048443306,1.8990431607668112,1372890642.1299675,100.0,-50.0,90,0.44,0.0,2.2,48.9,29.95,-20.62,2
FMR_mfi13<25_pb<=0.25_bw40_none_h4_mid1_s0.07,mean_rev,5.91,1,262,54.19847328244275,1.1305258259925373,0.9928635802635366,231.35345829747868,61.71122994652407,-50.0,87,0.98,0.0,3.4,48.3,32.58,-22.18,3
FMR_mfi13<20_pb<=0.25_bw40_none_h2_mid1_s0.1,mean_rev,5.9,1,121,51.2396694214876,0.6936228498872159,0.33058617496466436,44.49935726549494,50.68493150684932,-22.36840595475399,81,0.82,0.0,2.5,39.5,44.2,-15.65,2
FMR_mfi6<30_pb<=0.0_bw40_none_h3_mid1_s0.07,mean_rev,5.9,2,464,54.741379310344826,1.3456459852279299,1.2193180158617034,2811.117836165144,100.0,-40.84507035263212,89,0.4,0.0,3.4,49.4,25.55,-19.49,3
FMR_mfi13<20_pb<=0.25_bw40_none_h2_mid0_s0.1,mean_rev,5.9,1,121,51.2396694214876,0.6936228498872159,0.33058617496466436,44.49935726549494,50.68493150684932,-22.36840595475399,81,0.82,0.0,2.5,39.5,44.2,-15.65,2
FMR_mfi13<25_pb<=0.0_bw40_none_h3_mid1_s0.1,mean_rev,5.89,2,99,59.59595959595959,1.9309821915841487,1.7241374701015832,300.6349317192443,26.46370309298156,-50.0,86,0.61,0.0,1.2,43.0,23.53,-19.57,1
FWALK_mfi6>=55_pb>=0.7_mup0_h2,band_walk,5.88,2,4034,49.75210708973724,1.7524214181017173,-9.817099078102132e-07,2.639880586952229e+20,100.0,-50.0,91,1.17,0.67,7.7,52.7,56.43,-30.57,7
FMR_mfi6<30_pb<=0.15_bw40_pb_up_h3_mid0_s0.07,mean_rev,5.86,2,57,54.385964912280706,3.5291544873091434,0.6079006970963752,307.0696413980346,69.70297542711185,-27.647713578859832,82,1.12,0.0,2.4,25.6,36.33,-11.98,2
FWALK_mfi14>=60_pb>=0.85_mup1_h2,band_walk,5.85,1,2593,48.74662553027381,1.8265623729237144,-0.180190036830985,63742323987190.41,100.0,-50.0,91,2.21,0.02,11.0,50.5,78.16,-28.97,10
FMR_mfi6<30_pb<=0.15_bw40_pb_up_h3_mid0_s0.1,mean_rev,5.85,2,57,54.385964912280706,3.494670242919959,0.6079006970963752,299.008857034553,69.70297542711185,-27.647713578859832,82,1.11,0.0,2.4,25.6,36.33,-11.98,2
FMR_mfi13<25_pb<=0.15_bw40_none_h4_mid1_s0.07,mean_rev,5.85,2,198,55.55555555555556,1.7963427594193357,1.1932593943900782,847.3519876831878,61.71122994652407,-50.0,87,0.55,0.0,0.0,48.3,14.77,-20.42,0
FMR_mfi14<25_pb<=0.15_none_pb_up_h3_mid0_s0.1,mean_rev,5.84,2,340,57.94117647058824,2.7122425820662146,1.8990431607668112,73542.1103071116,80.9123649459784,-50.0,89,1.04,0.0,3.4,49.4,47.74,-24.9,3
FMR_mfi6<30_pb<=0.15_bw40_pb_up_h3_mid1_s0.07,mean_rev,5.83,2,57,57.89473684210527,2.9757075453810495,2.209297247285358,232.91611729935445,48.71286666570225,-27.647713578859832,82,0.96,0.0,2.4,24.4,32.34,-11.98,2
FMR_mfi13<20_pb<=0.25_bw40_none_h2_mid1_s0.07,mean_rev,5.83,1,121,51.2396694214876,0.6552977558543573,0.33058617496466436,37.18055872003778,50.68493150684932,-22.36840595475399,81,0.76,0.0,2.5,39.5,44.2,-15.65,2
FMR_mfi13<20_pb<=0.25_bw40_none_h2_mid0_s0.07,mean_rev,5.83,1,121,51.2396694214876,0.6552977558543573,0.33058617496466436,37.18055872003778,50.68493150684932,-22.36840595475399,81,0.76,0.0,2.5,39.5,44.2,-15.65,2
FSQ_mfi14>=45_brk0_mup1_h3_s0.12,squeeze_break,5.83,1,1711,46.52250146113384,1.7925329230413987,-0.6116261567738146,415491217.65910155,100.0,-50.0,90,3.04,-0.85,7.8,45.6,85.41,-22.0,7
FSQ_mfi14>=55_brk0_mup0_h2_s0.08,squeeze_break,5.81,2,1839,48.06960304513323,1.3701029134952316,-0.33257811666538295,31374202.761516914,100.0,-50.0,90,2.65,0.56,8.9,55.6,40.16,-39.47,8
FMR_mfi14<30_pb<=0.15_none_both_h4_mid0_s0.1,mean_rev,5.81,1,295,58.30508474576271,3.9594961116732197,2.130156266850469,479883.1634221875,80.9123649459784,-50.0,90,0.71,0.13,1.1,51.1,56.01,-25.36,1
FMR_mfi6<30_pb<=0.15_bw40_none_h4_mid0_s0.07,mean_rev,5.8,2,985,51.675126903553306,1.441344055417157,0.4120685525515366,45902.65927971951,100.0,-50.0,89,0.42,0.17,2.2,51.7,29.54,-21.76,2
FSQ_mfi6>=55_brk1_mup0_h4_s0.12,squeeze_break,5.76,2,973,44.29599177800617,1.8356180092570613,-1.1655033573440776,347207.492865827,100.0,-42.49999643098701,90,1.69,-0.2,6.7,48.9,41.89,-21.52,6
FMR_mfi6<20_pb<=0.0_bw40_none_h4_mid1_s0.1,mean_rev,5.76,2,332,53.31325301204819,1.026388550827427,0.960343100510308,334.8854220806557,63.58381502890174,-35.61643942105713,89,0.17,0.0,2.2,49.4,21.66,-18.23,2
FMR_mfi6<20_pb<=0.0_none_none_h4_mid0_s0.07,mean_rev,5.75,2,891,53.198653198653204,1.775482498241622,1.0504139623861208,5461.944509580985,99.33862433862434,-50.0,91,0.65,0.62,1.1,54.9,20.29,-30.06,1
FMR_mfi6<30_pb<=0.15_none_pb_up_h4_mid1_s0.07,mean_rev,5.73,2,603,62.68656716417911,3.377575932417283,2.6690287405424673,575733052.73649,81.3989239046887,-50.0,90,1.05,0.69,3.3,54.4,31.93,-36.8,3
FMR_mfi13<25_pb<=0.0_bw40_none_h3_mid1_s0.07,mean_rev,5.73,2,99,58.58585858585859,1.8748121317465252,1.4348841219773867,280.78180426184457,26.46370309298156,-50.0,86,0.55,0.0,1.2,43.0,23.53,-19.57,1
FMR_mfi14<25_pb<=0.15_none_both_h3_mid1_s0.07,mean_rev,5.73,2,198,59.59595959595959,3.430897288478795,2.1913180649882347,9646.306406205502,81.3989239046887,-50.0,89,0.98,0.0,2.2,41.6,34.65,-21.86,2
FMR_mfi14<30_pb<=0.15_squeeze_none_h3_mid1_s0.07,mean_rev,5.73,2,79,51.89873417721519,1.6830585822803061,0.8793917435892862,157.4320916531775,41.176470588235304,-22.87581699346405,87,0.52,0.0,1.1,35.6,20.46,-13.05,1
FMR_mfi6<25_pb<=0.25_none_both_h4_mid0_s0.1,mean_rev,5.72,2,316,62.0253164556962,3.4830490896754287,2.896084463693893,290365.71815014764,50.89163237311385,-50.0,91,-0.12,0.56,0.0,51.6,12.88,-26.88,0
FMR_mfi6<30_pb<=0.15_bw40_pb_up_h2_mid0_s0.07,mean_rev,5.71,2,57,54.385964912280706,2.9252989853289986,0.5736083289497707,249.99619471854936,48.71286666570225,-19.408866995073893,82,0.96,0.0,2.4,22.0,32.34,-9.97,2
FMR_mfi6<30_pb<=0.15_bw40_pb_up_h2_mid1_s0.1,mean_rev,5.71,2,57,54.385964912280706,2.9252989853289986,0.5736083289497707,249.99619471854936,48.71286666570225,-19.408866995073893,82,0.96,0.0,2.4,22.0,32.34,-9.97,2
FMR_mfi6<30_pb<=0.15_bw40_pb_up_h2_mid1_s0.07,mean_rev,5.71,2,57,54.385964912280706,2.9252989853289986,0.5736083289497707,249.99619471854936,48.71286666570225,-19.408866995073893,82,0.96,0.0,2.4,22.0,32.34,-9.97,2
FMR_mfi6<30_pb<=0.15_bw40_pb_up_h2_mid0_s0.1,mean_rev,5.71,2,57,54.385964912280706,2.9252989853289986,0.5736083289497707,249.99619471854936,48.71286666570225,-19.408866995073893,82,0.96,0.0,2.4,22.0,32.34,-9.97,2
FMR_mfi13<30_pb<=0.25_bw40_none_h3_mid1_s0.1,mean_rev,5.71,2,486,53.90946502057613,1.1814206852110694,0.816765926095564,914.9817421251404,100.0,-50.0,89,0.55,0.1,2.2,50.6,21.65,-22.61,2
FMR_mfi13<30_pb<=0.15_none_pb_up_h2_mid0_s0.07,mean_rev,5.7,1,548,54.56204379562044,1.931565042088356,1.0590942504331458,114701.99676461937,81.3989239046887,-50.0,89,2.02,0.0,4.5,47.2,56.01,-29.06,4
FMR_mfi13<30_pb<=0.15_none_pb_up_h2_mid1_s0.07,mean_rev,5.7,1,548,54.56204379562044,1.931565042088356,1.0590942504331458,114701.99676461937,81.3989239046887,-50.0,89,2.02,0.0,4.5,47.2,56.01,-29.06,4
FMR_mfi6<30_pb<=0.15_bw40_pb_up_h3_mid1_s0.1,mean_rev,5.7,2,57,57.89473684210527,2.9412233009918647,2.209297247285358,226.32371943971214,48.71286666570225,-27.647713578859832,82,0.95,0.0,2.4,23.2,32.34,-11.98,2
FMR_mfi14<25_pb<=0.15_none_both_h3_mid0_s0.07,mean_rev,5.68,2,198,58.58585858585859,3.62625842091922,2.088480202719256,12983.700255401765,81.3989239046887,-50.0,89,0.92,0.0,2.2,41.6,34.65,-21.33,2
FMR_mfi13<25_pb<=0.15_bw40_none_h4_mid0_s0.1,mean_rev,5.68,2,198,53.535353535353536,2.131924840062332,0.5589619914769584,1130.1657163198392,61.71122994652407,-50.0,87,0.91,0.0,1.1,49.4,27.04,-23.19,1
FMR_mfi13<30_pb<=0.25_squeeze_none_h4_mid0_s0.1,mean_rev,5.68,1,195,56.92307692307692,3.711924933494832,1.4508929601461995,8476.592127243524,100.0,-50.0,89,3.21,0.0,7.9,49.4,77.75,-38.34,7
FMR_mfi13<30_pb<=0.0_bw40_none_h4_mid0_s0.07,mean_rev,5.67,1,165,56.36363636363636,2.8579948305446985,1.5760031141708764,2635.7600262805145,100.0,-50.0,89,0.72,0.0,1.1,38.2,22.29,-17.64,1
FSQ_mfi6>=55_brk1_mup0_h3_s0.08,squeeze_break,5.66,1,980,45.40816326530612,1.5540759814642477,-0.8291339184644364,115765.19846501033,100.0,-34.57364341085272,90,3.16,0.0,10.0,50.0,85.41,-33.82,9
FSQ_mfi6>=50_brk0_mup0_h2_s0.12,squeeze_break,5.66,2,1967,47.89018810371123,1.3008163017047858,-0.33517384925678684,21937469.151566625,100.0,-50.0,90,2.32,0.41,5.6,52.2,44.16,-34.98,5
FWALK_mfi6>=60_pb>=0.8_mup0_h4,band_walk,5.65,2,3155,46.62440570522979,2.4879890464396843,-0.7824726134585291,8.980240080717486e+20,100.0,-50.0,91,1.83,0.13,8.8,51.6,39.88,-28.5,8
FSQ_mfi6>=50_brk1_mup1_h2_s0.12,squeeze_break,5.65,1,893,45.24076147816349,1.5187011317029653,-0.8108108108108136,88567.98505143194,100.0,-34.57364341085272,90,3.8,-0.3,11.1,45.6,98.67,-32.43,10
FMR_mfi13<20_pb<=0.25_bw40_none_h4_mid1_s0.07,mean_rev,5.65,2,121,53.71900826446281,0.9496625141557672,1.0344786468528655,55.497954114813176,50.68493150684932,-26.755447722225924,81,0.83,0.0,1.2,44.4,24.97,-20.42,1
FMR_mfi13<30_pb<=0.15_squeeze_none_h4_mid1_s0.07,mean_rev,5.63,1,104,52.88461538461539,1.7286702728511607,0.46741645662057296,130.0681415843039,72.84974684373167,-38.34115646730751,89,1.85,0.0,4.5,43.8,81.66,-26.02,4
FSQ_mfi6>=50_brk1_mup1_h3_s0.08,squeeze_break,5.61,2,892,44.843049327354265,1.7257391861154936,-0.8695658636239445,201095.09727546334,100.0,-34.57364341085272,90,2.57,-0.52,10.0,46.7,50.51,-23.45,9
FMR_mfi14<30_pb<=0.15_squeeze_none_h3_mid0_s0.07,mean_rev,5.59,2,79,49.36708860759494,1.6508883765867837,-0.09165480642285839,141.11807384060052,41.176470588235304,-22.87581699346405,87,0.49,0.0,1.1,35.6,20.46,-12.55,1
FMR_mfi6<25_pb<=0.25_bw40_pb_up_h4_mid1_s0.1,mean_rev,5.59,2,79,58.22784810126582,2.193539605016995,0.9445141475172392,250.22103296536508,48.71286666570225,-19.49434464404525,88,0.41,0.0,0.0,33.0,19.43,-14.29,0
FMR_mfi13<25_pb<=0.0_bw40_none_h3_mid0_s0.1,mean_rev,5.58,2,99,59.59595959595959,1.9266602200152947,1.904761904761898,292.766908154523,26.46370309298156,-50.0,86,0.55,0.0,1.2,40.7,23.53,-19.57,1
FMR_mfi6<25_pb<=0.25_bw40_pb_up_h4_mid1_s0.07,mean_rev,5.56,2,79,58.22784810126582,2.0511342700983026,0.6818181818181834,213.45041207812213,48.71286666570225,-19.49434464404525,88,0.38,0.0,1.1,33.0,24.31,-14.29,1
FMR_mfi14<30_pb<=0.25_none_pb_up_h2_mid0_s0.1,mean_rev,5.56,2,895,53.96648044692738,1.3688113460809408,0.9091062766644287,106344.84876182117,100.0,-50.0,90,1.14,0.61,3.3,53.3,35.47,-33.36,3
FMR_mfi14<30_pb<=0.25_none_pb_up_h2_mid1_s0.1,mean_rev,5.56,2,895,53.96648044692738,1.3688113460809408,0.9091062766644287,106344.84876182117,100.0,-50.0,90,1.14,0.61,3.3,53.3,35.47,-33.36,3
FMR_mfi14<30_pb<=0.25_bw40_pb_up_h4_mid1_s0.07,mean_rev,5.54,2,87,54.02298850574713,1.2010627093163675,0.8287024116075514,72.65540200522183,61.71122994652407,-19.408866995073893,88,0.46,0.0,1.1,31.8,40.28,-12.55,1
FMR_mfi14<30_pb<=0.25_bw40_both_h4_mid1_s0.1,mean_rev,5.54,2,64,50.0,0.7689178495434543,0.16041178013067037,5.881491416511531,61.71122994652407,-19.712528904890945,88,0.21,0.0,1.1,29.5,28.09,-8.3,1
FMR_mfi13<30_pb<=0.15_none_both_h4_mid1_s0.1,mean_rev,5.53,1,337,62.31454005934718,3.5550569163398604,2.610301112732749,590424.1852680224,80.9123649459784,-50.0,89,1.44,0.0,4.5,43.8,56.01,-27.82,4
FMR_mfi6<30_pb<=0.0_bw40_none_h2_mid0_s0.07,mean_rev,5.52,2,469,50.10660980810234,0.9206475391819346,5.539520619990412e-07,534.5116870099516,100.0,-40.84507035263212,89,0.66,0.0,1.1,48.3,22.41,-20.56,1
FMR_mfi14<30_pb<=0.25_bw40_pb_up_h4_mid1_s0.1,mean_rev,5.52,2,87,54.02298850574713,1.1605318049414084,0.8995376455290582,61.55337638085241,61.71122994652407,-19.712528904890945,88,0.44,0.0,1.1,31.8,40.28,-12.55,1
FMR_mfi6<30_pb<=0.0_bw40_none_h2_mid1_s0.07,mean_rev,5.52,2,469,50.10660980810234,0.9206475391819346,5.539520619990412e-07,534.5116870099516,100.0,-40.84507035263212,89,0.66,0.0,1.1,48.3,22.41,-20.56,1
FMR_mfi6<20_pb<=0.25_bw40_pb_up_h4_mid1_s0.1,mean_rev,5.52,2,58,53.44827586206896,1.779583104397363,0.3820866843698756,97.52023719947556,48.71286666570225,-19.408866995073893,79,0.48,0.0,0.0,26.6,18.1,-9.97,0
FMR_mfi6<30_pb<=0.0_bw40_none_h2_mid0_s0.1,mean_rev,5.51,2,469,50.10660980810234,0.9195133922872291,5.539520619990412e-07,530.7423106514763,100.0,-40.84507035263212,89,0.65,0.0,1.1,48.3,22.41,-20.56,1
FMR_mfi6<30_pb<=0.0_bw40_none_h2_mid1_s0.1,mean_rev,5.51,2,469,50.10660980810234,0.9195133922872291,5.539520619990412e-07,530.7423106514763,100.0,-40.84507035263212,89,0.65,0.0,1.1,48.3,22.41,-20.56,1
FMR_mfi13<30_pb<=0.0_bw40_none_h3_mid0_s0.07,mean_rev,5.5,2,166,56.024096385542165,2.5284158408941386,1.669524022853075,1699.5878654238322,100.0,-50.0,89,0.9,0.13,0.0,51.7,19.74,-27.45,0
FMR_mfi6<30_pb<=0.25_none_both_h3_mid0_s0.1,mean_rev,5.5,2,482,59.75103734439834,2.9452244318366514,2.2309555738438402,3282199.198663839,62.66666735485524,-50.0,90,0.34,0.0,0.0,47.8,17.27,-22.36,0
FMR_mfi13<30_pb<=0.15_bw40_none_h2_mid0_s0.1,mean_rev,5.48,1,364,50.54945054945055,1.4739029836804627,0.21995072852675213,3143.1657366963123,100.0,-34.98292711270018,89,1.38,0.0,2.2,47.2,32.53,-24.7,2
FMR_mfi13<30_pb<=0.15_bw40_none_h2_mid1_s0.1,mean_rev,5.48,1,364,50.54945054945055,1.4739029836804627,0.21995072852675213,3143.1657366963123,100.0,-34.98292711270018,89,1.38,0.0,2.2,47.2,32.53,-24.7,2
FMR_mfi6<20_pb<=0.25_bw40_pb_up_h4_mid1_s0.07,mean_rev,5.48,2,58,53.44827586206896,1.6883971408386496,0.3820866843698756,86.20469757326141,48.71286666570225,-19.408866995073893,79,0.45,0.0,0.0,26.6,18.1,-9.97,0
FMR_mfi6<20_pb<=0.0_bw40_none_h4_mid0_s0.1,mean_rev,5.47,2,327,51.07033639143731,1.0246421447561638,0.4237149826888498,260.08319432152575,63.58381502890174,-35.61643942105713,89,0.45,0.0,1.1,44.9,22.88,-18.23,1
FMR_mfi6<20_pb<=0.25_none_both_h4_mid1_s0.1,mean_rev,5.47,2,209,65.07177033492823,2.4869598702355935,2.7568922305764465,3382.3977570402567,42.52578219905456,-50.0,90,0.24,0.0,0.0,47.8,13.24,-24.04,0
FMR_mfi13<30_pb<=0.15_squeeze_none_h4_mid0_s0.1,mean_rev,5.47,1,104,54.807692307692314,4.306456771803459,1.1363623260212452,1702.3361910975127,100.0,-38.34115646730751,89,3.55,0.0,7.9,44.9,102.25,-38.34,7
FMR_mfi13<30_pb<=0.15_bw40_none_h2_mid0_s0.07,mean_rev,5.46,1,364,50.27472527472527,1.468582611200433,0.15715446004684885,3081.014605677264,100.0,-34.98292711270018,89,1.38,0.0,2.2,47.2,32.53,-24.7,2
FMR_mfi13<30_pb<=0.15_bw40_none_h2_mid1_s0.07,mean_rev,5.46,1,364,50.27472527472527,1.468582611200433,0.15715446004684885,3081.014605677264,100.0,-34.98292711270018,89,1.38,0.0,2.2,47.2,32.53,-24.7,2
FMR_mfi13<20_pb<=0.25_bw40_none_h4_mid1_s0.1,mean_rev,5.45,2,121,53.71900826446281,0.7467223039234835,1.0344786468528655,16.80939095538614,50.68493150684932,-26.755447722225924,81,0.38,0.0,0.0,44.4,16.54,-18.74,0
FMR_mfi6<20_pb<=0.25_bw40_none_h3_mid0_s0.07,mean_rev,5.44,1,877,51.653363740022805,1.0088872873106969,0.37771482530688516,1331.2135505919505,69.70297542711185,-50.0,89,0.61,0.36,5.6,55.1,39.93,-28.26,5
FMR_mfi14<30_pb<=0.15_squeeze_none_h2_mid1_s0.1,mean_rev,5.44,2,79,45.56962025316456,1.650025355536118,-0.597602936458097,160.65919199783013,51.540535420927846,-16.235294117647058,86,0.76,0.0,1.2,32.6,24.44,-11.88,1
FMR_mfi14<30_pb<=0.15_squeeze_none_h2_mid0_s0.1,mean_rev,5.44,2,79,45.56962025316456,1.650025355536118,-0.597602936458097,160.65919199783013,51.540535420927846,-16.235294117647058,86,0.76,0.0,1.2,32.6,24.44,-11.88,1
FMR_mfi13<25_pb<=0.15_bw40_none_h4_mid1_s0.1,mean_rev,5.43,2,198,56.56565656565656,1.7549419764661043,1.2746427364928814,753.1837824489569,61.71122994652407,-50.0,87,0.5,0.0,0.0,49.4,14.77,-23.19,0
FMR_mfi13<30_pb<=0.25_squeeze_none_h3_mid0_s0.07,mean_rev,5.43,2,196,52.04081632653062,2.4859673928363524,0.7125623828362793,1411.236362259077,80.29505332165698,-50.0,89,1.21,0.0,3.4,49.4,34.21,-25.64,3
FMR_mfi13<25_pb<=0.0_bw40_none_h3_mid0_s0.07,mean_rev,5.43,2,99,58.58585858585859,1.8704901601776716,1.7241374701015832,273.30367399473954,26.46370309298156,-50.0,86,0.49,0.0,1.2,40.7,23.53,-19.57,1
FMR_mfi6<30_pb<=0.25_bw40_both_h4_mid0_s0.07,mean_rev,5.42,2,44,56.81818181818182,2.2402796227591044,1.354871800480939,118.98248758336507,31.735546458016707,-19.49434464404525,78,0.28,0.0,0.0,26.9,16.75,-10.74,0
FMR_mfi6<30_pb<=0.15_none_pb_up_h3_mid1_s0.07,mean_rev,5.42,2,606,60.396039603960396,2.9750264929401937,2.1332835996303867,65368717.32593499,81.3989239046887,-50.0,90,1.09,0.43,4.4,51.1,33.58,-33.46,4
FMR_mfi6<30_pb<=0.0_bw40_none_h3_mid0_s0.1,mean_rev,5.4,2,461,54.66377440347071,1.450142432094575,1.284795923273574,3899.842483613828,100.0,-40.84507035263212,89,0.39,0.92,2.2,53.9,25.2,-33.36,2
FMR_mfi6<25_pb<=0.15_bw40_none_h3_mid1_s0.07,mean_rev,5.4,2,845,54.20118343195266,1.1102183928898908,0.9225062594733213,7425.168422714376,100.0,-50.0,89,0.6,0.28,3.4,55.1,21.68,-28.61,3
FMR_mfi14<30_pb<=0.25_none_pb_up_h4_mid0_s0.07,mean_rev,5.39,1,880,54.77272727272727,2.6220887336737113,1.1348147641292217,385771032.6725829,100.0,-50.0,91,0.7,1.25,3.3,56.0,70.35,-39.66,3
FMR_mfi13<25_pb<=0.25_squeeze_none_h4_mid0_s0.1,mean_rev,5.38,2,96,54.166666666666664,2.014849250681701,1.0847356507394657,155.12676816545698,61.71122994652407,-38.34115646730751,88,0.85,0.0,1.1,40.9,22.34,-20.32,1
FMR_mfi6<30_pb<=0.15_squeeze_none_h2_mid0_s0.1,mean_rev,5.38,2,273,48.35164835164835,0.08289772995994085,-0.1088174872201364,-71.36293492212825,65.39999211782248,-38.653366583541136,90,-0.32,0.0,0.0,47.8,19.53,-14.43,0
FMR_mfi6<30_pb<=0.15_squeeze_none_h2_mid1_s0.1,mean_rev,5.38,2,273,48.35164835164835,0.08289772995994085,-0.1088174872201364,-71.36293492212825,65.39999211782248,-38.653366583541136,90,-0.32,0.0,0.0,47.8,19.53,-14.43,0
FMR_mfi13<20_pb<=0.25_none_pb_up_h3_mid1_s0.1,mean_rev,5.37,1,450,57.333333333333336,2.354091293819235,1.5392769784651539,100587.51568848794,100.0,-50.0,89,2.88,0.0,6.7,46.1,56.48,-36.39,6
FMR_mfi14<25_pb<=0.25_none_pb_up_h3_mid0_s0.1,mean_rev,5.37,1,616,56.33116883116883,2.155437578901955,1.5392769784651539,585984.4686462309,100.0,-50.0,90,1.32,0.0,3.3,48.9,39.43,-28.06,3
FMR_mfi6<20_pb<=0.0_bw40_none_h2_mid1_s0.07,mean_rev,5.36,1,338,47.0414201183432,0.08656752362134121,-0.6080091165778678,-66.44722389215752,36.64596660287578,-34.98292711270018,89,0.83,0.0,3.4,47.2,27.96,-20.62,3
FMR_mfi6<20_pb<=0.0_bw40_none_h2_mid0_s0.07,mean_rev,5.36,1,338,47.0414201183432,0.08656752362134121,-0.6080091165778678,-66.44722389215752,36.64596660287578,-34.98292711270018,89,0.83,0.0,3.4,47.2,27.96,-20.62,3
FMR_mfi6<25_pb<=0.15_squeeze_none_h4_mid0_s0.07,mean_rev,5.35,2,203,45.812807881773395,0.5998683522997924,-0.8802840231442066,-71.41784444008269,72.84974684373167,-44.254834738700566,90,0.85,0.0,2.2,38.9,24.55,-16.13,2
FMR_mfi6<20_pb<=0.25_none_both_h4_mid0_s0.1,mean_rev,5.34,2,209,61.72248803827751,3.2089669582431584,2.6978359278436947,10607.239031775198,50.89163237311385,-50.0,90,0.09,0.05,0.0,50.0,14.33,-24.04,0
FMR_mfi6<20_pb<=0.0_bw40_none_h2_mid1_s0.1,mean_rev,5.34,1,338,47.0414201183432,0.08499381091833226,-0.6080091165778678,-66.64654731458036,36.64596660287578,-34.98292711270018,89,0.82,0.0,3.4,47.2,27.96,-20.62,3
FMR_mfi6<30_pb<=0.25_squeeze_none_h3_mid1_s0.07,mean_rev,5.34,1,533,49.906191369606,0.16388115165653652,0.0,-96.36507390876137,72.84974684373167,-50.0,90,1.11,-0.21,8.9,46.7,43.88,-21.17,8
FMR_mfi6<20_pb<=0.0_bw40_none_h2_mid0_s0.1,mean_rev,5.34,1,338,47.0414201183432,0.08499381091833226,-0.6080091165778678,-66.64654731458036,36.64596660287578,-34.98292711270018,89,0.82,0.0,3.4,47.2,27.96,-20.62,3
FMR_mfi13<30_pb<=0.15_bw40_pb_up_h4_mid1_s0.1,mean_rev,5.33,1,42,52.38095238095239,2.873477435649363,1.1080696133335177,119.70888243409736,61.71122994652407,-26.192619261926197,87,1.36,0.0,2.3,14.9,61.71,-9.89,2
FMR_mfi14<30_pb<=0.25_none_both_h2_mid0_s0.07,mean_rev,5.31,2,659,55.08345978755691,1.4001195011256087,0.995735077575266,13161.441977680886,81.3989239046887,-50.0,90,1.48,0.64,4.4,55.6,59.03,-38.58,4
FMR_mfi14<30_pb<=0.25_none_both_h2_mid1_s0.07,mean_rev,5.31,2,659,55.08345978755691,1.4001195011256087,0.995735077575266,13161.441977680886,81.3989239046887,-50.0,90,1.48,0.64,4.4,55.6,59.03,-38.58,4
FMR_mfi13<30_pb<=0.25_bw40_none_h3_mid0_s0.1,mean_rev,5.3,2,486,53.29218106995884,1.3837536945201383,0.7865155167067206,1759.9234085916685,100.0,-50.0,89,0.24,0.0,1.1,48.3,22.26,-20.43,1
FMR_mfi13<20_pb<=0.15_none_pb_up_h4_mid1_s0.07,mean_rev,5.29,1,276,59.42028985507246,2.7635579824353522,2.1332835996303867,23072.72928992448,80.9123649459784,-50.0,89,2.95,0.0,4.5,42.7,87.14,-36.39,4
FMR_mfi6<20_pb<=0.25_bw40_pb_up_h2_mid0_s0.1,mean_rev,5.28,2,58,48.275862068965516,1.2908121498884892,-0.14880278570906236,51.929195284339144,48.71286666570225,-19.408866995073893,79,0.42,0.0,0.0,29.1,18.1,-9.97,0
FMR_mfi6<20_pb<=0.25_bw40_pb_up_h2_mid1_s0.1,mean_rev,5.28,2,58,48.275862068965516,1.2908121498884892,-0.14880278570906236,51.929195284339144,48.71286666570225,-19.408866995073893,79,0.42,0.0,0.0,29.1,18.1,-9.97,0
FMR_mfi6<25_pb<=0.25_squeeze_none_h4_mid0_s0.1,mean_rev,5.26,2,377,48.80636604774536,0.6210774784737363,-0.24478989593974543,-90.83503258162993,72.84974684373167,-50.0,90,1.07,0.1,2.2,50.0,21.84,-25.63,2
FMR_mfi13<30_pb<=0.15_bw40_pb_up_h4_mid0_s0.07,mean_rev,5.25,1,42,54.761904761904766,2.9868703455497805,0.9051560903097888,124.5394552197859,61.71122994652407,-26.192619261926197,87,1.43,0.0,2.3,17.2,61.71,-12.82,2
FMR_mfi6<25_pb<=0.0_bw40_none_h2_mid1_s0.07,mean_rev,5.25,2,401,47.880299251870326,0.5975069884274062,-0.40760462830887745,63.77118153049703,100.0,-34.98292711270018,89,0.64,0.0,0.0,48.3,19.34,-20.9,0
FMR_mfi6<25_pb<=0.0_bw40_none_h2_mid0_s0.07,mean_rev,5.25,2,401,47.880299251870326,0.5975069884274062,-0.40760462830887745,63.77118153049703,100.0,-34.98292711270018,89,0.64,0.0,0.0,48.3,19.34,-20.9,0
FMR_mfi6<25_pb<=0.0_bw40_none_h2_mid0_s0.1,mean_rev,5.25,2,401,47.880299251870326,0.5961805173710046,-0.40760462830887745,62.798283422395215,100.0,-34.98292711270018,89,0.64,0.0,0.0,48.3,19.34,-20.9,0
FMR_mfi6<20_pb<=0.25_bw40_pb_up_h2_mid1_s0.07,mean_rev,5.25,2,58,48.275862068965516,1.2108580744061463,-0.14880278570906236,44.23408027136044,48.71286666570225,-19.408866995073893,79,0.39,0.0,0.0,29.1,18.1,-9.97,0
FMR_mfi6<25_pb<=0.0_bw40_none_h2_mid1_s0.1,mean_rev,5.25,2,401,47.880299251870326,0.5961805173710046,-0.40760462830887745,62.798283422395215,100.0,-34.98292711270018,89,0.64,0.0,0.0,48.3,19.34,-20.9,0
FMR_mfi6<20_pb<=0.25_bw40_pb_up_h2_mid0_s0.07,mean_rev,5.25,2,58,48.275862068965516,1.2108580744061463,-0.14880278570906236,44.23408027136044,48.71286666570225,-19.408866995073893,79,0.39,0.0,0.0,29.1,18.1,-9.97,0
FMR_mfi6<25_pb<=0.25_squeeze_none_h4_mid1_s0.07,mean_rev,5.24,2,379,49.86807387862797,-0.004251335385646842,0.0,-97.76394617237924,72.84974684373167,-50.0,90,1.0,0.0,2.2,48.9,36.64,-24.21,2
FSQ_mfi14>=45_brk1_mup1_h4_s0.08,squeeze_break,5.22,1,886,44.13092550790068,2.1438414532181334,-1.0966241725924586,2325754.295643829,100.0,-34.57364341085272,90,2.2,-0.47,12.2,46.7,100.0,-23.38,11
FMR_mfi6<30_pb<=0.25_none_pb_up_h3_mid1_s0.07,mean_rev,5.22,2,979,58.324821246169556,2.3775954214491493,1.9267822736030782,1768006094.9190578,100.0,-50.0,90,1.54,0.11,6.7,50.0,41.89,-32.59,6
FMR_mfi6<25_pb<=0.15_squeeze_none_h4_mid1_s0.07,mean_rev,5.21,2,203,48.275862068965516,-0.26642628108131505,-0.12092459593594507,-92.26529518189795,72.84974684373167,-44.254834738700566,90,0.39,0.0,1.1,41.1,46.59,-16.13,1
FMR_mfi13<25_pb<=0.25_squeeze_none_h4_mid0_s0.07,mean_rev,5.19,2,96,53.125,1.629083970270423,0.7973190063688462,98.9341076193626,61.71122994652407,-38.34115646730751,88,0.76,0.0,1.1,40.9,22.34,-20.32,1
FMR_mfi14<25_pb<=0.15_none_pb_up_h3_mid1_s0.07,mean_rev,5.19,1,342,58.47953216374269,2.634261390442919,1.8479771440134574,47564.404672464334,81.3989239046887,-50.0,88,1.76,0.0,3.4,36.4,87.14,-26.21,3
FMR_mfi13<20_pb<=0.15_bw40_none_h3_mid0_s0.07,mean_rev,5.19,2,96,53.125,1.4076354569055523,0.6189291998865865,124.48380727204777,51.80503800952485,-26.755447722225924,80,0.46,0.0,0.0,45.0,15.96,-20.57,0
FMR_mfi14<30_pb<=0.0_bw40_none_h2_mid1_s0.1,mean_rev,5.17,2,145,49.6551724137931,1.1782948139365217,-4.35689231359504e-06,245.09337394129855,32.60272184943116,-25.840090998984266,86,0.13,0.0,0.0,31.4,10.33,-10.5,0
FMR_mfi14<30_pb<=0.0_bw40_none_h2_mid0_s0.1,mean_rev,5.17,2,145,49.6551724137931,1.1782948139365217,-4.35689231359504e-06,245.09337394129855,32.60272184943116,-25.840090998984266,86,0.13,0.0,0.0,31.4,10.33,-10.5,0
FMR_mfi14<30_pb<=0.0_bw40_none_h2_mid1_s0.07,mean_rev,5.17,2,145,49.6551724137931,1.1782948139365217,-4.35689231359504e-06,245.09337394129855,32.60272184943116,-25.840090998984266,86,0.13,0.0,0.0,31.4,10.33,-10.5,0
FMR_mfi14<30_pb<=0.0_bw40_none_h2_mid0_s0.07,mean_rev,5.17,2,145,49.6551724137931,1.1782948139365217,-4.35689231359504e-06,245.09337394129855,32.60272184943116,-25.840090998984266,86,0.13,0.0,0.0,31.4,10.33,-10.5,0
FMR_mfi13<30_pb<=0.0_bw40_none_h3_mid1_s0.07,mean_rev,5.17,2,166,56.024096385542165,2.3413626949633137,1.579510796039485,1311.3636301447184,100.0,-50.0,89,0.88,0.03,0.0,50.6,18.29,-27.45,0
FSQ_mfi6>=45_brk0_mup1_h4_s0.12,squeeze_break,5.17,2,1716,46.620046620046615,1.923881621000603,-0.6782713429501652,974495173.3843375,100.0,-50.0,90,1.56,0.81,4.4,53.3,43.47,-36.93,4
FMR_mfi6<30_pb<=0.25_bw40_both_h2_mid0_s0.1,mean_rev,5.11,2,45,51.11111111111111,0.8540865007692695,0.33058617496466436,32.71277773591726,17.7461156449759,-15.03659347970725,78,0.1,0.0,0.0,24.4,13.08,-7.67,0
FMR_mfi6<30_pb<=0.25_bw40_both_h2_mid1_s0.1,mean_rev,5.11,2,45,51.11111111111111,0.8540865007692695,0.33058617496466436,32.71277773591726,17.7461156449759,-15.03659347970725,78,0.1,0.0,0.0,24.4,13.08,-7.67,0
FSQ_mfi6>=50_brk0_mup1_h2_s0.12,squeeze_break,5.1,2,1742,47.41676234213548,1.3587630936135682,-0.4016659451913096,9390385.855229529,100.0,-50.0,90,1.65,0.01,8.9,50.0,44.53,-28.48,8
FMR_mfi6<30_pb<=0.25_bw40_both_h2_mid1_s0.07,mean_rev,5.08,2,45,51.11111111111111,0.7510345812586943,0.33058617496466436,25.99096178435847,17.7461156449759,-15.03659347970725,78,0.07,0.0,0.0,24.4,13.08,-7.67,0
FMR_mfi6<30_pb<=0.25_bw40_both_h2_mid0_s0.07,mean_rev,5.08,2,45,51.11111111111111,0.7510345812586943,0.33058617496466436,25.99096178435847,17.7461156449759,-15.03659347970725,78,0.07,0.0,0.0,24.4,13.08,-7.67,0
FMR_mfi14<25_pb<=0.25_bw40_pb_up_h4_mid1_s0.1,mean_rev,5.07,2,50,54.0,-0.22063330648210555,0.7587575868094776,-29.254140013213725,31.735546458016707,-19.712528904890945,83,0.07,0.0,0.0,22.9,11.12,-8.13,0
FSQ_mfi6>=50_brk0_mup1_h2_s0.08,squeeze_break,5.05,2,1742,47.3593570608496,1.3288209250347218,-0.4221208125934739,6853555.2768112235,100.0,-50.0,90,1.49,0.03,7.8,51.1,44.53,-28.48,7
FMR_mfi13<25_pb<=0.25_bw40_pb_up_h4_mid1_s0.1,mean_rev,5.05,2,58,51.724137931034484,0.2393870048454387,0.9271249260458858,-26.465229756625607,61.71122994652407,-26.192619261926197,88,0.34,0.0,1.1,21.6,30.18,-8.3,1
FMR_mfi6<30_pb<=0.0_bw40_none_h4_mid0_s0.07,mean_rev,5.05,1,456,53.07017543859649,1.5099222890858932,0.8633992256038114,3655.7757257037842,100.0,-40.84507035263212,89,0.19,0.36,1.1,52.8,24.97,-27.11,1
FMR_mfi14<25_pb<=0.15_none_both_h4_mid1_s0.07,mean_rev,5.02,1,198,62.121212121212125,3.7656613941768313,2.8718774707503503,17671.840105178522,81.3989239046887,-50.0,88,0.77,0.0,2.3,42.0,56.01,-25.36,2
FMR_mfi6<20_pb<=0.25_none_pb_up_h2_mid1_s0.07,mean_rev,5.02,1,595,52.60504201680673,1.2684267636379862,0.5110770188517355,6753.078887200617,100.0,-50.0,90,0.56,0.0,4.4,47.8,46.68,-23.21,4
FMR_mfi13<20_pb<=0.15_bw40_none_h3_mid1_s0.07,mean_rev,5.02,1,96,53.125,1.1320915934570843,0.9004115661488621,86.2495499115238,50.68493150684932,-26.755447722225924,80,1.15,0.0,2.5,38.8,44.2,-22.47,2
FMR_mfi6<20_pb<=0.25_none_pb_up_h2_mid0_s0.07,mean_rev,5.02,1,595,52.60504201680673,1.2684267636379862,0.5110770188517355,6753.078887200617,100.0,-50.0,90,0.56,0.0,4.4,47.8,46.68,-23.21,4
FMR_mfi14<30_pb<=0.25_bw40_both_h3_mid1_s0.1,mean_rev,5.01,2,64,48.4375,-0.09213277689892138,-0.6657470706028012,-33.245629282724344,41.176470588235304,-18.172475409706614,88,0.05,0.0,0.0,27.3,19.41,-8.3,0
FMR_mfi6<30_pb<=0.15_bw40_none_h4_mid0_s0.1,mean_rev,5.01,1,979,52.50255362614913,1.4324540929675853,0.5633740973035595,36207.49678984411,100.0,-50.0,89,0.78,-0.33,5.6,46.1,31.67,-20.4,5
FMR_mfi14<25_pb<=0.25_none_pb_up_h2_mid0_s0.1,mean_rev,4.99,1,619,54.60420032310178,1.283994122614122,0.83159888870179,8155.608063884432,100.0,-50.0,90,1.27,0.64,4.4,54.4,45.58,-38.12,4
FMR_mfi14<25_pb<=0.25_none_pb_up_h2_mid1_s0.1,mean_rev,4.99,1,619,54.60420032310178,1.283994122614122,0.83159888870179,8155.608063884432,100.0,-50.0,90,1.27,0.64,4.4,54.4,45.58,-38.12,4
FMR_mfi6<30_pb<=0.25_none_both_h3_mid1_s0.07,mean_rev,4.98,2,486,60.288065843621396,2.927577550214171,2.269861349104574,3606452.7769646156,81.3989239046887,-50.0,90,0.65,0.11,2.2,50.0,30.08,-29.2,2
FMR_mfi14<30_pb<=0.25_none_both_h2_mid1_s0.1,mean_rev,4.98,1,658,55.01519756838906,1.4089093284990202,0.9565831351179055,15504.543888751024,81.3989239046887,-50.0,90,1.03,0.22,2.2,50.0,32.82,-30.47,2
FMR_mfi14<30_pb<=0.25_none_both_h2_mid0_s0.1,mean_rev,4.98,1,658,55.01519756838906,1.4089093284990202,0.9565831351179055,15504.543888751024,81.3989239046887,-50.0,90,1.03,0.22,2.2,50.0,32.82,-30.47,2
FWALK_mfi14>=50_pb>=0.7_mup1_h4,band_walk,4.97,2,3053,46.053062561415004,2.480820744580888,-0.8620689655172376,4.4889586699645215e+19,100.0,-50.0,91,2.28,0.0,11.0,49.5,47.17,-32.02,10
FMR_mfi13<20_pb<=0.15_bw40_none_h3_mid0_s0.1,mean_rev,4.97,2,96,54.166666666666664,1.336872585812944,0.9004115661488621,104.3127436875952,51.80503800952485,-26.755447722225924,80,0.31,0.0,0.0,43.8,13.77,-20.57,0
FMR_mfi13<25_pb<=0.15_bw40_none_h3_mid1_s0.07,mean_rev,4.95,2,199,54.773869346733676,1.613920232810167,0.8793917435892862,681.4873449181548,41.80929095354524,-50.0,87,0.26,0.0,2.3,43.7,23.53,-20.57,2
FMR_mfi14<25_pb<=0.15_none_pb_up_h3_mid0_s0.07,mean_rev,4.94,1,342,57.01754385964912,2.699007881773077,1.59040894324749,54535.39288003026,81.3989239046887,-50.0,88,1.56,0.0,4.5,37.5,87.14,-26.21,4
FMR_mfi13<30_pb<=0.15_squeeze_none_h3_mid0_s0.07,mean_rev,4.94,1,105,49.523809523809526,1.8373637660809314,-2.3564225792860327e-06,162.78524464660262,72.84974684373167,-38.34115646730751,89,1.5,0.0,3.4,43.8,74.79,-26.02,3
FMR_mfi6<20_pb<=0.25_bw40_pb_up_h3_mid0_s0.1,mean_rev,4.93,2,58,43.103448275862064,1.2055274603478694,-0.6683649771926425,31.21902581825624,69.70297542711185,-19.408866995073893,79,0.58,0.0,1.3,27.8,26.38,-9.97,1
FMR_mfi13<25_pb<=0.25_bw40_both_h4_mid0_s0.07,mean_rev,4.93,2,43,46.51162790697674,0.5045358449856924,-2.0044495652122962,-17.46278841935901,61.71122994652407,-26.192619261926197,88,0.4,0.0,1.1,23.9,30.18,-8.3,1
FMR_mfi6<20_pb<=0.25_bw40_pb_up_h3_mid1_s0.1,mean_rev,4.92,2,58,46.55172413793103,1.2334552173365876,-0.14881176425675657,44.36309840384778,48.71286666570225,-19.408866995073893,79,0.55,0.0,0.0,25.3,18.1,-9.97,0
FMR_mfi6<20_pb<=0.15_bw40_none_h3_mid0_s0.07,mean_rev,4.92,1,683,52.12298682284041,1.0355928073339178,0.4504568249700247,1410.1537158416209,69.70297542711185,-46.46017505520504,89,1.01,0.0,7.9,50.6,50.81,-27.6,7
FMR_mfi14<30_pb<=0.15_none_pb_up_h3_mid1_s0.1,mean_rev,4.92,1,485,58.35051546391753,2.8108571288790913,1.8450174719989443,2106968.263739167,80.9123649459784,-50.0,89,1.36,0.0,4.5,41.6,87.14,-27.72,4
FSQ_mfi14>=50_brk0_mup0_h4_s0.08,squeeze_break,4.91,2,1877,45.44485881726158,1.7918781251475608,-0.9008920451386904,750565965.1368648,100.0,-50.0,90,1.94,0.73,10.0,54.4,37.0,-39.77,9
FMR_mfi13<30_pb<=0.25_bw40_pb_up_h4_mid1_s0.07,mean_rev,4.91,1,103,52.42718446601942,0.24046228694996688,0.4354194162670799,-26.418108818234888,61.71122994652407,-26.192619261926197,88,-0.05,0.0,1.1,34.1,22.26,-13.17,1
FMR_mfi6<20_pb<=0.25_none_none_h3_mid0_s0.1,mean_rev,4.9,1,2277,52.48133509003075,1.2584093558400093,0.6163334675417742,50832.41473302726,100.0,-50.0,91,1.6,0.0,7.7,50.5,58.54,-31.35,7
FMR_mfi14<30_pb<=0.25_bw40_both_h4_mid0_s0.1,mean_rev,4.89,2,64,45.3125,0.9177934703526446,-1.3549331117093832,12.505600640573732,61.71122994652407,-19.712528904890945,88,0.26,0.0,1.1,26.1,28.09,-8.3,1
FMR_mfi6<20_pb<=0.25_bw40_pb_up_h3_mid0_s0.07,mean_rev,4.89,2,58,43.103448275862064,1.1255733848655265,-0.6683649771926425,24.57286743064191,69.70297542711185,-19.408866995073893,79,0.55,0.0,1.3,27.8,26.38,-9.97,1
FMR_mfi6<20_pb<=0.25_bw40_pb_up_h3_mid1_s0.07,mean_rev,4.88,2,58,46.55172413793103,1.1535011418542447,-0.14881176425675657,37.05120128118799,48.71286666570225,-19.408866995073893,79,0.52,0.0,0.0,25.3,18.1,-9.97,0
FSQ_mfi6>=45_brk1_mup0_h2_s0.08,squeeze_break,4.86,2,996,45.58232931726908,1.3840976468244999,-0.7307809007656207,84300.51095204224,100.0,-34.57364341085272,90,1.46,-0.2,6.7,47.8,35.53,-24.57,6
FMR_mfi14<30_pb<=0.25_bw40_both_h4_mid1_s0.07,mean_rev,4.85,2,64,50.0,0.8240145476781652,-0.06086623963508786,13.15771836506745,61.71122994652407,-16.249996662275056,88,0.22,0.0,1.1,29.5,28.09,-11.81,1
FMR_mfi6<25_pb<=0.25_none_both_h4_mid1_s0.1,mean_rev,4.85,2,316,63.92405063291139,2.943238384350184,2.80828299164676,83705.21489929735,50.0,-50.0,90,0.09,0.02,0.0,50.0,13.24,-27.04,0
FMR_mfi14<30_pb<=0.25_bw40_both_h3_mid1_s0.07,mean_rev,4.85,2,64,48.4375,0.035306759054051264,-0.6657470706028012,-26.58330016439381,41.176470588235304,-16.249996662275056,88,0.02,0.0,0.0,27.3,19.41,-8.92,0
FMR_mfi6<25_pb<=0.25_bw40_none_h3_mid1_s0.1,mean_rev,4.84,2,1099,53.86715195632393,1.0345703994696798,0.9090931807947955,5917.757002287028,100.0,-50.0,89,0.62,0.31,1.1,51.7,26.7,-30.01,1
FMR_mfi6<25_pb<=0.25_bw40_pb_up_h3_mid1_s0.1,mean_rev,4.81,2,79,51.89873417721519,1.1621876240700004,0.24037659609716933,66.2059114198478,48.71286666570225,-19.49434464404525,88,0.28,0.0,1.1,31.8,24.31,-14.29,1
FMR_mfi6<25_pb<=0.15_squeeze_none_h3_mid1_s0.07,mean_rev,4.81,2,204,49.01960784313725,-0.5228657543555713,-0.1002361468214974,-94.59351892827078,72.84974684373167,-44.254834738700566,90,0.07,0.0,1.1,40.0,39.39,-15.97,1
FWALK_mfi14>=50_pb>=0.8_mup1_h2,band_walk,4.81,2,3088,49.287564766839374,1.8172275884750961,-0.11967766998491336,3.1584219241085736e+16,100.0,-50.0,91,1.98,0.26,7.7,52.7,88.88,-36.49,7
FMR_mfi14<30_pb<=0.15_none_pb_up_h2_mid0_s0.1,mean_rev,4.8,1,490,54.89795918367347,1.8785338584300728,1.1904029132065896,48125.266728624534,81.3989239046887,-50.0,89,0.54,0.0,3.4,41.6,56.01,-21.99,3
FMR_mfi14<30_pb<=0.15_none_pb_up_h2_mid1_s0.1,mean_rev,4.8,1,490,54.89795918367347,1.8785338584300728,1.1904029132065896,48125.266728624534,81.3989239046887,-50.0,89,0.54,0.0,3.4,41.6,56.01,-21.99,3
FMR_mfi13<20_pb<=0.25_bw40_none_h4_mid0_s0.07,mean_rev,4.79,2,121,51.2396694214876,1.6296671783914098,0.3508676351873463,173.42635293125687,51.80503800952485,-26.755447722225924,81,0.79,0.0,2.5,38.3,25.63,-20.42,2
FMR_mfi13<25_pb<=0.25_bw40_both_h4_mid1_s0.07,mean_rev,4.79,2,43,48.837209302325576,0.3200907576427491,-0.2976055714181247,-21.704442905852062,61.71122994652407,-26.192619261926197,88,0.32,0.0,1.1,21.6,30.18,-8.3,1
FMR_mfi13<25_pb<=0.15_bw40_none_h3_mid0_s0.07,mean_rev,4.79,2,199,53.266331658291456,1.5832285936861912,0.6593763447187317,495.6409528578593,61.36919315403424,-50.0,87,0.23,0.0,1.1,43.7,23.53,-20.57,1
FMR_mfi6<25_pb<=0.25_none_pb_up_h3_mid1_s0.1,mean_rev,4.77,2,749,58.61148197596796,2.0519542753924527,1.8209542880269103,3699294.0425219815,100.0,-50.0,90,1.22,0.57,2.2,51.1,55.87,-38.18,2
FMR_mfi6<25_pb<=0.25_bw40_pb_up_h3_mid1_s0.07,mean_rev,4.77,2,79,51.89873417721519,1.0827359016557154,0.24037659609716933,55.005530258058364,48.71286666570225,-19.49434464404525,88,0.25,0.0,1.1,31.8,24.31,-14.29,1
FMR_mfi6<30_pb<=0.25_bw40_both_h4_mid1_s0.1,mean_rev,4.76,2,44,54.54545454545454,1.534869161210304,2.1175798296375614,64.39019590327291,31.735546458016707,-19.712528904890945,78,0.09,0.0,0.0,23.1,11.81,-10.1,0
FMR_mfi13<25_pb<=0.25_bw40_pb_up_h4_mid1_s0.07,mean_rev,4.76,2,58,51.724137931034484,0.46259241277907737,0.9271249260458858,-13.90358935902225,61.71122994652407,-26.192619261926197,88,0.35,0.0,1.1,22.7,30.18,-10.32,1
FMR_mfi6<30_pb<=0.0_bw40_none_h3_mid1_s0.1,mean_rev,4.76,1,464,55.172413793103445,1.4461084326182114,1.3301195227933604,4465.2674441429035,100.0,-40.84507035263212,89,0.78,0.0,5.6,48.3,26.09,-27.11,5
FMR_mfi14<30_pb<=0.15_squeeze_none_h2_mid0_s0.07,mean_rev,4.75,2,79,44.303797468354425,0.7855026234531968,-0.6593530476447063,43.183574675890426,26.46370309298156,-16.756760413622963,86,0.37,0.0,0.0,31.4,17.3,-11.88,0
FMR_mfi14<30_pb<=0.15_squeeze_none_h2_mid1_s0.07,mean_rev,4.75,2,79,44.303797468354425,0.7855026234531968,-0.6593530476447063,43.183574675890426,26.46370309298156,-16.756760413622963,86,0.37,0.0,0.0,31.4,17.3,-11.88,0
FMR_mfi13<30_pb<=0.25_squeeze_none_h3_mid1_s0.07,mean_rev,4.74,2,196,52.04081632653062,1.8128319216642743,0.5103320890410434,414.6215780384289,80.29505332165698,-50.0,89,0.73,0.0,1.1,48.3,35.5,-25.64,1
FMR_mfi13<30_pb<=0.15_squeeze_none_h3_mid1_s0.07,mean_rev,4.73,1,105,51.42857142857142,1.5139431507082899,0.41668029367853965,105.26792032604537,72.84974684373167,-38.34115646730751,89,1.48,0.0,3.4,40.4,81.66,-26.02,3
FMR_mfi13<20_pb<=0.25_bw40_none_h4_mid0_s0.1,mean_rev,4.73,2,121,51.2396694214876,1.4445044519423407,0.3508676351873463,110.27628435051197,51.80503800952485,-26.755447722225924,81,0.46,0.0,2.5,38.3,25.63,-18.74,2
FMR_mfi6<30_pb<=0.15_squeeze_none_h4_mid0_s0.07,mean_rev,4.72,2,270,49.25925925925926,0.9163340492958867,-0.1391198753145917,-26.182827167592958,72.84974684373167,-44.254834738700566,90,0.73,0.0,2.2,46.7,22.09,-23.85,2
FMR_mfi14<30_pb<=0.25_bw40_pb_up_h3_mid1_s0.07,mean_rev,4.72,2,87,49.42528735632184,0.25463601396021973,-1.7957095388432265e-05,-16.503873606140917,41.176470588235304,-19.408866995073893,88,0.17,0.0,1.1,30.7,24.59,-12.55,1
FMR_mfi13<25_pb<=0.25_bw40_both_h4_mid0_s0.1,mean_rev,4.71,2,43,46.51162790697674,0.20346808544729594,-2.0044495652122962,-29.50513447743551,61.71122994652407,-26.192619261926197,88,0.32,0.0,1.1,22.7,30.18,-8.3,1
FSQ_mfi14>=50_brk1_mup0_h4_s0.12,squeeze_break,4.69,2,968,44.214876033057855,1.9588263430959627,-1.1875865782763284,856150.0846313057,100.0,-42.49999643098701,90,1.0,0.05,4.4,50.0,41.89,-25.75,4
FMR_mfi14<25_pb<=0.15_none_both_h3_mid1_s0.1,mean_rev,4.69,1,196,59.693877551020414,3.1806685838197817,2.1913180649882347,7542.765944812064,80.9123649459784,-50.0,89,0.79,0.0,3.4,37.1,56.01,-23.74,3
FMR_mfi13<25_pb<=0.25_bw40_both_h4_mid1_s0.1,mean_rev,4.68,2,43,48.837209302325576,0.01902299810435272,-0.2976055714181247,-33.127922997815396,61.71122994652407,-26.192619261926197,88,0.23,0.0,1.1,21.6,30.18,-8.3,1
FMR_mfi13<25_pb<=0.25_bw40_pb_up_h4_mid0_s0.1,mean_rev,4.65,2,58,46.55172413793103,0.13450092792409143,-1.4266715125768714,-32.441064963967605,61.71122994652407,-26.192619261926197,88,0.26,0.0,1.1,22.7,30.18,-8.3,1
FWALK_mfi14>=50_pb>=0.85_mup1_h2,band_walk,4.65,2,2860,49.02097902097902,1.8142843562216522,-0.16379900145152004,1462171592187527.8,100.0,-50.0,91,1.12,0.62,11.0,51.6,32.77,-35.1,10
FMR_mfi13<30_pb<=0.15_bw40_pb_up_h4_mid1_s0.07,mean_rev,4.64,1,42,52.38095238095239,2.4064362074495382,0.5464263406094627,79.73747760528298,61.71122994652407,-26.192619261926197,87,1.27,0.0,2.3,14.9,61.71,-12.82,2
FMR_mfi13<20_pb<=0.15_bw40_none_h3_mid1_s0.1,mean_rev,4.64,2,96,54.166666666666664,1.0613287223644763,1.0239501021737207,69.51403762894665,50.68493150684932,-26.755447722225924,80,0.25,0.0,0.0,41.2,13.77,-20.57,0
FMR_mfi14<30_pb<=0.25_bw40_both_h3_mid0_s0.1,mean_rev,4.63,2,64,43.75,0.028604490102438103,-1.7526229731571086,-29.53893044805922,41.176470588235304,-18.172475409706614,88,0.05,0.0,0.0,27.3,19.41,-8.3,0
FMR_mfi14<30_pb<=0.25_bw40_pb_up_h3_mid1_s0.1,mean_rev,4.63,2,87,49.42528735632184,0.16088738981090625,-1.7957095388432265e-05,-24.080878230255433,41.176470588235304,-19.408866995073893,88,0.2,0.0,1.1,29.5,24.59,-12.55,1
FMR_mfi13<25_pb<=0.15_bw40_none_h3_mid0_s0.1,mean_rev,4.61,2,199,53.768844221105525,1.4320727788095666,0.785629458610293,317.64730207808543,61.36919315403424,-50.0,87,0.29,0.0,1.1,46.0,23.53,-23.19,1
FMR_mfi13<25_pb<=0.15_bw40_none_h2_mid0_s0.1,mean_rev,4.59,2,200,51.5,1.32397959332977,0.32368156602604614,531.6550253858745,41.80929095354524,-34.98292711270018,87,0.25,0.0,0.0,37.9,18.9,-18.12,0
FMR_mfi6<20_pb<=0.15_squeeze_none_h3_mid1_s0.07,mean_rev,4.59,1,167,49.700598802395206,-0.4617711746427477,-1.1756095430470737e-06,-92.00307899419876,72.84974684373167,-44.254834738700566,90,0.96,0.0,3.3,46.7,81.66,-26.02,3
FMR_mfi13<25_pb<=0.15_bw40_none_h2_mid1_s0.1,mean_rev,4.59,2,200,51.5,1.32397959332977,0.32368156602604614,531.6550253858745,41.80929095354524,-34.98292711270018,87,0.25,0.0,0.0,37.9,18.9,-18.12,0
FMR_mfi13<30_pb<=0.15_none_both_h2_mid0_s0.07,mean_rev,4.57,1,341,56.598240469208214,1.9252699783054192,1.2886617969785519,4831.350472437394,81.3989239046887,-50.0,89,2.3,0.0,5.6,40.4,81.4,-33.78,5
FMR_mfi13<30_pb<=0.15_none_both_h2_mid1_s0.07,mean_rev,4.57,1,341,56.598240469208214,1.9252699783054192,1.2886617969785519,4831.350472437394,81.3989239046887,-50.0,89,2.3,0.0,5.6,40.4,81.4,-33.78,5
FMR_mfi13<25_pb<=0.25_squeeze_none_h4_mid1_s0.1,mean_rev,4.57,2,96,53.125,1.0790486306416025,0.4174647883250171,26.754896826482376,61.71122994652407,-38.34115646730751,88,0.34,0.0,0.0,39.8,19.11,-20.32,0
FMR_mfi6<30_pb<=0.25_bw40_both_h4_mid1_s0.07,mean_rev,4.57,2,44,54.54545454545454,1.3098574113684944,1.4383214532138977,50.68295845485664,31.735546458016707,-19.49434464404525,78,0.04,0.0,0.0,21.8,11.81,-10.1,0
FMR_mfi6<25_pb<=0.25_none_none_h4_mid1_s0.07,mean_rev,4.57,2,2607,54.81396240889912,1.4958103583286289,1.1220292390679676,83328639.83029893,100.0,-50.0,91,1.4,-0.3,7.7,49.5,68.13,-29.25,7
FMR_mfi6<30_pb<=0.25_none_both_h4_mid0_s0.07,mean_rev,4.56,2,485,60.618556701030926,3.884503618274656,2.716049382716057,161258451.2820906,82.85715320393561,-50.0,91,0.94,0.0,2.2,48.4,21.62,-31.28,2
FWALK_mfi6>=60_pb>=0.85_mup1_h4,band_walk,4.55,2,2636,46.16843702579666,2.6022403347319507,-0.8876641019681109,3.732301929501604e+18,100.0,-50.0,91,1.49,0.36,8.8,50.5,48.74,-33.51,8
FMR_mfi13<25_pb<=0.15_bw40_none_h3_mid1_s0.1,mean_rev,4.55,2,199,55.778894472361806,1.5264631690586123,1.013421557494576,526.549280432778,41.80929095354524,-50.0,87,0.3,0.0,2.3,43.7,23.53,-23.19,2
FMR_mfi6<30_pb<=0.15_none_none_h4_mid1_s0.1,mean_rev,4.54,2,2378,55.84524810765349,1.7053201860510836,1.185104493342104,515301047.0403759,100.0,-50.0,91,1.0,-0.22,7.7,49.5,33.15,-28.17,7
FMR_mfi6<20_pb<=0.15_none_pb_up_h3_mid1_s0.07,mean_rev,4.54,1,423,59.10165484633569,2.4786830212726914,1.969872537659323,219819.73810865975,53.2258064516129,-50.0,89,0.8,0.0,3.4,47.2,36.2,-29.35,3
FSQ_mfi6>=45_brk1_mup0_h2_s0.12,squeeze_break,4.53,2,996,45.78313253012048,1.4466415337070855,-0.7307809007656207,128914.32012577952,100.0,-34.57364341085272,90,1.17,-0.2,6.7,47.8,35.53,-24.57,6
FMR_mfi6<25_pb<=0.25_bw40_pb_up_h3_mid0_s0.1,mean_rev,4.52,2,79,46.835443037974684,1.2582640131719582,-0.4938271604938316,63.178010800852455,69.70297542711185,-19.49434464404525,88,0.28,0.0,1.1,33.0,24.31,-14.29,1
FMR_mfi14<30_pb<=0.25_bw40_pb_up_h4_mid0_s0.1,mean_rev,4.52,2,87,49.42528735632184,0.9787374803017369,-0.2971539678285562,34.27845208893328,61.71122994652407,-19.712528904890945,88,0.2,0.0,1.1,28.4,40.28,-12.55,1
FMR_mfi13<30_pb<=0.25_bw40_none_h2_mid0_s0.1,mean_rev,4.51,2,496,48.79032258064516,1.0154792741704408,-5.832957872264899e-06,997.1195481273021,100.0,-34.98292711270018,89,0.55,0.0,2.2,48.3,27.89,-24.42,2
FSQ_mfi6>=55_brk1_mup0_h4_s0.08,squeeze_break,4.51,2,973,43.98766700924974,1.8823064740977988,-1.2130376140599197,795561.2126715254,100.0,-34.57364341085272,90,1.54,-0.61,6.7,46.7,41.89,-21.52,6
FMR_mfi13<30_pb<=0.25_bw40_none_h2_mid1_s0.1,mean_rev,4.51,2,496,48.79032258064516,1.0154792741704408,-5.832957872264899e-06,997.1195481273021,100.0,-34.98292711270018,89,0.55,0.0,2.2,48.3,27.89,-24.42,2
FMR_mfi13<30_pb<=0.25_bw40_none_h2_mid0_s0.07,mean_rev,4.48,2,496,48.58870967741936,1.011574807269774,-6.324996565387764e-06,976.0946526038673,100.0,-34.98292711270018,89,0.54,0.0,2.2,48.3,27.89,-24.42,2
FMR_mfi13<30_pb<=0.25_bw40_none_h2_mid1_s0.07,mean_rev,4.48,2,496,48.58870967741936,1.011574807269774,-6.324996565387764e-06,976.0946526038673,100.0,-34.98292711270018,89,0.54,0.0,2.2,48.3,27.89,-24.42,2
FMR_mfi6<25_pb<=0.25_bw40_pb_up_h3_mid0_s0.07,mean_rev,4.48,2,79,46.835443037974684,1.178812290757673,-0.4938271604938316,52.181675576798156,69.70297542711185,-19.49434464404525,88,0.24,0.0,1.1,33.0,24.31,-14.29,1
FMR_mfi13<20_pb<=0.0_none_none_h4_mid1_s0.07,mean_rev,4.47,2,236,57.6271186440678,1.006798068939587,1.5409485800186196,-87.6317886087168,99.33862433862434,-50.0,89,2.28,0.0,1.1,49.4,43.3,-39.09,1
FMR_mfi14<30_pb<=0.15_none_both_h4_mid1_s0.1,mean_rev,4.47,1,295,61.35593220338983,3.4464417317433114,2.610301112732749,152977.2842969003,80.9123649459784,-50.0,90,0.25,0.0,2.2,43.3,56.01,-25.36,2
FMR_mfi14<30_pb<=0.25_bw40_both_h3_mid0_s0.07,mean_rev,4.47,2,64,43.75,0.15604402605541076,-1.7526229731571086,-22.50665929726373,41.176470588235304,-16.249996662275056,88,0.02,0.0,0.0,27.3,19.41,-8.92,0
FMR_mfi14<30_pb<=0.25_bw40_pb_up_h4_mid0_s0.07,mean_rev,4.46,2,87,49.42528735632184,1.0192683846766963,-0.2971539678285562,43.506131814905835,61.71122994652407,-19.408866995073893,88,0.24,0.0,1.1,27.3,40.28,-12.55,1
FMR_mfi6<25_pb<=0.15_bw40_none_h3_mid1_s0.1,mean_rev,4.45,1,843,55.04151838671412,1.190626942805506,0.9554183140342509,14292.721950956806,100.0,-50.0,89,1.02,0.37,5.6,51.7,36.32,-35.43,5
FMR_mfi6<30_pb<=0.15_squeeze_none_h3_mid0_s0.07,mean_rev,4.42,2,272,48.89705882352941,0.17992675565999677,-0.16486340018143086,-82.23683381840422,72.84974684373167,-44.254834738700566,90,0.04,0.0,1.1,47.8,45.07,-21.62,1
FMR_mfi13<25_pb<=0.15_bw40_none_h2_mid0_s0.07,mean_rev,4.42,2,200,51.0,1.3142965154161164,0.2852870978893196,519.5501632145101,41.80929095354524,-34.98292711270018,87,0.24,0.0,0.0,36.8,18.9,-18.12,0
FMR_mfi6<20_pb<=0.25_none_pb_up_h3_mid0_s0.1,mean_rev,4.42,1,591,56.683587140439926,2.0438202223694995,1.6025609994344991,317133.3672786904,100.0,-50.0,90,0.38,0.15,3.3,50.0,41.43,-29.35,3
FMR_mfi13<25_pb<=0.15_bw40_none_h2_mid1_s0.07,mean_rev,4.42,2,200,51.0,1.3142965154161164,0.2852870978893196,519.5501632145101,41.80929095354524,-34.98292711270018,87,0.24,0.0,0.0,36.8,18.9,-18.12,0
FMR_mfi13<30_pb<=0.25_bw40_pb_up_h4_mid1_s0.1,mean_rev,4.38,1,103,52.42718446601942,0.20622744539053506,0.5555418180852811,-31.14954514691003,61.71122994652407,-26.192619261926197,88,-0.06,0.0,1.1,34.1,22.26,-15.76,1
FMR_mfi13<25_pb<=0.25_squeeze_none_h4_mid1_s0.07,mean_rev,4.38,2,96,51.041666666666664,0.5612411473773158,0.16321478922153299,-13.560984220520488,61.71122994652407,-38.34115646730751,88,0.32,0.0,0.0,39.8,19.11,-20.32,0
FMR_mfi14<25_pb<=0.15_none_both_h3_mid0_s0.1,mean_rev,4.37,1,196,58.673469387755105,3.3380136860691927,2.088480202719256,9585.117409090572,80.9123649459784,-50.0,89,0.5,0.0,3.4,38.2,56.01,-23.74,3
FSQ_mfi6>=55_brk0_mup0_h2_s0.12,squeeze_break,4.36,2,1924,48.07692307692308,1.3432270360462846,-0.3291572134418552,33759317.20215171,100.0,-50.0,90,1.98,-0.73,10.0,44.4,49.65,-24.2,9
FMR_mfi14<25_pb<=0.15_none_pb_up_h4_mid1_s0.1,mean_rev,4.34,2,338,62.42603550295858,3.0088677927189624,2.5066331100552453,164284.97006492506,80.9123649459784,-50.0,89,1.01,0.0,2.2,41.6,40.81,-30.12,2
FMR_mfi6<30_pb<=0.25_none_pb_up_h2_mid0_s0.07,mean_rev,4.34,2,985,53.70558375634518,1.6777034918440212,0.7782127242178527,5739671.435813206,100.0,-50.0,90,0.86,0.0,5.6,48.9,27.08,-29.41,5
FMR_mfi6<30_pb<=0.25_none_pb_up_h2_mid1_s0.07,mean_rev,4.34,2,985,53.70558375634518,1.6777034918440212,0.7782127242178527,5739671.435813206,100.0,-50.0,90,0.86,0.0,5.6,48.9,27.08,-29.41,5
FSQ_mfi6>=55_brk0_mup1_h3_s0.12,squeeze_break,4.34,2,1711,46.52250146113384,1.7738263704472714,-0.6191928061457297,335241041.49447036,100.0,-50.0,90,2.72,0.14,12.2,50.0,47.23,-39.64,11
FMR_mfi13<20_pb<=0.25_bw40_none_h3_mid0_s0.07,mean_rev,4.33,2,121,49.586776859504134,0.5727705992462336,-1.7957095388432265e-05,2.1758331643181084,51.80503800952485,-26.755447722225924,81,0.44,0.0,1.2,39.5,21.04,-20.57,1
FMR_mfi6<25_pb<=0.25_none_pb_up_h3_mid0_s0.1,mean_rev,4.32,1,749,57.409879839786385,2.1266729979477086,1.8036072144288484,5008399.1197254835,100.0,-50.0,90,1.15,0.0,5.6,45.6,60.59,-31.04,5
FMR_mfi6<25_pb<=0.25_bw40_none_h3_mid1_s0.07,mean_rev,4.32,2,1101,53.13351498637602,0.9905374864864666,0.7874015748031482,3973.8468027300164,100.0,-50.0,89,0.49,0.0,5.6,49.4,67.72,-27.31,5
FMR_mfi6<30_pb<=0.25_bw40_both_h3_mid1_s0.07,mean_rev,4.31,2,45,53.333333333333336,0.12412964256210031,0.8995376455290582,-7.368956697922213,17.7461156449759,-19.49434464404525,78,-0.1,0.0,0.0,21.8,7.83,-10.1,0
FMR_mfi14<25_pb<=0.25_bw40_pb_up_h4_mid0_s0.1,mean_rev,4.3,2,50,48.0,-0.361359228964931,-0.602593998379275,-34.32666393042284,31.735546458016707,-19.712528904890945,83,0.03,0.0,0.0,20.5,11.12,-8.13,0
FMR_mfi13<20_pb<=0.0_none_none_h4_mid1_s0.1,mean_rev,4.3,2,236,58.05084745762712,0.933307133417535,1.78121070670203,-90.13446870814722,99.33862433862434,-50.0,89,2.11,0.0,1.1,49.4,43.3,-39.09,1
FMR_mfi14<30_pb<=0.25_bw40_both_h4_mid0_s0.07,mean_rev,4.3,2,64,45.3125,0.972890168487355,-1.3549331117093832,20.237039556787973,61.71122994652407,-16.249996662275056,88,0.26,0.0,1.1,27.3,28.09,-11.81,1
FMR_mfi6<30_pb<=0.25_none_pb_up_h3_mid0_s0.07,mean_rev,4.3,2,979,57.507660878447396,2.4259324271972758,1.8750000000000044,2046433092.144833,100.0,-50.0,90,1.5,-0.05,5.6,47.8,41.89,-33.91,5
FMR_mfi13<25_pb<=0.25_bw40_pb_up_h3_mid1_s0.07,mean_rev,4.27,2,58,44.827586206896555,-0.6216004754637379,-0.4797423682473767,-49.99557911744861,41.176470588235304,-26.192619261926197,88,0.06,0.0,1.1,22.7,21.36,-8.3,1
FMR_mfi6<30_pb<=0.25_bw40_both_h3_mid1_s0.1,mean_rev,4.27,2,45,53.333333333333336,0.049146711184981685,0.8995376455290582,-11.154286423879178,17.7461156449759,-19.49434464404525,78,-0.13,0.0,0.0,21.8,7.83,-10.1,0
FMR_mfi6<25_pb<=0.15_squeeze_none_h3_mid0_s0.07,mean_rev,4.26,2,204,47.549019607843135,-0.370975207294742,-0.6188858673488451,-93.3077387952026,72.84974684373167,-44.254834738700566,90,-0.38,0.0,0.0,41.1,15.64,-15.97,0
FMR_mfi6<20_pb<=0.0_bw40_none_h4_mid1_s0.07,mean_rev,4.26,2,333,52.552552552552555,0.9408098639986148,0.9090931807947955,241.90169264968532,63.58381502890174,-35.61643942105713,89,-0.08,0.0,2.2,49.4,21.66,-23.95,2
FMR_mfi13<25_pb<=0.25_bw40_pb_up_h4_mid0_s0.07,mean_rev,4.25,2,58,46.55172413793103,0.3577063358577301,-1.4266715125768714,-20.900251757385913,61.71122994652407,-26.192619261926197,88,0.27,0.0,1.1,22.7,30.18,-10.32,1
FMR_mfi6<30_pb<=0.25_bw40_both_h3_mid0_s0.07,mean_rev,4.24,2,45,51.11111111111111,0.6388750316152124,0.17542148855838047,13.70708664539142,17.7461156449759,-19.49434464404525,78,-0.01,0.0,0.0,21.8,7.92,-10.1,0
FMR_mfi13<20_pb<=0.25_none_both_h4_mid1_s0.07,mean_rev,4.24,1,319,57.993730407523515,2.3377700813451465,2.011494252873569,10180.542680118671,80.9123649459784,-50.0,90,1.68,0.14,4.4,50.0,55.5,-38.49,4
FMR_mfi13<30_pb<=0.15_squeeze_none_h2_mid1_s0.1,mean_rev,4.23,1,105,47.61904761904761,0.9165420511334769,-5.925479007462542e-06,47.327360259006014,51.540535420927846,-38.34115646730751,89,1.5,0.0,3.4,38.2,44.59,-26.02,3
FMR_mfi13<30_pb<=0.15_squeeze_none_h2_mid0_s0.1,mean_rev,4.23,1,105,47.61904761904761,0.9165420511334769,-5.925479007462542e-06,47.327360259006014,51.540535420927846,-38.34115646730751,89,1.5,0.0,3.4,38.2,44.59,-26.02,3
FSQ_mfi6>=45_brk1_mup1_h2_s0.12,squeeze_break,4.22,2,894,45.19015659955257,1.5115930299402125,-0.8291339184644364,84280.05285992246,100.0,-34.57364341085272,90,1.72,0.05,7.8,50.0,37.06,-32.81,7
FMR_mfi14<25_pb<=0.25_bw40_pb_up_h4_mid1_s0.07,mean_rev,4.22,2,50,54.0,-0.2914817879651894,0.586759673087589,-30.315627075841324,31.735546458016707,-15.992970717259647,83,-0.02,0.0,0.0,22.9,11.12,-11.81,0
FMR_mfi6<30_pb<=0.15_squeeze_none_h3_mid1_s0.07,mean_rev,4.22,2,272,50.0,0.09481720530599363,0.052658706560682056,-84.39833377178779,72.84974684373167,-44.254834738700566,90,-0.01,0.0,1.1,45.6,36.62,-21.62,1
FMR_mfi13<30_pb<=0.15_squeeze_none_h4_mid1_s0.1,mean_rev,4.22,2,104,55.769230769230774,2.4047717189042577,1.055035190947795,320.126088822029,72.84974684373167,-38.34115646730751,89,1.2,0.0,1.1,44.9,33.76,-30.84,1
FMR_mfi6<30_pb<=0.25_bw40_both_h3_mid0_s0.1,mean_rev,4.2,2,45,51.11111111111111,0.5638921002380938,0.17542148855838047,9.060493022051364,17.7461156449759,-19.49434464404525,78,-0.04,0.0,0.0,21.8,7.92,-10.1,0
FMR_mfi6<20_pb<=0.15_squeeze_none_h2_mid0_s0.1,mean_rev,4.19,2,168,47.023809523809526,-0.23313250310624242,-0.41529948182831844,-80.09636678005559,65.39999211782248,-38.653366583541136,90,-0.17,0.0,1.1,41.1,20.29,-17.4,1
FMR_mfi6<20_pb<=0.15_squeeze_none_h2_mid1_s0.1,mean_rev,4.19,2,168,47.023809523809526,-0.23313250310624242,-0.41529948182831844,-80.09636678005559,65.39999211782248,-38.653366583541136,90,-0.17,0.0,1.1,41.1,20.29,-17.4,1
FMR_mfi13<20_pb<=0.25_bw40_none_h3_mid0_s0.1,mean_rev,4.17,2,121,50.413223140495866,0.4887419419168062,0.3101201163044687,-10.805402818401166,51.80503800952485,-26.755447722225924,81,0.25,0.0,1.2,39.5,21.04,-20.57,1
FMR_mfi13<20_pb<=0.25_bw40_none_h3_mid1_s0.07,mean_rev,4.17,2,121,50.413223140495866,0.28265690859094916,0.3101201163044687,-22.69151808677354,50.68493150684932,-26.755447722225924,81,0.35,0.0,1.2,38.3,24.97,-20.57,1
FMR_mfi14<25_pb<=0.15_none_both_h4_mid0_s0.07,mean_rev,4.17,2,198,58.58585858585859,4.522465757612708,2.4197379796746077,59524.50190953599,81.3989239046887,-50.0,89,1.08,0.0,2.2,43.8,34.65,-30.95,2
FMR_mfi13<25_pb<=0.25_bw40_pb_up_h3_mid1_s0.1,mean_rev,4.17,2,58,44.827586206896555,-0.7673425481689583,-0.4797423682473767,-54.718891300150375,41.176470588235304,-26.192619261926197,88,0.07,0.0,1.1,21.6,21.36,-8.3,1
FWALK_mfi6>=55_pb>=0.8_mup0_h2,band_walk,4.15,2,3597,49.930497636919654,1.8509659277902344,0.0,5.0538691407967986e+19,100.0,-50.0,91,1.1,-0.2,7.7,49.5,39.27,-28.59,7
FWALK_mfi6>=50_pb>=0.7_mup1_h2,band_walk,4.15,2,3511,49.18826545143833,1.7323156207406487,-0.112741495272628,4.053915733975702e+17,100.0,-50.0,91,0.44,0.12,5.5,51.6,29.3,-28.59,5
FMR_mfi13<25_pb<=0.25_bw40_both_h3_mid1_s0.07,mean_rev,4.13,2,43,46.51162790697674,-0.6438553921834427,-1.6977888681703468,-44.21338137362072,41.176470588235304,-26.192619261926197,88,0.12,0.0,1.1,19.3,21.36,-8.3,1
FWALK_mfi6>=55_pb>=0.7_mup1_h2,band_walk,4.11,2,3482,49.25330269959793,1.7289833626549174,-0.1024786908302211,2.60504705248561e+17,100.0,-50.0,91,0.85,-0.04,7.7,49.5,25.98,-28.59,7
FMR_mfi6<25_pb<=0.25_bw40_pb_up_h2_mid0_s0.1,mean_rev,4.1,2,79,50.63291139240506,0.9708665751798174,0.24037659609716933,45.8318877376388,48.71286666570225,-19.408866995073893,88,0.04,0.0,1.1,30.7,24.31,-15.36,1
FMR_mfi6<25_pb<=0.25_bw40_pb_up_h2_mid1_s0.1,mean_rev,4.1,2,79,50.63291139240506,0.9708665751798174,0.24037659609716933,45.8318877376388,48.71286666570225,-19.408866995073893,88,0.04,0.0,1.1,30.7,24.31,-15.36,1
FMR_mfi14<25_pb<=0.25_bw40_pb_up_h3_mid1_s0.1,mean_rev,4.09,2,50,46.0,-1.3306309609640037,-1.0808053277352736,-58.491258055735905,31.782945736434097,-18.172475409706614,83,-0.12,0.0,0.0,21.7,17.54,-8.08,0
FMR_mfi13<20_pb<=0.0_none_none_h3_mid0_s0.07,mean_rev,4.09,2,237,59.49367088607595,0.9744706686094593,1.9607843137254832,-85.32633085797848,65.78947389812244,-50.0,89,1.73,0.0,2.2,44.9,25.85,-36.17,2
FMR_mfi6<25_pb<=0.25_none_pb_up_h4_mid0_s0.1,mean_rev,4.08,2,742,59.02964959568733,2.62573135560044,2.058291967220016,54577497.49726001,100.0,-50.0,90,0.88,0.4,2.2,54.4,34.46,-39.7,2
FMR_mfi13<25_pb<=0.15_none_both_h3_mid1_s0.07,mean_rev,4.07,1,255,58.43137254901961,3.640829902010266,2.134127134766195,74177.98163778064,81.3989239046887,-50.0,88,2.32,0.0,5.7,42.0,81.4,-37.95,5
FMR_mfi6<25_pb<=0.25_bw40_pb_up_h2_mid0_s0.07,mean_rev,4.07,2,79,50.63291139240506,0.9121661146991099,0.24037659609716933,38.44559738968623,48.71286666570225,-19.408866995073893,88,0.02,0.0,1.1,30.7,24.31,-15.36,1
FMR_mfi6<25_pb<=0.25_bw40_pb_up_h2_mid1_s0.07,mean_rev,4.07,2,79,50.63291139240506,0.9121661146991099,0.24037659609716933,38.44559738968623,48.71286666570225,-19.408866995073893,88,0.02,0.0,1.1,30.7,24.31,-15.36,1
FMR_mfi13<25_pb<=0.25_bw40_both_h3_mid1_s0.1,mean_rev,4.07,2,43,46.51162790697674,-0.8404377228090889,-1.6977888681703468,-49.48286776580611,41.176470588235304,-26.192619261926197,88,0.07,0.0,1.1,19.3,21.36,-8.3,1
FMR_mfi6<20_pb<=0.15_squeeze_none_h3_mid0_s0.07,mean_rev,4.05,2,167,49.101796407185624,-0.31988148882455736,-0.17241164566962341,-90.5171399955001,72.84974684373167,-44.254834738700566,90,-0.39,0.0,0.0,42.2,15.64,-18.16,0
FMR_mfi13<30_pb<=0.0_bw40_none_h2_mid1_s0.07,mean_rev,4.03,2,166,51.80722891566265,1.988292386745162,0.64954724716203,841.849244466123,100.0,-34.98292711270018,89,0.64,0.0,0.0,41.6,18.29,-25.23,0
FMR_mfi13<30_pb<=0.0_bw40_none_h2_mid0_s0.07,mean_rev,4.03,2,166,51.80722891566265,1.988292386745162,0.64954724716203,841.849244466123,100.0,-34.98292711270018,89,0.64,0.0,0.0,41.6,18.29,-25.23,0
FMR_mfi14<30_pb<=0.25_bw40_pb_up_h3_mid0_s0.1,mean_rev,4.03,2,87,45.97701149425287,0.06485250848910719,-0.8488934599414466,-31.31481037569528,41.176470588235304,-19.408866995073893,88,0.02,0.0,1.1,28.4,24.59,-12.55,1
FMR_mfi13<30_pb<=0.0_bw40_none_h2_mid1_s0.1,mean_rev,4.03,2,166,51.80722891566265,1.988292386745162,0.64954724716203,841.849244466123,100.0,-34.98292711270018,89,0.64,0.0,0.0,41.6,18.29,-25.23,0
FMR_mfi13<30_pb<=0.0_bw40_none_h2_mid0_s0.1,mean_rev,4.03,2,166,51.80722891566265,1.988292386745162,0.64954724716203,841.849244466123,100.0,-34.98292711270018,89,0.64,0.0,0.0,41.6,18.29,-25.23,0
FMR_mfi14<25_pb<=0.15_none_both_h4_mid1_s0.1,mean_rev,4.01,1,195,63.07692307692307,3.5974244138625115,2.9411900836105787,15462.66799505195,80.9123649459784,-50.0,89,0.36,0.0,2.2,36.0,56.01,-25.36,2
FMR_mfi14<25_pb<=0.25_bw40_pb_up_h3_mid1_s0.07,mean_rev,4.01,2,50,46.0,-1.1675083549441987,-1.0808053277352736,-54.3485345583969,31.782945736434097,-15.992970717259647,83,-0.15,0.0,0.0,22.9,17.54,-8.92,0
FMR_mfi14<30_pb<=0.25_bw40_pb_up_h3_mid0_s0.07,mean_rev,4.01,2,87,45.97701149425287,0.15860113263842066,-0.8488934599414466,-24.459778504147234,41.176470588235304,-19.408866995073893,88,-0.0,0.0,1.1,28.4,24.59,-12.55,1
FMR_mfi6<30_pb<=0.15_none_pb_up_h4_mid0_s0.1,mean_rev,3.99,2,598,59.19732441471572,3.560229497354528,2.2116604702214326,715106614.5256658,82.85715320393561,-50.0,90,0.83,0.28,2.2,51.1,51.42,-37.04,2
FMR_mfi6<30_pb<=0.25_bw40_none_h3_mid0_s0.07,mean_rev,3.97,2,1354,52.88035450516987,1.4162301222180498,0.6476531962067433,582300.2942193946,100.0,-50.0,89,0.44,-0.11,4.5,49.4,47.13,-27.56,4
FMR_mfi6<30_pb<=0.15_squeeze_none_h4_mid1_s0.07,mean_rev,3.97,2,270,50.74074074074074,0.2618818480451623,0.1309334100888293,-79.88843400648946,72.84974684373167,-44.254834738700566,90,0.1,0.0,1.1,45.6,43.68,-23.85,1
FMR_mfi13<20_pb<=0.25_bw40_none_h3_mid1_s0.1,mean_rev,3.88,2,121,51.2396694214876,0.19862825126152175,0.34013119945168757,-32.51340664986918,50.68493150684932,-26.755447722225924,81,0.05,0.0,0.0,38.3,14.88,-20.57,0
FMR_mfi13<20_pb<=0.25_none_both_h3_mid1_s0.07,mean_rev,3.85,1,319,55.79937304075236,2.0440773999351145,1.4563165794116317,4238.9870128514585,80.9123649459784,-50.0,90,1.92,0.0,4.4,47.8,55.5,-38.49,4
FMR_mfi13<25_pb<=0.25_bw40_both_h3_mid0_s0.07,mean_rev,3.85,2,43,41.86046511627907,-0.5331032074376147,-2.4498800016241495,-42.472570133624586,41.176470588235304,-26.192619261926197,88,0.19,0.0,1.1,19.3,21.36,-8.3,1
FMR_mfi13<25_pb<=0.25_squeeze_none_h2_mid1_s0.1,mean_rev,3.84,2,98,47.95918367346938,0.7045772298432353,-3.5505442752548078e-06,26.056930599136187,51.540535420927846,-38.34115646730751,87,0.23,0.0,1.1,37.9,25.12,-20.32,1
FMR_mfi13<25_pb<=0.25_squeeze_none_h2_mid0_s0.1,mean_rev,3.84,2,98,47.95918367346938,0.7045772298432353,-3.5505442752548078e-06,26.056930599136187,51.540535420927846,-38.34115646730751,87,0.23,0.0,1.1,37.9,25.12,-20.32,1
FMR_mfi13<20_pb<=0.0_none_none_h3_mid0_s0.1,mean_rev,3.82,2,237,59.91561181434599,0.8995400597890773,2.1020999839088006,-88.28866595945783,65.78947389812244,-50.0,89,1.57,0.0,2.2,43.8,25.85,-36.17,2
FMR_mfi6<25_pb<=0.15_squeeze_none_h2_mid1_s0.1,mean_rev,3.8,2,205,47.3170731707317,-0.2289115185788427,-0.47281795558539175,-83.17505528322022,65.39999211782248,-38.653366583541136,90,-0.27,0.0,1.1,42.2,21.86,-19.41,1
FMR_mfi13<25_pb<=0.15_none_pb_up_h4_mid1_s0.1,mean_rev,3.8,1,403,62.28287841191067,3.4252016158720555,2.7072849878734484,3504564.5873152586,80.9123649459784,-50.0,89,1.78,0.0,5.6,43.8,87.14,-38.49,5
FMR_mfi6<25_pb<=0.15_squeeze_none_h2_mid0_s0.1,mean_rev,3.8,2,205,47.3170731707317,-0.2289115185788427,-0.47281795558539175,-83.17505528322022,65.39999211782248,-38.653366583541136,90,-0.27,0.0,1.1,42.2,21.86,-19.41,1
FMR_mfi13<25_pb<=0.25_bw40_both_h3_mid0_s0.1,mean_rev,3.79,2,43,41.86046511627907,-0.729685538063261,-2.4498800016241495,-47.90648988575168,41.176470588235304,-26.192619261926197,88,0.14,0.0,1.1,19.3,21.36,-8.3,1
FMR_mfi13<30_pb<=0.25_bw40_pb_up_h3_mid1_s0.1,mean_rev,3.77,2,103,48.54368932038835,-0.43053559088518767,-1.7957095388432265e-05,-60.44730148824391,41.176470588235304,-26.192619261926197,88,-0.36,0.0,0.0,31.8,14.4,-14.29,0
FWALK_mfi6>=55_pb>=0.85_mup1_h2,band_walk,3.77,2,2909,49.19216225507047,1.8099618761067562,-0.13642564802183177,3098499726269530.0,100.0,-50.0,91,2.7,-0.77,8.8,47.3,126.49,-32.96,8
FMR_mfi6<25_pb<=0.25_none_pb_up_h3_mid1_s0.07,mean_rev,3.74,1,753,58.300132802124836,2.0900954118054673,1.8036072144288484,4412931.958333491,100.0,-50.0,90,1.55,0.0,5.6,48.9,60.59,-38.35,5
FMR_mfi13<30_pb<=0.15_bw40_pb_up_h3_mid1_s0.07,mean_rev,3.72,1,42,45.23809523809524,1.2753534321109297,-0.38071367935916256,21.697616445306657,41.176470588235304,-26.192619261926197,87,1.07,0.0,3.4,13.8,41.18,-12.82,3
FMR_mfi13<30_pb<=0.15_bw40_pb_up_h3_mid1_s0.1,mean_rev,3.72,1,42,45.23809523809524,1.2753534321109297,-0.38071367935916256,21.697616445306657,41.176470588235304,-26.192619261926197,87,1.07,0.0,3.4,13.8,41.18,-12.82,3
FMR_mfi6<20_pb<=0.15_none_none_h4_mid1_s0.07,mean_rev,3.71,1,1891,54.204124801692224,1.458622532005555,1.0118056902795658,202427.89474799135,99.33862433862434,-50.0,91,0.84,-0.41,6.6,44.0,53.17,-26.07,6
FMR_mfi13<30_pb<=0.25_bw40_pb_up_h3_mid1_s0.07,mean_rev,3.69,2,103,48.54368932038835,-0.3513498598076124,-1.7957095388432265e-05,-56.499798243557876,41.176470588235304,-26.192619261926197,88,-0.43,0.0,0.0,31.8,14.4,-14.29,0
FMR_mfi6<20_pb<=0.15_squeeze_none_h4_mid0_s0.07,mean_rev,3.68,2,166,46.3855421686747,0.5926472613392181,-0.9096255796472219,-71.09105594948146,72.84974684373167,-44.254834738700566,90,0.43,0.0,2.2,42.2,24.55,-23.85,2
FMR_mfi6<20_pb<=0.25_none_pb_up_h3_mid1_s0.1,mean_rev,3.67,1,591,58.37563451776649,2.0258872380717796,1.8209542880269103,355758.93334559735,100.0,-50.0,90,0.17,0.0,2.2,46.7,36.2,-29.35,2
FMR_mfi13<30_pb<=0.15_bw40_pb_up_h3_mid0_s0.07,mean_rev,3.66,1,42,45.23809523809524,1.4971127939204534,-0.4797423682473767,32.33364241768295,41.176470588235304,-26.192619261926197,87,1.02,0.0,3.4,13.8,41.18,-12.82,3
FMR_mfi13<25_pb<=0.25_bw40_pb_up_h3_mid0_s0.07,mean_rev,3.66,2,58,37.93103448275862,-0.8032010061053273,-2.0813063465421666,-55.586667319784,41.176470588235304,-26.192619261926197,88,0.01,0.0,1.1,22.7,21.36,-8.3,1
FMR_mfi13<30_pb<=0.15_bw40_pb_up_h3_mid0_s0.1,mean_rev,3.66,1,42,45.23809523809524,1.4971127939204534,-0.4797423682473767,32.33364241768295,41.176470588235304,-26.192619261926197,87,1.02,0.0,3.4,13.8,41.18,-12.82,3
FMR_mfi6<20_pb<=0.15_squeeze_none_h4_mid1_s0.07,mean_rev,3.64,2,166,48.795180722891565,-0.07188671156324994,-0.05440933141483972,-86.84226970709675,72.84974684373167,-44.254834738700566,90,0.15,0.0,1.1,43.3,46.59,-23.85,1
FMR_mfi13<25_pb<=0.25_bw40_pb_up_h3_mid0_s0.1,mean_rev,3.64,2,58,37.93103448275862,-0.9489430788105477,-2.0813063465421666,-59.78185709741528,41.176470588235304,-26.192619261926197,88,0.03,0.0,1.1,22.7,21.36,-8.48,1
FMR_mfi13<20_pb<=0.0_none_none_h3_mid1_s0.07,mean_rev,3.63,2,237,58.64978902953587,0.6702159587867557,1.4802934163328008,-92.45657723232328,65.78947389812244,-50.0,89,1.49,0.0,2.2,43.8,25.85,-36.17,2
FMR_mfi6<25_pb<=0.15_squeeze_none_h2_mid0_s0.07,mean_rev,3.6,2,205,46.34146341463415,-0.5715159645168015,-0.5909412042966578,-90.93494753588267,65.39999211782248,-38.653366583541136,90,-0.28,0.0,1.1,41.1,21.86,-19.41,1
FMR_mfi6<25_pb<=0.15_squeeze_none_h2_mid1_s0.07,mean_rev,3.6,2,205,46.34146341463415,-0.5715159645168015,-0.5909412042966578,-90.93494753588267,65.39999211782248,-38.653366583541136,90,-0.28,0.0,1.1,41.1,21.86,-19.41,1
FMR_mfi6<30_pb<=0.15_squeeze_none_h2_mid0_s0.07,mean_rev,3.59,2,273,47.61904761904761,-0.1548982537738939,-0.1985104440452523,-83.68112300249942,65.39999211782248,-38.653366583541136,90,-0.63,0.0,0.0,45.6,19.53,-20.1,0
FMR_mfi6<30_pb<=0.15_squeeze_none_h2_mid1_s0.07,mean_rev,3.59,2,273,47.61904761904761,-0.1548982537738939,-0.1985104440452523,-83.68112300249942,65.39999211782248,-38.653366583541136,90,-0.63,0.0,0.0,45.6,19.53,-20.1,0
FMR_mfi13<25_pb<=0.15_none_pb_up_h4_mid0_s0.1,mean_rev,3.58,1,403,57.81637717121588,3.774792107017369,2.2857125184889915,9369351.285150545,82.85715320393561,-50.0,89,1.76,0.0,4.5,43.8,84.91,-37.68,4
FMR_mfi13<25_pb<=0.15_squeeze_none_h4_mid0_s0.1,mean_rev,3.58,2,51,50.98039215686274,2.5909007178563734,0.12562703816130227,87.68334547597209,61.71122994652407,-38.34115646730751,83,0.56,0.0,1.2,28.9,20.75,-20.32,1
FMR_mfi6<20_pb<=0.25_none_pb_up_h2_mid0_s0.1,mean_rev,3.58,1,594,52.69360269360269,1.2714669110359755,0.5505269938489099,6789.1648763992125,100.0,-50.0,90,-0.02,0.0,4.4,47.8,46.68,-26.95,4
FMR_mfi6<20_pb<=0.25_none_pb_up_h2_mid1_s0.1,mean_rev,3.58,1,594,52.69360269360269,1.2714669110359755,0.5505269938489099,6789.1648763992125,100.0,-50.0,90,-0.02,0.0,4.4,47.8,46.68,-26.95,4
FWALK_mfi6>=50_pb>=0.7_mup1_h4,band_walk,3.57,2,3157,46.43649033892937,2.44785639477886,-0.8460186002186343,2.04068080546659e+20,100.0,-50.0,91,1.07,-0.69,5.5,48.4,39.5,-24.45,5
FMR_mfi13<30_pb<=0.15_squeeze_none_h3_mid1_s0.1,mean_rev,3.56,2,105,53.333333333333336,2.0134887715430443,0.8793917435892862,204.7523118980943,72.84974684373167,-38.34115646730751,89,0.9,0.0,2.2,43.8,33.76,-30.84,2
FMR_mfi13<20_pb<=0.0_none_none_h2_mid1_s0.07,mean_rev,3.56,2,237,56.540084388185655,0.0735903241771091,1.4285714285714235,-97.16387399887078,52.02862392997885,-50.0,89,1.41,0.0,1.1,47.2,22.8,-36.87,1
FMR_mfi13<20_pb<=0.0_none_none_h2_mid0_s0.07,mean_rev,3.56,2,237,56.540084388185655,0.0735903241771091,1.4285714285714235,-97.16387399887078,52.02862392997885,-50.0,89,1.41,0.0,1.1,47.2,22.8,-36.87,1
FMR_mfi6<30_pb<=0.15_none_pb_up_h3_mid0_s0.07,mean_rev,3.55,2,606,58.745874587458744,2.96054171336806,1.991612935178133,47607329.565841414,81.3989239046887,-50.0,90,0.77,0.0,4.4,48.9,33.58,-34.82,4
FMR_mfi6<30_pb<=0.25_none_both_h3_mid0_s0.07,mean_rev,3.54,2,486,59.876543209876544,3.1268260996486865,2.2625240659092216,7444386.894362151,81.3989239046887,-50.0,90,0.26,0.0,2.2,45.6,30.08,-30.61,2
FMR_mfi13<30_pb<=0.25_bw40_pb_up_h4_mid0_s0.07,mean_rev,3.51,1,103,48.54368932038835,0.29212980370235747,-0.8488934599414466,-25.356229289002908,61.71122994652407,-26.192619261926197,88,-0.29,0.0,1.1,26.1,22.26,-13.17,1
FMR_mfi13<30_pb<=0.25_squeeze_none_h4_mid1_s0.1,mean_rev,3.51,2,195,55.8974358974359,2.373880604723759,1.1960086358917543,1044.675845374204,80.29505332165698,-50.0,89,1.36,0.0,3.4,49.4,36.77,-37.67,3
FMR_mfi6<25_pb<=0.15_none_pb_up_h4_mid0_s0.1,mean_rev,3.44,1,495,59.79797979797979,3.415837354559707,2.5454545454545396,25120284.08812401,69.70297542711185,-50.0,90,-0.11,0.0,1.1,47.8,36.2,-29.98,1
FSQ_mfi14>=50_brk1_mup0_h4_s0.08,squeeze_break,3.42,1,968,43.904958677685954,2.005755967362531,-1.2169434998846818,1961519.0110561075,100.0,-34.57364341085272,90,2.33,-0.1,10.0,48.9,100.0,-37.89,9
FMR_mfi14<30_pb<=0.15_none_both_h3_mid1_s0.07,mean_rev,3.42,2,298,58.38926174496645,3.1754746140511205,2.07755689739082,62360.15214699451,81.3989239046887,-50.0,90,0.97,0.05,2.2,50.0,34.65,-37.59,2
FMR_mfi13<20_pb<=0.0_none_none_h2_mid0_s0.1,mean_rev,3.38,2,237,56.540084388185655,0.03269451112939723,1.4285714285714235,-97.4646752414148,52.02862392997885,-50.0,89,1.35,0.0,1.1,46.1,22.8,-36.87,1
FMR_mfi13<20_pb<=0.25_none_both_h4_mid0_s0.07,mean_rev,3.38,1,319,53.91849529780565,2.836151383432959,1.1267605633802802,36047.10837065867,80.9123649459784,-50.0,90,1.7,0.0,5.6,45.6,55.5,-37.68,5
FMR_mfi13<20_pb<=0.0_none_none_h2_mid1_s0.1,mean_rev,3.38,2,237,56.540084388185655,0.03269451112939723,1.4285714285714235,-97.4646752414148,52.02862392997885,-50.0,89,1.35,0.0,1.1,46.1,22.8,-36.87,1
FMR_mfi14<25_pb<=0.25_bw40_pb_up_h4_mid0_s0.07,mean_rev,3.34,2,50,48.0,-0.4322077104480149,-0.602593998379275,-35.31204168412421,31.735546458016707,-15.992970717259647,83,-0.06,0.0,0.0,19.3,11.12,-11.81,0
FWALK_mfi6>=60_pb>=0.85_mup0_h2,band_walk,3.32,2,3227,49.17880384257825,1.8204686218006076,-0.13642564802183177,1.5099687734447194e+17,100.0,-50.0,91,1.7,-0.96,8.8,48.4,70.8,-27.88,8
FMR_mfi13<20_pb<=0.25_none_both_h2_mid0_s0.07,mean_rev,3.32,1,319,54.858934169278996,0.757048907649899,0.6005992115180492,18.458636277256257,56.00882028665932,-50.0,90,1.92,0.0,6.7,43.3,55.5,-38.49,6
FMR_mfi13<20_pb<=0.25_none_both_h2_mid1_s0.07,mean_rev,3.32,1,319,54.858934169278996,0.757048907649899,0.6005992115180492,18.458636277256257,56.00882028665932,-50.0,90,1.92,0.0,6.7,43.3,55.5,-38.49,6
FMR_mfi13<20_pb<=0.0_none_none_h3_mid1_s0.1,mean_rev,3.31,2,237,59.07172995780591,0.5952853499663735,1.7241458361411777,-93.97945101622194,65.78947389812244,-50.0,89,1.38,0.0,2.2,41.6,25.85,-36.17,2
FSQ_mfi14>=50_brk1_mup1_h3_s0.12,squeeze_break,3.3,2,875,45.371428571428574,1.8397707471518339,-0.8474570261180592,313078.10838298,100.0,-34.57364341085272,90,0.72,-0.68,5.6,45.6,34.4,-21.99,5
FMR_mfi6<20_pb<=0.15_squeeze_none_h2_mid1_s0.07,mean_rev,3.3,2,168,45.83333333333333,-0.6511914996376801,-0.559557661188631,-89.27619184475529,65.39999211782248,-38.653366583541136,90,-0.52,0.0,1.1,38.9,20.29,-18.16,1
FMR_mfi6<20_pb<=0.15_squeeze_none_h2_mid0_s0.07,mean_rev,3.3,2,168,45.83333333333333,-0.6511914996376801,-0.559557661188631,-89.27619184475529,65.39999211782248,-38.653366583541136,90,-0.52,0.0,1.1,38.9,20.29,-18.16,1
FMR_mfi13<25_pb<=0.15_none_pb_up_h3_mid1_s0.1,mean_rev,3.29,1,405,58.0246913580247,2.9767178776563012,1.923086321533618,753300.0833003824,80.9123649459784,-50.0,88,1.81,0.0,5.7,37.5,87.14,-36.39,5
FWALK_mfi14>=55_pb>=0.85_mup1_h4,band_walk,3.28,2,2538,45.82348305752561,2.6043681726542065,-0.9274124190126687,4.523983562491554e+17,100.0,-50.0,91,1.01,0.43,3.3,52.7,32.74,-38.62,3
FMR_mfi13<25_pb<=0.15_none_both_h2_mid1_s0.07,mean_rev,3.27,1,255,58.82352941176471,2.328668073198374,1.7192013495133107,4662.631549878667,81.3989239046887,-50.0,88,2.0,0.0,5.7,37.5,81.4,-37.95,5
FMR_mfi6<30_pb<=0.15_squeeze_none_h3_mid1_s0.1,mean_rev,3.27,1,272,51.10294117647059,0.27729386277200424,0.352018343257654,-78.8216380400403,72.84974684373167,-44.254834738700566,90,-0.09,0.25,3.3,51.1,38.73,-31.58,3
FMR_mfi13<25_pb<=0.15_none_both_h2_mid0_s0.07,mean_rev,3.27,1,255,58.82352941176471,2.328668073198374,1.7192013495133107,4662.631549878667,81.3989239046887,-50.0,88,2.0,0.0,5.7,37.5,81.4,-37.95,5
FMR_mfi13<20_pb<=0.15_none_pb_up_h3_mid1_s0.07,mean_rev,3.26,1,277,57.03971119133574,2.3982546475543822,1.6417878897541094,9204.023714212944,80.9123649459784,-50.0,88,2.13,0.0,3.4,37.5,87.14,-38.04,3
FMR_mfi6<20_pb<=0.25_none_none_h2_mid1_s0.07,mean_rev,3.25,2,2457,50.06105006105006,0.8145655682930842,7.843923510719719e-07,2232.063557351285,100.0,-50.0,91,0.92,-0.16,2.2,47.3,32.63,-31.35,2
FMR_mfi6<20_pb<=0.25_none_none_h2_mid0_s0.07,mean_rev,3.25,2,2457,50.06105006105006,0.8145655682930842,7.843923510719719e-07,2232.063557351285,100.0,-50.0,91,0.92,-0.16,2.2,47.3,32.63,-31.35,2
FMR_mfi13<25_pb<=0.25_squeeze_none_h3_mid0_s0.1,mean_rev,3.25,2,97,51.546391752577314,0.7519609347236353,0.8793917435892862,-9.97306774735659,51.540535420927846,-38.34115646730751,88,-0.05,0.0,1.1,36.4,23.53,-22.28,1
FMR_mfi13<25_pb<=0.25_squeeze_none_h3_mid0_s0.07,mean_rev,3.24,2,97,50.51546391752577,0.47727476176967304,0.2008025402817637,-20.911897168336623,41.176470588235304,-38.34115646730751,88,0.01,0.0,1.1,36.4,23.53,-22.28,1
FMR_mfi14<30_pb<=0.25_bw40_both_h2_mid1_s0.1,mean_rev,3.24,2,64,39.0625,-1.0246491720437625,-1.3549331117093832,-57.42176443300997,22.264608055486,-16.249996662275056,87,-0.34,0.0,0.0,21.8,9.93,-8.3,0
FMR_mfi6<20_pb<=0.15_none_pb_up_h4_mid1_s0.1,mean_rev,3.24,2,419,63.24582338902148,3.0604946636627104,2.726868671239524,1447764.15059888,61.065197428833784,-50.0,90,0.51,0.0,1.1,48.9,26.25,-36.63,1
FMR_mfi14<30_pb<=0.25_bw40_both_h2_mid0_s0.1,mean_rev,3.24,2,64,39.0625,-1.0246491720437625,-1.3549331117093832,-57.42176443300997,22.264608055486,-16.249996662275056,87,-0.34,0.0,0.0,21.8,9.93,-8.3,0
FMR_mfi13<25_pb<=0.25_squeeze_none_h3_mid1_s0.1,mean_rev,3.23,2,97,52.57731958762887,0.6215373034782908,0.5181526195626063,-14.864528264742273,51.540535420927846,-38.34115646730751,87,-0.17,0.0,1.1,36.8,23.53,-22.28,1
FMR_mfi13<25_pb<=0.15_squeeze_none_h4_mid1_s0.1,mean_rev,3.23,2,51,50.98039215686274,1.4021136194445007,0.12562703816130227,21.32427858257444,61.71122994652407,-38.34115646730751,83,0.27,0.0,0.0,28.9,13.63,-20.32,0
FMR_mfi13<30_pb<=0.15_squeeze_none_h3_mid0_s0.1,mean_rev,3.22,2,105,50.476190476190474,2.2161850871643636,1.3597642833929058e-05,241.20764030970432,72.84974684373167,-38.34115646730751,89,0.81,0.0,2.2,43.8,31.15,-30.84,2
FMR_mfi13<30_pb<=0.25_bw40_pb_up_h4_mid0_s0.1,mean_rev,3.2,2,103,48.54368932038835,0.2578949621429257,-0.8488934599414466,-30.155946213631644,61.71122994652407,-26.192619261926197,88,-0.36,0.0,0.0,26.1,10.39,-14.29,0
FMR_mfi6<30_pb<=0.25_none_pb_up_h4_mid1_s0.1,mean_rev,3.2,2,960,60.729166666666664,2.653066507740353,2.193637416890659,10491063326.205101,100.0,-50.0,90,0.5,0.0,3.3,47.8,32.16,-35.21,3
FMR_mfi14<30_pb<=0.25_bw40_both_h2_mid0_s0.07,mean_rev,3.2,2,64,39.0625,-1.0971075529496357,-1.3549331117093832,-59.57832439585644,22.264608055486,-16.249996662275056,87,-0.37,0.0,0.0,21.8,9.93,-8.3,0
FMR_mfi13<20_pb<=0.25_none_both_h3_mid0_s0.07,mean_rev,3.2,1,319,54.2319749216301,2.208205036970357,0.9750801260605568,6522.583146774949,80.9123649459784,-50.0,90,1.63,0.0,4.4,44.4,57.02,-37.68,4
FMR_mfi14<30_pb<=0.25_bw40_both_h2_mid1_s0.07,mean_rev,3.2,2,64,39.0625,-1.0971075529496357,-1.3549331117093832,-59.57832439585644,22.264608055486,-16.249996662275056,87,-0.37,0.0,0.0,21.8,9.93,-8.3,0
FMR_mfi14<30_pb<=0.15_none_pb_up_h2_mid0_s0.07,mean_rev,3.17,1,491,54.989816700610994,1.8880557720049866,1.2225046681120233,46220.127601672866,81.3989239046887,-50.0,89,1.71,0.0,5.6,43.8,81.4,-38.3,5
FMR_mfi6<20_pb<=0.15_none_pb_up_h3_mid0_s0.07,mean_rev,3.17,1,423,57.446808510638306,2.4816661559237696,1.8036072144288484,184656.45552247946,69.70297542711185,-50.0,89,-0.04,0.0,3.4,44.9,36.2,-29.35,3
FMR_mfi14<30_pb<=0.15_none_pb_up_h2_mid1_s0.07,mean_rev,3.17,1,491,54.989816700610994,1.8880557720049866,1.2225046681120233,46220.127601672866,81.3989239046887,-50.0,89,1.71,0.0,5.6,43.8,81.4,-38.3,5
FSQ_mfi14>=45_brk0_mup0_h3_s0.12,squeeze_break,3.17,2,1952,46.209016393442624,1.605676474093748,-0.6433069200485919,251627015.8882498,100.0,-50.0,90,1.12,0.03,5.6,50.0,35.81,-34.63,5
FMR_mfi14<25_pb<=0.25_bw40_pb_up_h2_mid1_s0.1,mean_rev,3.16,2,50,42.0,-1.5225810049162514,-1.5291665429287116,-59.562067165404045,17.7461156449759,-15.992970717259647,83,-0.31,0.0,0.0,18.1,13.18,-8.17,0
FMR_mfi14<25_pb<=0.25_bw40_pb_up_h2_mid0_s0.1,mean_rev,3.16,2,50,42.0,-1.5225810049162514,-1.5291665429287116,-59.562067165404045,17.7461156449759,-15.992970717259647,83,-0.31,0.0,0.0,18.1,13.18,-8.17,0
FMR_mfi6<30_pb<=0.15_bw40_none_h4_mid1_s0.1,mean_rev,3.14,2,995,54.472361809045225,1.1816789118754718,0.9174331779211009,12143.948467763243,100.0,-50.0,89,0.49,0.35,4.5,52.8,32.07,-38.94,4
FMR_mfi14<25_pb<=0.25_bw40_pb_up_h2_mid1_s0.07,mean_rev,3.14,2,50,42.0,-1.615327732475769,-1.5291665429287116,-61.61022218568799,17.7461156449759,-15.992970717259647,83,-0.33,0.0,0.0,18.1,13.18,-8.17,0
FMR_mfi14<25_pb<=0.25_bw40_pb_up_h2_mid0_s0.07,mean_rev,3.14,2,50,42.0,-1.615327732475769,-1.5291665429287116,-61.61022218568799,17.7461156449759,-15.992970717259647,83,-0.33,0.0,0.0,18.1,13.18,-8.17,0
FMR_mfi13<25_pb<=0.25_squeeze_none_h3_mid1_s0.07,mean_rev,3.12,2,97,50.51546391752577,0.21617018749454675,0.2008025402817637,-34.590459562248,41.176470588235304,-38.34115646730751,87,-0.12,0.0,1.1,36.8,23.53,-22.28,1
FMR_mfi13<25_pb<=0.15_none_both_h4_mid1_s0.07,mean_rev,3.12,1,255,61.96078431372549,4.041919048686212,2.7568922305764465,193884.87363290504,81.3989239046887,-50.0,88,1.58,0.0,4.5,38.6,81.4,-37.95,4
FSQ_mfi6>=55_brk0_mup1_h2_s0.12,squeeze_break,3.11,2,1725,47.36231884057971,1.3646625530284144,-0.437735131629724,9192636.845854843,100.0,-50.0,90,2.16,-0.46,8.9,45.6,47.5,-34.54,8
FWALK_mfi6>=55_pb>=0.85_mup1_h4,band_walk,3.11,2,2658,46.689240030097814,2.681748025807972,-0.7966417121346714,4.341129972939564e+19,100.0,-50.0,91,0.56,0.12,2.2,51.6,28.22,-33.51,2
FMR_mfi13<25_pb<=0.25_squeeze_none_h2_mid1_s0.07,mean_rev,3.1,2,98,45.91836734693878,-0.012095335639229397,-0.3182555082506866,-32.08223215098464,26.46370309298156,-38.34115646730751,87,-0.16,0.0,0.0,36.8,19.11,-20.32,0
FMR_mfi13<25_pb<=0.25_squeeze_none_h2_mid0_s0.07,mean_rev,3.1,2,98,45.91836734693878,-0.012095335639229397,-0.3182555082506866,-32.08223215098464,26.46370309298156,-38.34115646730751,87,-0.16,0.0,0.0,36.8,19.11,-20.32,0
FMR_mfi13<30_pb<=0.15_squeeze_none_h2_mid0_s0.07,mean_rev,3.08,1,105,45.714285714285715,0.24764765668317612,-0.47281795558539175,-20.622012575419824,26.46370309298156,-38.34115646730751,89,0.76,0.0,2.2,37.1,26.46,-26.02,2
FMR_mfi13<30_pb<=0.15_squeeze_none_h2_mid1_s0.07,mean_rev,3.08,1,105,45.714285714285715,0.24764765668317612,-0.47281795558539175,-20.622012575419824,26.46370309298156,-38.34115646730751,89,0.76,0.0,2.2,37.1,26.46,-26.02,2
FMR_mfi14<30_pb<=0.15_none_pb_up_h3_mid0_s0.1,mean_rev,3.07,2,485,57.52577319587628,2.965367639348726,1.8750000000000044,3857643.157447435,80.9123649459784,-50.0,90,0.44,0.0,2.2,45.6,47.05,-33.11,2
FMR_mfi6<25_pb<=0.15_squeeze_none_h3_mid1_s0.1,mean_rev,3.07,2,204,50.49019607843137,-0.223864945651432,0.21104777290916754,-91.59405974989325,72.84974684373167,-44.254834738700566,90,-0.1,0.0,1.1,41.1,39.39,-24.78,1
FMR_mfi13<25_pb<=0.15_squeeze_none_h4_mid0_s0.07,mean_rev,3.06,2,51,49.01960784313725,1.4722003132246093,-0.12092459593594507,15.360575767412342,61.71122994652407,-38.34115646730751,83,0.26,0.0,1.2,28.9,20.75,-20.32,1
FMR_mfi14<30_pb<=0.15_none_both_h3_mid0_s0.07,mean_rev,3.03,2,298,57.71812080536913,3.4620244159934757,1.9973386611603083,126450.45338926493,81.3989239046887,-50.0,90,0.87,0.0,2.2,48.9,34.65,-37.59,2
FMR_mfi13<30_pb<=0.25_bw40_both_h4_mid1_s0.1,mean_rev,2.97,2,75,48.0,-0.49229127012900387,-0.2976055714181247,-58.657295509089714,61.71122994652407,-26.192619261926197,88,-0.4,0.0,0.0,31.8,11.12,-17.83,0
FMR_mfi14<25_pb<=0.25_bw40_pb_up_h3_mid0_s0.1,mean_rev,2.96,2,50,38.0,-1.8246025742864391,-2.216147297629939,-67.49567796536465,31.782945736434097,-18.172475409706614,83,-0.26,0.0,0.0,19.3,17.54,-8.48,0
FMR_mfi13<20_pb<=0.15_none_pb_up_h3_mid0_s0.07,mean_rev,2.96,1,277,55.5956678700361,2.5503281066513868,1.4705882352941124,13492.781065434341,80.9123649459784,-50.0,88,2.07,0.0,5.7,36.4,87.14,-38.04,5
FWALK_mfi6>=60_pb>=0.7_mup1_h2,band_walk,2.95,2,3427,49.05164867230814,1.7339540420303223,-0.14880952380952328,1.4140844971942698e+17,100.0,-50.0,91,1.04,0.23,6.6,50.5,49.68,-38.66,6
FMR_mfi14<25_pb<=0.15_none_both_h4_mid0_s0.1,mean_rev,2.94,1,195,59.48717948717949,4.290679208463687,2.610301112732749,46042.79209925622,80.9123649459784,-50.0,89,-0.38,0.0,1.1,37.1,56.01,-25.36,1
FMR_mfi13<30_pb<=0.25_bw40_both_h4_mid1_s0.07,mean_rev,2.91,2,75,48.0,-0.4452754210540508,-0.2976055714181247,-55.81620499819391,61.71122994652407,-26.192619261926197,88,-0.45,0.0,0.0,31.8,11.12,-17.83,0
FMR_mfi13<30_pb<=0.25_bw40_pb_up_h3_mid0_s0.1,mean_rev,2.91,2,103,43.689320388349515,-0.4913972236062411,-1.0338885697874778,-63.93405425020229,41.176470588235304,-26.192619261926197,88,-0.47,0.0,0.0,28.4,14.4,-14.29,0
FMR_mfi13<30_pb<=0.25_squeeze_none_h3_mid0_s0.1,mean_rev,2.91,2,196,52.55102040816326,2.6178139070244173,0.9627727948715692,1573.9648597340868,80.29505332165698,-50.0,89,1.08,0.0,3.4,49.4,29.16,-37.67,3
FSQ_mfi6>=55_brk0_mup0_h2_s0.08,squeeze_break,2.9,2,1924,48.024948024948024,1.312424225656666,-0.3291572134418552,23316748.62709018,100.0,-50.0,90,1.54,-0.9,8.9,43.3,49.65,-26.58,8
FMR_mfi6<20_pb<=0.15_none_pb_up_h4_mid0_s0.07,mean_rev,2.87,2,421,58.66983372921615,3.050014684826586,2.130156266850469,1266255.6640559055,69.70297542711185,-50.0,90,0.11,0.16,1.1,52.2,20.99,-37.48,1
FMR_mfi6<20_pb<=0.15_squeeze_none_h4_mid1_s0.1,mean_rev,2.86,1,166,51.204819277108435,0.35011574070224344,0.34922682180323905,-77.36255354576078,72.84974684373167,-44.254834738700566,90,1.04,0.09,3.3,50.0,81.66,-38.34,3
FMR_mfi13<30_pb<=0.25_bw40_pb_up_h3_mid0_s0.07,mean_rev,2.83,2,103,43.689320388349515,-0.4122114925286656,-1.0338885697874778,-60.33454161953608,41.176470588235304,-26.192619261926197,88,-0.54,0.0,0.0,28.4,14.4,-14.29,0
FMR_mfi14<25_pb<=0.25_bw40_pb_up_h3_mid0_s0.07,mean_rev,2.83,2,50,38.0,-1.661479968266634,-2.216147297629939,-64.2516283423053,31.782945736434097,-15.992970717259647,83,-0.3,0.0,0.0,19.3,17.54,-8.92,0
FMR_mfi13<30_pb<=0.25_bw40_none_h3_mid1_s0.07,mean_rev,2.81,2,486,52.88065843621399,1.1900885870197573,0.5798939023782146,1042.705769907677,100.0,-50.0,89,0.25,0.1,2.2,50.6,21.65,-34.92,2
FMR_mfi6<30_pb<=0.15_none_pb_up_h4_mid0_s0.07,mean_rev,2.8,2,603,58.540630182421225,3.5198563945610135,2.146213478993042,670597545.377767,82.85715320393561,-50.0,90,0.24,0.16,1.1,51.1,31.93,-38.03,1
FMR_mfi13<30_pb<=0.25_bw40_both_h3_mid1_s0.1,mean_rev,2.77,2,75,46.666666666666664,-1.097948284815942,-1.0338885697874778,-71.2159330611247,41.176470588235304,-26.192619261926197,88,-0.39,0.0,0.0,30.7,17.54,-17.83,0
FMR_mfi13<25_pb<=0.15_none_pb_up_h2_mid0_s0.1,mean_rev,2.76,1,408,56.61764705882353,2.1445011010816684,1.438417667661318,52962.64887706055,81.3989239046887,-50.0,88,1.69,0.0,4.5,42.0,56.01,-39.99,4
FMR_mfi13<25_pb<=0.15_none_pb_up_h2_mid1_s0.1,mean_rev,2.76,1,408,56.61764705882353,2.1445011010816684,1.438417667661318,52962.64887706055,81.3989239046887,-50.0,88,1.69,0.0,4.5,42.0,56.01,-39.99,4
FMR_mfi13<25_pb<=0.15_none_pb_up_h3_mid0_s0.1,mean_rev,2.75,1,405,57.03703703703704,3.13408086752096,1.923086321533618,1333852.9827527835,80.9123649459784,-50.0,88,1.79,0.0,4.5,39.8,87.14,-39.7,4
FMR_mfi13<25_pb<=0.25_bw40_none_h2_mid1_s0.1,mean_rev,2.75,1,266,49.62406015037594,0.5277862375003772,0.0,45.395374591559865,41.80929095354524,-34.98292711270018,87,-0.16,0.0,2.3,39.1,36.07,-24.7,2
FMR_mfi13<25_pb<=0.25_bw40_none_h2_mid0_s0.1,mean_rev,2.75,1,266,49.62406015037594,0.5277862375003772,0.0,45.395374591559865,41.80929095354524,-34.98292711270018,87,-0.16,0.0,2.3,39.1,36.07,-24.7,2
FWALK_mfi6>=55_pb>=0.7_mup0_h4,band_walk,2.7,2,3554,46.62352279122116,2.3427468466466697,-0.7708848595040896,3.273757856888163e+21,100.0,-50.0,91,1.03,-0.57,4.4,48.4,36.64,-29.85,4
FMR_mfi13<25_pb<=0.25_bw40_none_h2_mid0_s0.07,mean_rev,2.68,1,266,49.24812030075188,0.5205057277908632,-2.962739503731271e-06,42.609057853702105,41.80929095354524,-34.98292711270018,87,-0.19,0.0,2.3,39.1,36.07,-24.7,2
FMR_mfi13<25_pb<=0.25_bw40_none_h2_mid1_s0.07,mean_rev,2.68,1,266,49.24812030075188,0.5205057277908632,-2.962739503731271e-06,42.609057853702105,41.80929095354524,-34.98292711270018,87,-0.19,0.0,2.3,39.1,36.07,-24.7,2
FMR_mfi13<20_pb<=0.25_none_pb_up_h3_mid0_s0.1,mean_rev,2.67,1,450,55.55555555555556,2.4551486695175413,1.4460554391893754,145185.71294020847,100.0,-50.0,89,1.67,0.0,6.7,41.6,57.02,-39.7,6
FMR_mfi13<20_pb<=0.15_none_pb_up_h4_mid0_s0.07,mean_rev,2.66,1,276,55.072463768115945,3.320897618202772,1.918990290636624,87777.00440429439,80.9123649459784,-50.0,89,1.89,0.0,5.6,39.3,56.01,-39.7,5
FMR_mfi13<30_pb<=0.25_bw40_both_h3_mid1_s0.07,mean_rev,2.66,2,75,46.666666666666664,-0.9891998808027389,-1.0338885697874778,-68.34317843471915,41.176470588235304,-26.192619261926197,88,-0.48,0.0,0.0,30.7,17.54,-17.83,0
FMR_mfi13<30_pb<=0.25_bw40_both_h4_mid0_s0.1,mean_rev,2.64,2,75,45.33333333333333,-0.0473378622289086,-2.013419118478954,-44.86981059011709,61.71122994652407,-26.192619261926197,88,-0.31,0.0,0.0,29.5,12.56,-17.83,0
FMR_mfi6<20_pb<=0.15_bw40_none_h3_mid0_s0.1,mean_rev,2.63,1,682,52.93255131964809,1.0658549636218304,0.5813238510466334,1615.0739244816893,69.70297542711185,-46.46017505520504,89,0.22,0.0,6.7,50.6,36.32,-34.62,6
FSQ_mfi6>=45_brk0_mup1_h4_s0.08,squeeze_break,2.62,2,1716,46.27039627039627,1.9431604455723093,-0.7434949507188371,2012106718.1899083,100.0,-50.0,90,1.04,0.03,4.4,50.0,43.47,-36.93,4
FMR_mfi13<25_pb<=0.25_bw40_none_h3_mid1_s0.1,mean_rev,2.58,1,264,53.40909090909091,0.6407835792419037,0.6958237807371481,5.397772614347884,41.80929095354524,-50.0,87,0.61,0.0,5.7,41.4,36.07,-32.8,5
FMR_mfi13<30_pb<=0.25_bw40_both_h4_mid0_s0.07,mean_rev,2.58,2,75,45.33333333333333,-0.0003220131539555619,-2.013419118478954,-41.081237493000444,61.71122994652407,-26.192619261926197,88,-0.36,0.0,0.0,29.5,12.56,-17.83,0
FMR_mfi13<25_pb<=0.25_bw40_none_h3_mid1_s0.07,mean_rev,2.56,1,264,52.65151515151515,0.7439785515639723,0.44783650876848435,47.45373595305866,41.80929095354524,-50.0,87,0.74,0.0,5.7,40.2,36.07,-32.8,5
FWALK_mfi14>=60_pb>=0.8_mup1_h4,band_walk,2.49,2,2541,46.162927981109796,2.5739756682375994,-0.8686313043748672,2.7319493798548064e+17,100.0,-50.0,91,1.77,-0.53,8.8,48.4,39.42,-35.55,8
FMR_mfi14<30_pb<=0.25_none_pb_up_h2_mid1_s0.07,mean_rev,2.47,1,897,53.957636566332226,1.3670834816058681,0.9091062766644287,96487.67310902785,100.0,-50.0,90,0.4,-0.23,4.4,44.4,90.63,-31.55,4
FMR_mfi14<30_pb<=0.25_none_pb_up_h2_mid0_s0.07,mean_rev,2.47,1,897,53.957636566332226,1.3670834816058681,0.9091062766644287,96487.67310902785,100.0,-50.0,90,0.4,-0.23,4.4,44.4,90.63,-31.55,4
FMR_mfi6<25_pb<=0.25_none_pb_up_h2_mid1_s0.07,mean_rev,2.44,2,756,53.3068783068783,1.2727920566659927,0.7096466390361433,21739.267743623426,100.0,-50.0,90,0.28,0.02,2.2,50.0,24.96,-36.02,2
FMR_mfi6<25_pb<=0.25_none_pb_up_h2_mid0_s0.07,mean_rev,2.44,2,756,53.3068783068783,1.2727920566659927,0.7096466390361433,21739.267743623426,100.0,-50.0,90,0.28,0.02,2.2,50.0,24.96,-36.02,2
FMR_mfi6<25_pb<=0.0_squeeze_none_h4_mid0_s0.1,mean_rev,2.41,2,47,44.680851063829785,-1.0504775053168243,-0.894308943089428,-68.4560417536092,51.540535420927846,-43.40425732013312,88,0.03,0.0,1.1,22.7,24.44,-17.33,1
FMR_mfi13<30_pb<=0.25_squeeze_none_h3_mid1_s0.1,mean_rev,2.37,2,196,53.06122448979592,2.0093521678619766,0.9569351952210758,551.7935969441049,80.29505332165698,-50.0,89,0.69,0.0,1.1,48.3,36.77,-37.67,1
FMR_mfi6<20_pb<=0.15_squeeze_none_h3_mid1_s0.1,mean_rev,2.35,2,167,51.49700598802395,-0.08359447045276325,0.35026310160963803,-87.28331924213259,72.84974684373167,-44.254834738700566,90,0.06,0.0,1.1,43.3,39.39,-30.84,1
FMR_mfi13<25_pb<=0.15_squeeze_none_h4_mid1_s0.07,mean_rev,2.34,2,51,47.05882352941176,0.03486318591295585,-5.925479007462542e-06,-34.78143466868523,61.71122994652407,-38.34115646730751,83,-0.11,0.0,0.0,27.7,13.39,-20.32,0
FMR_mfi14<30_pb<=0.25_bw40_pb_up_h2_mid1_s0.1,mean_rev,2.32,2,88,43.18181818181818,-0.31451543911674595,-0.4784763845916695,-45.148190124508005,35.78430815533644,-19.408866995073893,87,-0.42,0.0,0.0,25.3,9.93,-15.8,0
FMR_mfi14<30_pb<=0.25_bw40_pb_up_h2_mid0_s0.1,mean_rev,2.32,2,88,43.18181818181818,-0.31451543911674595,-0.4784763845916695,-45.148190124508005,35.78430815533644,-19.408866995073893,87,-0.42,0.0,0.0,25.3,9.93,-15.8,0
FMR_mfi6<25_pb<=0.15_squeeze_none_h3_mid0_s0.1,mean_rev,2.29,2,204,48.529411764705884,-0.13411190581554788,-0.2650963268704343,-90.9001058629548,72.84974684373167,-44.254834738700566,90,-0.62,0.0,0.0,41.1,15.64,-24.78,0
FMR_mfi14<30_pb<=0.25_bw40_pb_up_h2_mid0_s0.07,mean_rev,2.28,2,88,43.18181818181818,-0.36721244341192644,-0.4784763845916695,-47.92639865034136,35.78430815533644,-19.408866995073893,87,-0.45,0.0,0.0,25.3,9.93,-15.8,0
FMR_mfi14<30_pb<=0.25_bw40_pb_up_h2_mid1_s0.07,mean_rev,2.28,2,88,43.18181818181818,-0.36721244341192644,-0.4784763845916695,-47.92639865034136,35.78430815533644,-19.408866995073893,87,-0.45,0.0,0.0,25.3,9.93,-15.8,0
FMR_mfi6<20_pb<=0.15_bw40_none_h3_mid1_s0.07,mean_rev,2.21,2,691,52.532561505065125,0.7966433595633025,0.7057569471480063,406.1696445075022,51.560693641618506,-46.46017505520504,89,-0.46,0.0,3.4,48.3,23.39,-31.36,3
FMR_mfi6<30_pb<=0.15_bw40_none_h3_mid0_s0.1,mean_rev,2.2,1,1005,54.12935323383085,1.5258006953812777,0.7922562622462381,254011.7719340624,100.0,-50.0,89,-0.53,0.37,5.6,51.7,36.32,-37.0,5
FMR_mfi14<25_pb<=0.15_none_pb_up_h4_mid0_s0.07,mean_rev,2.19,1,341,56.30498533724341,3.4496211141130315,1.6990308224273054,447057.01246127835,81.3989239046887,-50.0,89,1.17,0.0,5.6,37.1,84.91,-37.14,5
FMR_mfi13<30_pb<=0.25_bw40_both_h3_mid0_s0.1,mean_rev,2.12,2,75,42.66666666666667,-0.9152253485417033,-2.013419118478954,-68.01718085037378,41.176470588235304,-26.192619261926197,88,-0.38,0.0,0.0,27.3,17.54,-17.83,0
FMR_mfi6<30_pb<=0.25_bw40_none_h3_mid0_s0.1,mean_rev,2.09,2,1352,53.624260355029584,1.4656333656334544,0.7649882713066547,1018891.3590135644,100.0,-50.0,89,0.28,-0.68,3.4,48.3,56.74,-30.01,3
FMR_mfi13<25_pb<=0.15_squeeze_none_h3_mid1_s0.1,mean_rev,2.05,2,52,48.07692307692308,0.419743281766502,-3.5505442752548078e-06,-26.628737681944635,51.540535420927846,-38.34115646730751,83,0.01,0.0,1.2,26.5,23.53,-22.28,1
FMR_mfi13<30_pb<=0.25_bw40_both_h3_mid0_s0.07,mean_rev,2.01,2,75,42.66666666666667,-0.8064769445284999,-2.013419118478954,-64.82517911299976,41.176470588235304,-26.192619261926197,88,-0.47,0.0,0.0,27.3,17.54,-17.83,0
FMR_mfi6<30_pb<=0.15_squeeze_none_h4_mid1_s0.1,mean_rev,2.0,2,268,52.61194029850746,0.4927023799377996,0.4765442610787263,-69.01477543780395,72.84974684373167,-44.254834738700566,90,0.1,0.0,2.2,46.7,43.68,-35.0,2
FMR_mfi6<25_pb<=0.0_squeeze_none_h4_mid1_s0.1,mean_rev,1.99,2,47,44.680851063829785,-1.7655886375053238,-0.894308943089428,-76.96389377358629,51.540535420927846,-43.40425732013312,88,-0.14,0.0,1.1,20.5,24.44,-17.33,1
FMR_mfi13<20_pb<=0.15_none_pb_up_h2_mid1_s0.1,mean_rev,1.97,1,277,55.23465703971119,1.6710997250499449,1.1494257701369692,2045.2294350036186,56.00882028665932,-50.0,88,1.32,0.0,3.4,35.2,56.01,-37.75,3
FMR_mfi6<25_pb<=0.15_none_pb_up_h2_mid1_s0.07,mean_rev,1.97,2,503,55.069582504970185,1.937369078053568,1.1160755221915286,82113.9537445,81.3989239046887,-50.0,89,-0.1,0.0,1.1,47.2,24.31,-35.19,1
FMR_mfi13<20_pb<=0.15_none_pb_up_h2_mid0_s0.1,mean_rev,1.97,1,277,55.23465703971119,1.6710997250499449,1.1494257701369692,2045.2294350036186,56.00882028665932,-50.0,88,1.32,0.0,3.4,35.2,56.01,-37.75,3
FMR_mfi13<30_pb<=0.25_bw40_none_h3_mid0_s0.07,mean_rev,1.97,2,486,52.46913580246913,1.4185040067689265,0.5589629397157792,2294.3046333298457,100.0,-50.0,89,0.03,0.0,1.1,47.2,22.26,-34.92,1
FMR_mfi6<25_pb<=0.15_none_pb_up_h2_mid0_s0.07,mean_rev,1.97,2,503,55.069582504970185,1.937369078053568,1.1160755221915286,82113.9537445,81.3989239046887,-50.0,89,-0.1,0.0,1.1,47.2,24.31,-35.19,1
FMR_mfi6<30_pb<=0.15_squeeze_none_h3_mid0_s0.1,mean_rev,1.96,1,272,49.63235294117647,0.3158002827072984,-0.08926713850107015,-78.91208669886727,72.84974684373167,-44.254834738700566,90,-0.49,0.0,3.3,48.9,38.73,-31.58,3
FMR_mfi6<30_pb<=0.0_squeeze_none_h4_mid0_s0.1,mean_rev,1.94,2,57,49.122807017543856,-0.5515916215928665,-0.12092459593594507,-64.28494395650793,51.540535420927846,-43.40425732013312,88,-0.14,0.0,1.1,29.5,24.44,-23.85,1
FMR_mfi6<20_pb<=0.15_squeeze_none_h4_mid0_s0.1,mean_rev,1.91,2,166,48.19277108433735,0.9511442609997388,-0.20105252531649187,-55.48010774495757,72.84974684373167,-44.254834738700566,90,0.6,0.0,2.2,43.3,24.55,-35.0,2
FMR_mfi6<30_pb<=0.0_squeeze_none_h2_mid0_s0.1,mean_rev,1.89,2,58,41.37931034482759,-0.191377922498189,-1.0835149207579942,-42.643292602591956,51.540535420927846,-25.252545803898364,88,-0.08,0.0,1.1,21.6,24.44,-17.4,1
FMR_mfi6<30_pb<=0.0_squeeze_none_h2_mid1_s0.1,mean_rev,1.89,2,58,41.37931034482759,-0.191377922498189,-1.0835149207579942,-42.643292602591956,51.540535420927846,-25.252545803898364,88,-0.08,0.0,1.1,21.6,24.44,-17.4,1
FMR_mfi6<20_pb<=0.15_none_pb_up_h4_mid0_s0.1,mean_rev,1.88,2,419,59.665871121718375,3.136562150574681,2.2580645161290214,1288545.8834550062,69.70297542711185,-50.0,90,-0.02,0.0,1.1,46.7,20.99,-37.72,1
FSQ_mfi6>=55_brk0_mup1_h3_s0.08,squeeze_break,1.86,2,1711,46.464056107539456,1.7956976144536354,-0.6589857122929033,571836262.4025304,100.0,-50.0,90,2.01,-0.56,11.1,47.8,46.21,-39.64,10
FMR_mfi6<20_pb<=0.15_squeeze_none_h3_mid0_s0.1,mean_rev,1.83,2,167,50.29940119760479,-0.017609284478218693,0.10531858873090716,-86.81190258180827,72.84974684373167,-44.254834738700566,90,-0.3,0.0,0.0,43.3,15.64,-30.84,0
FMR_mfi6<25_pb<=0.15_none_pb_up_h2_mid0_s0.1,mean_rev,1.83,2,503,55.069582504970185,1.9277693874473583,1.1160755221915286,77977.93660790134,81.3989239046887,-50.0,89,-0.12,0.0,1.1,46.1,24.31,-35.19,1
FMR_mfi6<25_pb<=0.15_none_pb_up_h2_mid1_s0.1,mean_rev,1.83,2,503,55.069582504970185,1.9277693874473583,1.1160755221915286,77977.93660790134,81.3989239046887,-50.0,89,-0.12,0.0,1.1,46.1,24.31,-35.19,1
FMR_mfi6<25_pb<=0.25_none_pb_up_h2_mid1_s0.1,mean_rev,1.81,2,755,53.377483443708606,1.2751896895765007,0.7374750962541032,21854.265920774607,100.0,-50.0,90,0.06,0.0,2.2,46.7,24.96,-36.02,2
FMR_mfi6<25_pb<=0.25_none_pb_up_h2_mid0_s0.1,mean_rev,1.81,2,755,53.377483443708606,1.2751896895765007,0.7374750962541032,21854.265920774607,100.0,-50.0,90,0.06,0.0,2.2,46.7,24.96,-36.02,2
FMR_mfi13<25_pb<=0.15_squeeze_none_h2_mid0_s0.1,mean_rev,1.73,2,52,40.38461538461539,0.4629460571196009,-0.7343162494715949,-9.681222567355563,51.540535420927846,-38.34115646730751,82,0.1,0.0,1.2,24.4,21.56,-20.32,1
FMR_mfi13<25_pb<=0.15_squeeze_none_h2_mid1_s0.1,mean_rev,1.73,2,52,40.38461538461539,0.4629460571196009,-0.7343162494715949,-9.681222567355563,51.540535420927846,-38.34115646730751,82,0.1,0.0,1.2,24.4,21.56,-20.32,1
FWALK_mfi6>=60_pb>=0.8_mup1_h2,band_walk,1.68,2,3121,49.343159243832105,1.8056292983967621,-0.1040553527077881,3.997864847385802e+16,100.0,-50.0,91,1.8,-1.08,9.9,47.3,44.98,-34.99,9
FMR_mfi6<30_pb<=0.15_squeeze_none_h4_mid0_s0.1,mean_rev,1.6,1,268,51.11940298507462,1.1362840722284957,0.35140686226086126,8.366199399230933,72.84974684373167,-44.254834738700566,90,0.71,0.0,7.8,43.3,48.28,-38.34,7
FMR_mfi6<30_pb<=0.15_none_pb_up_h2_mid0_s0.07,mean_rev,1.58,2,607,56.17792421746294,2.2574715380336596,1.342281879194629,1974585.1523453505,81.3989239046887,-50.0,89,0.29,0.0,2.2,46.1,31.87,-39.35,2
FMR_mfi6<30_pb<=0.15_none_pb_up_h2_mid1_s0.1,mean_rev,1.58,2,607,56.17792421746294,2.2495166049612982,1.342281879194629,1875242.7505084455,81.3989239046887,-50.0,89,0.29,0.0,2.2,46.1,31.87,-39.35,2
FMR_mfi6<30_pb<=0.15_none_pb_up_h2_mid0_s0.1,mean_rev,1.58,2,607,56.17792421746294,2.2495166049612982,1.342281879194629,1875242.7505084455,81.3989239046887,-50.0,89,0.29,0.0,2.2,46.1,31.87,-39.35,2
FMR_mfi6<30_pb<=0.15_none_pb_up_h2_mid1_s0.07,mean_rev,1.58,2,607,56.17792421746294,2.2574715380336596,1.342281879194629,1974585.1523453505,81.3989239046887,-50.0,89,0.29,0.0,2.2,46.1,31.87,-39.35,2
FMR_mfi6<25_pb<=0.0_squeeze_none_h3_mid0_s0.1,mean_rev,1.48,2,48,43.75,-1.4871564179254493,-1.5055217866263737,-73.8326360445142,51.540535420927846,-43.40425732013312,88,-0.33,0.0,1.1,20.5,24.44,-18.35,1
FMR_mfi13<25_pb<=0.15_squeeze_none_h3_mid0_s0.1,mean_rev,1.46,2,52,44.230769230769226,-0.19360043136905264,-1.3186412965907113,-47.71451098057007,51.540535420927846,-38.34115646730751,83,-0.23,0.0,1.2,26.5,23.53,-22.28,1
FMR_mfi14<25_pb<=0.15_none_both_h2_mid0_s0.07,mean_rev,1.41,1,198,57.57575757575758,2.4136948677076395,1.2691445157797743,1999.9818639574528,81.3989239046887,-50.0,88,0.91,0.0,3.4,34.1,56.01,-38.49,3
FMR_mfi14<25_pb<=0.15_none_both_h2_mid1_s0.07,mean_rev,1.41,1,198,57.57575757575758,2.4136948677076395,1.2691445157797743,1999.9818639574528,81.3989239046887,-50.0,88,0.91,0.0,3.4,34.1,56.01,-38.49,3
FMR_mfi6<30_pb<=0.0_squeeze_none_h4_mid1_s0.1,mean_rev,1.32,2,57,49.122807017543856,-1.0510735146667323,-5.925479007462542e-06,-72.74585233824425,51.540535420927846,-43.40425732013312,88,-0.28,0.0,1.1,25.0,24.44,-23.85,1
FSQ_mfi6>=55_brk1_mup1_h4_s0.08,squeeze_break,1.32,2,883,43.82785956964892,1.938024881905567,-1.2208493857094438,479231.455750977,100.0,-34.57364341085272,90,0.14,-0.64,5.6,47.8,34.53,-29.26,5
FMR_mfi6<30_pb<=0.0_squeeze_none_h3_mid0_s0.1,mean_rev,1.32,2,58,46.55172413793103,-0.6914243432806164,-0.9166380396198326,-65.53957945846413,51.540535420927846,-43.40425732013312,88,-0.2,0.0,1.1,26.1,24.44,-23.85,1
FMR_mfi13<25_pb<=0.15_squeeze_none_h3_mid1_s0.07,mean_rev,1.29,2,52,44.230769230769226,-0.6196862670422382,-0.1002361468214974,-52.393536686772826,41.176470588235304,-38.34115646730751,83,-0.27,0.0,1.2,25.3,23.53,-22.28,1
FMR_mfi6<30_pb<=0.0_squeeze_none_h4_mid0_s0.07,mean_rev,1.29,2,57,47.368421052631575,-1.72502781234531,-0.24478989593974543,-79.68305384333402,32.17665615141956,-43.40425732013312,88,-0.57,0.0,0.0,29.5,11.25,-23.85,0
FMR_mfi6<30_pb<=0.25_none_pb_up_h4_mid0_s0.1,mean_rev,1.27,2,959,58.49843587069864,2.8014164329849263,2.011494252873569,14428778841.097462,100.0,-50.0,90,-0.09,-0.35,1.1,45.6,29.77,-35.82,1
FMR_mfi6<30_pb<=0.0_squeeze_none_h2_mid1_s0.07,mean_rev,1.2,2,58,39.6551724137931,-1.3689175058525132,-1.3068740896391373,-68.49319475804893,26.46370309298156,-25.252545803898364,88,-0.45,0.0,0.0,20.5,19.56,-17.4,0
FMR_mfi6<30_pb<=0.0_squeeze_none_h2_mid0_s0.07,mean_rev,1.2,2,58,39.6551724137931,-1.3689175058525132,-1.3068740896391373,-68.49319475804893,26.46370309298156,-25.252545803898364,88,-0.45,0.0,0.0,20.5,19.56,-17.4,0
FMR_mfi13<25_pb<=0.15_squeeze_none_h3_mid0_s0.07,mean_rev,1.06,2,52,42.30769230769231,-0.9892597595260844,-1.3186412965907113,-61.2091534458417,41.176470588235304,-38.34115646730751,83,-0.43,0.0,1.2,26.5,23.53,-22.28,1
FWALK_mfi6>=60_pb>=0.7_mup1_h4,band_walk,1.0,2,3094,46.21848739495798,2.393906177806909,-0.8876641019681109,1.342912443670857e+19,100.0,-50.0,91,0.48,-1.26,5.5,44.0,33.87,-25.76,5
FMR_mfi6<20_pb<=0.15_bw40_none_h3_mid1_s0.1,mean_rev,1.0,2,690,53.47826086956522,0.8479034618765283,0.8333323150052196,574.6740929810632,51.560693641618506,-46.46017505520504,89,-0.42,-0.44,3.4,43.8,23.39,-31.36,3
FMR_mfi6<25_pb<=0.0_squeeze_none_h3_mid1_s0.1,mean_rev,1.0,2,48,41.66666666666667,-1.7598506405981742,-2.103469754557902,-76.98526952014734,51.540535420927846,-43.40425732013312,88,-0.4,0.0,1.1,18.2,24.44,-18.35,1
FMR_mfi13<25_pb<=0.25_bw40_pb_up_h2_mid0_s0.1,mean_rev,0.93,1,58,41.37931034482759,-2.1420062176749846,-0.4784763845916695,-77.49405281840467,17.7461156449759,-27.116564417177912,87,-0.81,0.0,0.0,18.4,11.66,-16.25,0
FMR_mfi13<25_pb<=0.25_bw40_pb_up_h2_mid1_s0.1,mean_rev,0.93,1,58,41.37931034482759,-2.1420062176749846,-0.4784763845916695,-77.49405281840467,17.7461156449759,-27.116564417177912,87,-0.81,0.0,0.0,18.4,11.66,-16.25,0
FMR_mfi13<30_pb<=0.25_bw40_pb_up_h2_mid0_s0.1,mean_rev,0.9,2,105,42.857142857142854,-1.2175314176639438,-0.44543429844098315,-81.84923678776377,35.78430815533644,-27.116564417177912,87,-0.76,0.0,0.0,26.4,9.93,-21.29,0
FMR_mfi13<30_pb<=0.25_bw40_pb_up_h2_mid1_s0.1,mean_rev,0.9,2,105,42.857142857142854,-1.2175314176639438,-0.44543429844098315,-81.84923678776377,35.78430815533644,-27.116564417177912,87,-0.76,0.0,0.0,26.4,9.93,-21.29,0
FWALK_mfi6>=60_pb>=0.7_mup0_h4,band_walk,0.9,2,3458,46.32735685367264,2.294378118434214,-0.8762843586810565,2.0203681697529132e+20,100.0,-50.0,91,0.74,-1.53,5.5,46.2,36.87,-26.26,5
FMR_mfi13<30_pb<=0.25_bw40_pb_up_h2_mid1_s0.07,mean_rev,0.87,2,105,42.857142857142854,-1.261696526025619,-0.44543429844098315,-82.7685611495502,35.78430815533644,-27.116564417177912,87,-0.78,0.0,0.0,26.4,9.93,-21.29,0
FMR_mfi13<30_pb<=0.25_bw40_pb_up_h2_mid0_s0.07,mean_rev,0.87,2,105,42.857142857142854,-1.261696526025619,-0.44543429844098315,-82.7685611495502,35.78430815533644,-27.116564417177912,87,-0.78,0.0,0.0,26.4,9.93,-21.29,0
FMR_mfi13<25_pb<=0.25_bw40_pb_up_h2_mid0_s0.07,mean_rev,0.87,1,58,41.37931034482759,-2.2219602931573275,-0.4784763845916695,-78.63396441810924,17.7461156449759,-27.116564417177912,87,-0.86,0.0,0.0,18.4,11.66,-16.25,0
FMR_mfi13<25_pb<=0.25_bw40_pb_up_h2_mid1_s0.07,mean_rev,0.87,1,58,41.37931034482759,-2.2219602931573275,-0.4784763845916695,-78.63396441810924,17.7461156449759,-27.116564417177912,87,-0.86,0.0,0.0,18.4,11.66,-16.25,0
FMR_mfi13<25_pb<=0.15_squeeze_none_h2_mid0_s0.07,mean_rev,0.82,2,52,36.53846153846153,-0.8877060855204288,-0.8406753962323821,-51.337465310937304,26.46370309298156,-38.34115646730751,82,-0.3,0.0,0.0,23.2,18.9,-20.32,0
FMR_mfi13<25_pb<=0.15_squeeze_none_h2_mid1_s0.07,mean_rev,0.82,2,52,36.53846153846153,-0.8877060855204288,-0.8406753962323821,-51.337465310937304,26.46370309298156,-38.34115646730751,82,-0.3,0.0,0.0,23.2,18.9,-20.32,0
FMR_mfi6<25_pb<=0.15_squeeze_none_h4_mid0_s0.1,mean_rev,0.72,2,202,47.524752475247524,0.8669332883045692,-0.5002270919929885,-58.85245999261093,72.84974684373167,-44.254834738700566,90,0.08,0.0,3.3,38.9,24.45,-35.34,3
FMR_mfi6<30_pb<=0.0_squeeze_none_h3_mid1_s0.1,mean_rev,0.68,2,58,44.827586206896555,-0.8461052608904993,-0.9166380396198326,-68.65799116648434,51.540535420927846,-43.40425732013312,88,-0.25,0.0,1.1,21.6,24.44,-23.85,1
FMR_mfi6<30_pb<=0.15_bw40_none_h3_mid1_s0.1,mean_rev,0.68,2,1017,54.670599803343165,1.290886662701451,0.9445141475172392,70356.5586686887,100.0,-50.0,89,-0.38,-0.14,1.1,48.3,28.98,-38.94,1
FMR_mfi6<30_pb<=0.0_squeeze_none_h4_mid1_s0.07,mean_rev,0.67,2,57,47.368421052631575,-2.2245097054191763,-0.12092459593594507,-84.49614498951308,32.17665615141956,-43.40425732013312,88,-0.71,0.0,0.0,25.0,19.56,-23.85,0
FMR_mfi14<20_pb<=0.25_none_pb_up_h2_mid0_s0.1,mean_rev,0.67,1,374,53.475935828877006,0.7169504209277903,0.7215560638461627,79.55249290363524,56.00882028665932,-50.0,90,0.14,0.0,2.2,41.1,55.5,-39.43,2
FWALK_mfi14>=55_pb>=0.8_mup0_h4,band_walk,0.67,2,3113,46.418246064889175,2.581271456911683,-0.7824726134585291,1.5106321986223984e+21,100.0,-50.0,91,0.45,-0.27,7.7,48.4,31.99,-39.4,7
FMR_mfi14<20_pb<=0.25_none_pb_up_h2_mid1_s0.1,mean_rev,0.67,1,374,53.475935828877006,0.7169504209277903,0.7215560638461627,79.55249290363524,56.00882028665932,-50.0,90,0.14,0.0,2.2,41.1,55.5,-39.43,2
FMR_mfi6<25_pb<=0.15_squeeze_none_h4_mid1_s0.1,mean_rev,0.59,2,202,50.495049504950494,0.048537716799918904,0.11547281344610472,-87.56009047072885,72.84974684373167,-44.254834738700566,90,-0.32,0.0,1.1,40.0,34.41,-35.34,1
FMR_mfi13<30_pb<=0.15_bw40_pb_up_h2_mid0_s0.1,mean_rev,0.57,1,42,38.095238095238095,-1.0285989500710064,-0.7396614341142305,-48.47968382013549,35.78430815533644,-26.192619261926197,86,-0.03,0.0,1.2,8.1,35.78,-16.24,1
FMR_mfi13<30_pb<=0.15_bw40_pb_up_h2_mid1_s0.07,mean_rev,0.57,1,42,38.095238095238095,-1.0285989500710064,-0.7396614341142305,-48.47968382013549,35.78430815533644,-26.192619261926197,86,-0.03,0.0,1.2,8.1,35.78,-16.24,1
FMR_mfi13<30_pb<=0.15_bw40_pb_up_h2_mid1_s0.1,mean_rev,0.57,1,42,38.095238095238095,-1.0285989500710064,-0.7396614341142305,-48.47968382013549,35.78430815533644,-26.192619261926197,86,-0.03,0.0,1.2,8.1,35.78,-16.24,1
FMR_mfi13<30_pb<=0.15_bw40_pb_up_h2_mid0_s0.07,mean_rev,0.57,1,42,38.095238095238095,-1.0285989500710064,-0.7396614341142305,-48.47968382013549,35.78430815533644,-26.192619261926197,86,-0.03,0.0,1.2,8.1,35.78,-16.24,1
FMR_mfi6<30_pb<=0.0_squeeze_none_h3_mid0_s0.07,mean_rev,0.55,2,58,44.827586206896555,-1.8498538632973085,-1.0202689372978802,-80.46216087560866,26.46370309298156,-43.40425732013312,88,-0.64,0.0,0.0,25.0,11.25,-23.85,0
FMR_mfi13<30_pb<=0.25_bw40_both_h2_mid1_s0.1,mean_rev,0.47,1,76,36.84210526315789,-2.356287157448514,-1.7976770751053806,-87.83320079989775,22.264608055486,-27.116564417177912,87,-0.98,0.0,1.1,19.5,22.26,-16.24,1
FWALK_mfi6>=55_pb>=0.8_mup0_h4,band_walk,0.47,2,3215,47.12286158631415,2.572383295909487,-0.6472451268444868,2.622209844316606e+22,100.0,-50.0,91,-0.69,-1.12,3.3,44.0,56.97,-23.15,3
FMR_mfi13<30_pb<=0.25_bw40_both_h2_mid0_s0.1,mean_rev,0.47,1,76,36.84210526315789,-2.356287157448514,-1.7976770751053806,-87.83320079989775,22.264608055486,-27.116564417177912,87,-0.98,0.0,1.1,19.5,22.26,-16.24,1
FMR_mfi13<25_pb<=0.25_bw40_none_h3_mid0_s0.07,mean_rev,0.45,1,264,51.13636363636363,0.8503455893354486,0.293754046096395,51.910992672149824,61.36919315403424,-50.0,87,-0.63,0.0,2.3,36.8,32.58,-32.8,2
FMR_mfi13<30_pb<=0.25_bw40_both_h2_mid0_s0.07,mean_rev,0.41,1,76,36.84210526315789,-2.417304741369249,-1.7976770751053806,-88.44944127302988,22.264608055486,-27.116564417177912,87,-1.03,0.0,1.1,19.5,22.26,-16.24,1
FMR_mfi6<25_pb<=0.0_squeeze_none_h4_mid0_s0.07,mean_rev,0.41,2,47,42.5531914893617,-2.473580970697448,-0.9389671361502372,-82.0558338063473,32.17665615141956,-43.40425732013312,88,-0.6,0.0,0.0,22.7,14.71,-22.72,0
FMR_mfi13<30_pb<=0.25_bw40_both_h2_mid1_s0.07,mean_rev,0.41,1,76,36.84210526315789,-2.417304741369249,-1.7976770751053806,-88.44944127302988,22.264608055486,-27.116564417177912,87,-1.03,0.0,1.1,19.5,22.26,-16.24,1
FMR_mfi13<25_pb<=0.25_bw40_none_h3_mid0_s0.1,mean_rev,0.31,1,264,51.515151515151516,0.6991352705213769,0.3251256578780781,-5.036503043100438,61.36919315403424,-50.0,87,-0.78,0.0,2.3,36.8,32.58,-32.8,2
FMR_mfi6<25_pb<=0.0_squeeze_none_h2_mid0_s0.1,mean_rev,0.11,2,48,35.41666666666667,-1.0649962448098536,-2.0649351414514907,-60.02125137700014,51.540535420927846,-25.252545803898364,88,-0.36,0.0,1.1,15.9,24.44,-19.41,1
FMR_mfi6<25_pb<=0.0_squeeze_none_h2_mid1_s0.1,mean_rev,0.11,2,48,35.41666666666667,-1.0649962448098536,-2.0649351414514907,-60.02125137700014,51.540535420927846,-25.252545803898364,88,-0.36,0.0,1.1,15.9,24.44,-19.41,1
FMR_mfi6<25_pb<=0.0_squeeze_none_h4_mid1_s0.07,mean_rev,-0.01,2,47,42.5531914893617,-3.188692102885947,-0.9389671361502372,-86.89562941490698,32.17665615141956,-43.40425732013312,88,-0.77,0.0,0.0,20.5,16.81,-22.72,0
FMR_mfi6<30_pb<=0.0_squeeze_none_h3_mid1_s0.07,mean_rev,-0.09,2,58,43.103448275862064,-2.004534780907192,-1.0202689372978802,-82.23018997442598,26.46370309298156,-43.40425732013312,88,-0.68,0.0,0.0,20.5,19.56,-23.85,0
FMR_mfi6<25_pb<=0.0_squeeze_none_h3_mid0_s0.07,mean_rev,-0.42,2,48,41.66666666666667,-2.886925421278952,-2.103469754557902,-85.16403052436769,26.46370309298156,-43.40425732013312,88,-0.95,0.0,0.0,19.3,10.38,-22.72,0
FWALK_mfi14>=60_pb>=0.7_mup0_h4,band_walk,-0.45,2,3217,46.502953061858875,2.5370300974617717,-0.8021390374331583,1.9291501143873613e+21,100.0,-50.0,91,-0.44,-0.58,3.3,46.2,40.76,-35.51,3
FMR_mfi13<25_pb<=0.25_bw40_both_h2_mid0_s0.1,mean_rev,-0.5,2,43,37.2093023255814,-2.7480674879796005,-1.6977888681703468,-75.45610619155353,17.7461156449759,-27.116564417177912,87,-0.42,0.0,0.0,13.8,12.57,-21.77,0
FMR_mfi13<25_pb<=0.25_bw40_both_h2_mid1_s0.1,mean_rev,-0.5,2,43,37.2093023255814,-2.7480674879796005,-1.6977888681703468,-75.45610619155353,17.7461156449759,-27.116564417177912,87,-0.42,0.0,0.0,13.8,12.57,-21.77,0
FMR_mfi13<25_pb<=0.25_bw40_both_h2_mid0_s0.07,mean_rev,-0.53,2,43,37.2093023255814,-2.855912520025552,-1.6977888681703468,-76.69923846358893,17.7461156449759,-27.116564417177912,87,-0.44,0.0,0.0,13.8,12.57,-21.77,0
FMR_mfi13<25_pb<=0.25_bw40_both_h2_mid1_s0.07,mean_rev,-0.53,2,43,37.2093023255814,-2.855912520025552,-1.6977888681703468,-76.69923846358893,17.7461156449759,-27.116564417177912,87,-0.44,0.0,0.0,13.8,12.57,-21.77,0
FMR_mfi6<25_pb<=0.0_squeeze_none_h2_mid0_s0.07,mean_rev,-0.61,2,48,33.33333333333333,-2.4878565746963286,-2.5930242245667037,-78.03913955600078,26.46370309298156,-25.252545803898364,88,-0.73,0.0,0.0,14.8,10.38,-19.41,0
FMR_mfi6<25_pb<=0.0_squeeze_none_h2_mid1_s0.07,mean_rev,-0.61,2,48,33.33333333333333,-2.4878565746963286,-2.5930242245667037,-78.03913955600078,26.46370309298156,-25.252545803898364,88,-0.73,0.0,0.0,14.8,10.38,-19.41,0
FMR_mfi6<25_pb<=0.0_squeeze_none_h3_mid1_s0.07,mean_rev,-0.91,2,48,39.58333333333333,-3.159619643951677,-2.676652623093212,-86.95146215454321,26.46370309298156,-43.40425732013312,88,-1.03,0.0,0.0,17.0,10.38,-22.72,0
FWALK_mfi14>=60_pb>=0.8_mup0_h4,band_walk,-1.81,2,2929,46.637077500853536,2.6837268005897754,-0.7824726134585291,1.0460823292348768e+21,100.0,-50.0,91,-0.78,-0.67,4.4,46.2,34.74,-39.42,4
FMR_mfi6<25_pb<=0.25_none_both_h4_mid1_s0.07,mean_rev,-21.96,1,318,63.20754716981132,3.212880853480435,2.7735591788613956,187091.06365777517,81.3989239046887,-50.0,90,3.21,1.71,3.3,52.2,81.4,-47.55,3
FWALK_mfi14>=60_pb>=0.8_mup1_h2,band_walk,-23.2,2,2782,49.137311286843996,1.8572273702937858,-0.13063479654524812,1290773004341806.5,100.0,-50.0,91,3.15,1.38,8.8,52.7,110.7,-44.68,8
FMR_mfi13<25_pb<=0.25_none_both_h4_mid0_s0.07,mean_rev,-23.34,2,533,54.59662288930581,3.054159067491562,1.3792890308324424,6509199.653421792,82.85715320393561,-50.0,90,1.63,1.52,2.2,58.9,26.25,-42.98,2
FSQ_mfi14>=45_brk0_mup0_h2_s0.12,squeeze_break,-23.45,2,1982,48.33501513622603,1.3733561944791375,-0.29239825055693003,89376343.48021467,100.0,-50.0,90,2.74,1.01,10.0,55.6,44.35,-40.91,9
FMR_mfi6<25_pb<=0.15_none_pb_up_h4_mid1_s0.07,mean_rev,-23.7,1,499,62.525050100200396,3.341877740007758,2.7072849878734484,35314885.367940396,81.3989239046887,-50.0,90,1.28,1.24,4.4,54.4,36.2,-40.81,4
FMR_mfi13<25_pb<=0.25_none_both_h4_mid1_s0.07,mean_rev,-23.89,2,533,58.91181988742964,2.6045516949080203,2.1212121988138266,1311004.5943354496,81.3989239046887,-50.0,90,1.71,1.1,4.4,56.7,36.13,-42.6,4
FMR_mfi6<25_pb<=0.15_none_both_h4_mid0_s0.07,mean_rev,-24.01,1,216,64.35185185185185,5.325382131346024,3.4033167763159344,809573.0512106464,81.3989239046887,-50.0,90,2.6,0.5,3.3,51.1,81.4,-41.96,3
FMR_mfi13<25_pb<=0.25_none_both_h3_mid0_s0.07,mean_rev,-24.32,2,533,54.78424015009381,2.58713864007609,1.4563165794116317,1088964.4429451607,81.3989239046887,-50.0,90,1.88,1.04,3.3,55.6,39.57,-42.98,3
FMR_mfi13<20_pb<=0.0_none_none_h4_mid0_s0.07,mean_rev,-24.34,1,236,56.355932203389834,1.3705402830507918,1.7706247754119775,-75.01526803072449,99.33862433862434,-50.0,90,3.92,0.1,7.8,50.0,99.34,-43.76,7
FMR_mfi13<20_pb<=0.0_none_none_h4_mid0_s0.1,mean_rev,-24.46,1,236,56.355932203389834,1.2678266621877432,1.9385508837823973,-81.41290225303544,99.33862433862434,-50.0,90,3.82,0.1,7.8,50.0,99.34,-43.76,7
FWALK_mfi14>=60_pb>=0.85_mup0_h2,band_walk,-24.5,2,3015,48.92205638474295,1.9260456824941117,-0.16759776536312554,1.1250097281413854e+17,100.0,-50.0,91,3.04,0.71,12.1,54.9,60.61,-44.85,11
FMR_mfi6<20_pb<=0.25_none_pb_up_h4_mid1_s0.07,mean_rev,-24.62,2,590,60.33898305084746,2.1570626786873084,2.1141803277334947,620327.5614108462,100.0,-50.0,90,1.19,1.27,1.1,53.3,24.83,-43.75,1
FMR_mfi6<30_pb<=0.15_none_both_h4_mid1_s0.07,mean_rev,-24.85,1,293,65.8703071672355,4.385743074404579,3.4261278680641327,2423818.2521223803,81.3989239046887,-50.0,90,3.19,0.0,4.4,48.9,81.4,-44.21,4
FMR_mfi6<25_pb<=0.15_none_both_h4_mid1_s0.07,mean_rev,-24.95,1,216,66.20370370370371,4.567014321481046,3.6302612269948686,228044.78507237695,81.3989239046887,-50.0,90,2.9,0.0,3.3,46.7,81.4,-41.96,3
FSQ_mfi14>=55_brk0_mup0_h2_s0.12,squeeze_break,-25.09,2,1839,48.12398042414356,1.4050337831100832,-0.33257811666538295,48365194.13050356,100.0,-50.0,90,2.43,0.49,8.9,55.6,40.16,-42.0,8
FMR_mfi14<20_pb<=0.25_none_both_h4_mid0_s0.07,mean_rev,-25.21,2,267,51.68539325842697,2.0984557793904446,1.0195412064570863,1732.4260522056456,80.9123649459784,-50.0,90,1.46,0.87,2.2,57.8,38.73,-43.07,2
FWALK_mfi14>=55_pb>=0.7_mup0_h4,band_walk,-25.23,2,3424,46.58294392523364,2.5079405361099916,-0.7394823416879082,2.4197491274185395e+22,100.0,-50.0,91,1.22,1.2,4.4,52.7,42.85,-40.46,4
FMR_mfi13<25_pb<=0.25_none_both_h3_mid1_s0.07,mean_rev,-25.34,2,533,56.47279549718574,2.3528978960881335,1.6417878897541094,396391.3713800509,81.3989239046887,-50.0,90,1.65,0.62,4.4,54.4,39.75,-42.6,4
FMR_mfi13<20_pb<=0.25_none_both_h4_mid1_s0.1,mean_rev,-25.4,2,318,59.43396226415094,2.479613371426532,2.1411213535357243,14699.46685940947,80.9123649459784,-50.0,90,1.39,0.77,3.3,52.2,27.57,-42.9,3
FMR_mfi6<30_pb<=0.15_none_both_h4_mid0_s0.07,mean_rev,-25.43,1,293,63.13993174061433,5.096503941835534,3.253549900730568,11586423.32382001,82.85715320393561,-50.0,90,3.01,0.0,5.6,48.9,81.4,-44.93,5
FMR_mfi13<30_pb<=0.25_none_both_h2_mid1_s0.07,mean_rev,-25.59,2,753,54.448871181938905,1.2341510774618123,0.7530165525849952,7825.901263177331,81.3989239046887,-50.0,90,1.23,0.93,5.6,56.7,64.48,-44.76,5
FMR_mfi13<30_pb<=0.25_none_both_h2_mid0_s0.07,mean_rev,-25.59,2,753,54.448871181938905,1.2341510774618123,0.7530165525849952,7825.901263177331,81.3989239046887,-50.0,90,1.23,0.93,5.6,56.7,64.48,-44.76,5
FMR_mfi14<25_pb<=0.25_none_both_h2_mid0_s0.1,mean_rev,-25.63,1,446,54.7085201793722,1.2458028072316556,0.7938730824143314,1373.806795445246,81.3989239046887,-50.0,90,1.91,0.45,4.4,52.2,81.4,-42.1,4
FMR_mfi14<25_pb<=0.25_none_both_h2_mid1_s0.1,mean_rev,-25.63,1,446,54.7085201793722,1.2458028072316556,0.7938730824143314,1373.806795445246,81.3989239046887,-50.0,90,1.91,0.45,4.4,52.2,81.4,-42.1,4
FMR_mfi6<20_pb<=0.25_none_pb_up_h4_mid1_s0.1,mean_rev,-26.0,2,586,61.262798634812285,2.241735758590246,2.193637416890659,677317.4100155234,100.0,-50.0,90,0.57,0.97,1.1,52.2,24.83,-43.75,1
FMR_mfi6<25_pb<=0.25_none_both_h4_mid0_s0.07,mean_rev,-26.03,1,318,61.32075471698113,3.796364058456688,2.852536763548541,744278.5780348171,81.3989239046887,-50.0,91,2.18,0.55,2.2,50.5,81.4,-48.53,2
FMR_mfi6<30_pb<=0.15_none_both_h3_mid1_s0.07,mean_rev,-26.19,1,293,63.48122866894198,3.881293648844266,2.99516777646347,599664.7980980973,81.3989239046887,-50.0,90,2.51,0.0,5.6,45.6,81.4,-44.21,5
FMR_mfi6<30_pb<=0.15_none_both_h2_mid1_s0.1,mean_rev,-26.29,1,293,61.774744027303754,3.0695411173243863,2.4316109422492405,86039.64694426133,81.3989239046887,-50.0,89,2.5,0.0,5.6,46.1,81.4,-44.21,5
FMR_mfi6<30_pb<=0.15_none_both_h2_mid1_s0.07,mean_rev,-26.29,1,293,61.774744027303754,3.07838685731871,2.4316109422492405,88418.65633383793,81.3989239046887,-50.0,89,2.5,0.0,5.6,46.1,81.4,-44.21,5
FMR_mfi6<30_pb<=0.15_none_both_h2_mid0_s0.07,mean_rev,-26.29,1,293,61.774744027303754,3.07838685731871,2.4316109422492405,88418.65633383793,81.3989239046887,-50.0,89,2.5,0.0,5.6,46.1,81.4,-44.21,5
FMR_mfi6<30_pb<=0.15_none_both_h2_mid0_s0.1,mean_rev,-26.29,1,293,61.774744027303754,3.0695411173243863,2.4316109422492405,86039.64694426133,81.3989239046887,-50.0,89,2.5,0.0,5.6,46.1,81.4,-44.21,5
FMR_mfi6<25_pb<=0.15_none_both_h4_mid0_s0.1,mean_rev,-26.4,2,214,64.95327102803739,4.981176985940465,3.6102912132575327,415609.5979603243,50.89163237311385,-50.0,90,0.86,0.34,0.0,51.1,17.24,-42.1,0
FMR_mfi6<25_pb<=0.25_none_both_h2_mid1_s0.1,mean_rev,-26.49,1,318,58.17610062893082,1.759280591973069,1.765946135101426,3213.812832855917,81.3989239046887,-50.0,90,1.56,0.58,2.2,53.3,81.4,-47.55,2
FMR_mfi14<20_pb<=0.25_none_both_h4_mid1_s0.07,mean_rev,-26.49,1,267,57.67790262172284,1.5806113466167435,2.134127134766195,584.5810633406638,80.9123649459784,-50.0,90,2.37,0.0,6.7,48.9,80.91,-44.21,6
FMR_mfi6<25_pb<=0.25_none_both_h2_mid0_s0.1,mean_rev,-26.49,1,318,58.17610062893082,1.759280591973069,1.765946135101426,3213.812832855917,81.3989239046887,-50.0,90,1.56,0.58,2.2,53.3,81.4,-47.55,2
FMR_mfi13<25_pb<=0.25_none_pb_up_h2_mid0_s0.1,mean_rev,-26.5,2,716,54.05027932960894,1.2490019689406129,0.9213089320872725,13151.907009317396,100.0,-50.0,90,1.18,0.56,4.4,52.2,25.94,-42.91,4
FMR_mfi13<25_pb<=0.25_none_pb_up_h2_mid1_s0.1,mean_rev,-26.5,2,716,54.05027932960894,1.2490019689406129,0.9213089320872725,13151.907009317396,100.0,-50.0,90,1.18,0.56,4.4,52.2,25.94,-42.91,4
FMR_mfi6<25_pb<=0.25_none_both_h2_mid0_s0.07,mean_rev,-26.55,1,318,58.17610062893082,1.7400707304656218,1.765946135101426,2987.3775646149797,81.3989239046887,-50.0,90,1.51,0.58,2.2,53.3,81.4,-47.55,2
FMR_mfi13<20_pb<=0.25_none_pb_up_h4_mid0_s0.07,mean_rev,-26.55,2,450,54.44444444444444,2.9417596609317798,1.2204419980621828,964407.1223608924,100.0,-50.0,90,1.72,0.43,3.3,51.1,39.95,-44.69,3
FMR_mfi6<25_pb<=0.25_none_both_h2_mid1_s0.07,mean_rev,-26.55,1,318,58.17610062893082,1.7400707304656218,1.765946135101426,2987.3775646149797,81.3989239046887,-50.0,90,1.51,0.58,2.2,53.3,81.4,-47.55,2
FMR_mfi13<25_pb<=0.15_none_both_h3_mid0_s0.07,mean_rev,-26.6,1,255,57.25490196078431,3.8552695573088256,2.076121351555238,118399.39905213736,81.3989239046887,-50.0,88,2.14,0.0,5.7,43.2,81.4,-40.32,5
FMR_mfi13<20_pb<=0.25_none_pb_up_h4_mid1_s0.07,mean_rev,-26.61,1,450,57.99999999999999,2.5016203710760356,1.886153252504863,193820.37540855637,100.0,-50.0,90,1.98,0.0,3.3,46.7,55.5,-41.5,3
FMR_mfi6<30_pb<=0.15_none_pb_up_h3_mid0_s0.1,mean_rev,-26.61,2,603,58.872305140961856,2.8825535257931336,1.994275060334827,34106587.545791976,69.70297542711185,-50.0,89,0.98,0.45,3.4,52.8,62.48,-43.38,3
FMR_mfi6<30_pb<=0.15_none_pb_up_h3_mid1_s0.1,mean_rev,-26.65,1,603,60.53067993366501,2.8977480934773383,2.134127134766195,47010753.43084427,55.04762970081234,-50.0,89,1.83,0.0,6.7,46.1,48.79,-41.48,6
FMR_mfi13<25_pb<=0.25_none_both_h2_mid0_s0.1,mean_rev,-26.65,2,533,54.59662288930581,1.0866846037166187,0.7388870187751362,1068.2447969635068,81.3989239046887,-50.0,90,1.37,0.48,4.4,52.2,35.99,-44.22,4
FMR_mfi13<25_pb<=0.25_none_both_h2_mid1_s0.1,mean_rev,-26.65,2,533,54.59662288930581,1.0866846037166187,0.7388870187751362,1068.2447969635068,81.3989239046887,-50.0,90,1.37,0.48,4.4,52.2,35.99,-44.22,4
FMR_mfi14<25_pb<=0.25_none_pb_up_h2_mid1_s0.07,mean_rev,-26.69,1,621,54.589371980676326,1.2817714817329522,0.83159888870179,7391.109079171598,100.0,-50.0,90,1.03,0.95,2.2,55.6,26.6,-48.76,2
FMR_mfi14<25_pb<=0.25_none_pb_up_h2_mid0_s0.07,mean_rev,-26.69,1,621,54.589371980676326,1.2817714817329522,0.83159888870179,7391.109079171598,100.0,-50.0,90,1.03,0.95,2.2,55.6,26.6,-48.76,2
FMR_mfi13<20_pb<=0.25_none_both_h3_mid1_s0.1,mean_rev,-26.71,2,318,56.60377358490566,2.184394805906018,1.5813561829932654,6319.429885786313,80.9123649459784,-50.0,90,1.45,0.3,3.3,50.0,26.25,-42.9,3
FMR_mfi6<25_pb<=0.15_none_both_h4_mid1_s0.1,mean_rev,-26.75,2,214,66.82242990654206,4.241179887183751,3.671994654534605,123570.47453606986,50.0,-50.0,90,1.19,0.0,0.0,46.7,13.7,-40.98,0
FMR_mfi14<20_pb<=0.25_none_both_h3_mid1_s0.07,mean_rev,-26.76,1,267,56.17977528089888,1.4547521741425504,1.7964066642415233,422.63392399623444,80.9123649459784,-50.0,90,2.25,0.0,6.7,48.9,80.91,-44.21,6
FMR_mfi13<25_pb<=0.25_none_both_h2_mid0_s0.07,mean_rev,-26.84,2,534,54.68164794007491,1.0764406495699979,0.7475171474510045,892.8268779344055,81.3989239046887,-50.0,90,1.21,0.6,4.4,52.2,35.99,-45.41,4
FMR_mfi13<25_pb<=0.25_none_both_h2_mid1_s0.07,mean_rev,-26.84,2,534,54.68164794007491,1.0764406495699979,0.7475171474510045,892.8268779344055,81.3989239046887,-50.0,90,1.21,0.6,4.4,52.2,35.99,-45.41,4
FMR_mfi6<30_pb<=0.15_none_both_h3_mid0_s0.07,mean_rev,-26.84,1,293,62.116040955631405,4.052721457566517,2.912613263590491,829733.9237417108,81.3989239046887,-50.0,90,2.18,0.0,6.7,45.6,81.4,-44.93,6
FMR_mfi13<20_pb<=0.25_none_pb_up_h2_mid1_s0.07,mean_rev,-26.88,1,452,53.76106194690266,1.1240900719827025,0.5295129833722712,834.2235064553025,100.0,-50.0,90,2.4,0.0,5.6,47.8,55.5,-44.21,5
FMR_mfi13<20_pb<=0.25_none_pb_up_h2_mid0_s0.07,mean_rev,-26.88,1,452,53.76106194690266,1.1240900719827025,0.5295129833722712,834.2235064553025,100.0,-50.0,90,2.4,0.0,5.6,47.8,55.5,-44.21,5
FMR_mfi6<25_pb<=0.25_none_pb_up_h3_mid0_s0.07,mean_rev,-26.9,1,753,57.104913678618864,2.1649279099286405,1.7681699112002347,5997490.089175886,100.0,-50.0,90,1.59,0.0,6.7,46.7,60.59,-40.24,6
FMR_mfi13<25_pb<=0.15_none_both_h4_mid1_s0.1,mean_rev,-26.94,1,252,63.095238095238095,3.8995186414172456,2.786901376826978,164159.0290591618,80.9123649459784,-50.0,88,1.87,0.0,3.4,43.2,56.01,-42.78,3
FMR_mfi6<25_pb<=0.25_none_pb_up_h4_mid1_s0.07,mean_rev,-26.94,1,748,60.42780748663101,2.402813503751041,2.193637416890659,31128977.64743021,100.0,-50.0,90,0.89,0.4,3.3,53.3,53.11,-44.86,3
FMR_mfi13<20_pb<=0.25_none_both_h4_mid0_s0.1,mean_rev,-26.98,2,318,55.34591194968554,2.960581926444379,1.8378532559378935,49666.21606921606,80.9123649459784,-50.0,90,1.16,0.36,2.2,53.3,27.57,-44.24,2
FMR_mfi6<25_pb<=0.15_none_both_h3_mid0_s0.07,mean_rev,-27.0,1,216,61.57407407407407,4.115594890256187,2.6587930503030988,80532.74853349442,81.3989239046887,-50.0,90,1.69,0.0,2.2,44.4,81.4,-41.96,2
FMR_mfi13<25_pb<=0.15_none_both_h4_mid0_s0.07,mean_rev,-27.08,1,255,58.03921568627452,4.633049664671355,2.553763440860224,611712.3023821606,82.85715320393561,-50.0,88,1.89,0.0,5.7,42.0,81.4,-40.98,5
FMR_mfi13<20_pb<=0.25_none_both_h3_mid0_s0.1,mean_rev,-27.1,2,318,55.0314465408805,2.3243786173271586,1.446057774765197,9149.096995839935,80.9123649459784,-50.0,90,1.41,0.3,2.2,50.0,26.86,-43.98,2
FMR_mfi14<20_pb<=0.25_none_both_h4_mid1_s0.1,mean_rev,-27.21,1,266,59.3984962406015,1.6360991589089868,2.2579988217386493,731.401903537334,80.9123649459784,-50.0,90,1.95,0.17,5.6,51.1,80.91,-48.76,5
FMR_mfi14<20_pb<=0.25_none_both_h2_mid0_s0.07,mean_rev,-27.22,1,267,53.93258426966292,0.5459270831192967,0.7042251089171891,-43.95316570155471,56.00882028665932,-50.0,90,1.89,0.02,5.6,50.0,55.5,-44.21,5
FMR_mfi14<20_pb<=0.25_none_both_h3_mid0_s0.07,mean_rev,-27.22,1,267,53.93258426966292,1.526649724887525,1.449274966058245,468.0151547218565,80.9123649459784,-50.0,90,2.41,0.0,7.8,45.6,80.91,-44.93,7
FMR_mfi14<20_pb<=0.25_none_both_h2_mid1_s0.07,mean_rev,-27.22,1,267,53.93258426966292,0.5459270831192967,0.7042251089171891,-43.95316570155471,56.00882028665932,-50.0,90,1.89,0.02,5.6,50.0,55.5,-44.21,5
FMR_mfi6<25_pb<=0.15_none_both_h3_mid1_s0.07,mean_rev,-27.22,1,216,62.5,3.8916276289905403,2.8588607300378266,57797.15600554975,81.3989239046887,-50.0,90,1.81,0.0,2.2,40.0,81.4,-41.96,2
FMR_mfi13<25_pb<=0.25_none_both_h3_mid1_s0.1,mean_rev,-27.25,2,530,57.16981132075472,2.268894467349417,1.8597408555629413,281617.5360047149,80.9123649459784,-50.0,90,1.53,0.0,5.6,48.9,44.39,-42.74,5
FMR_mfi6<20_pb<=0.25_none_pb_up_h3_mid1_s0.07,mean_rev,-27.31,1,593,57.84148397976391,1.9039328765487666,1.7796540282976503,187444.02433222538,100.0,-50.0,90,0.99,0.58,2.2,53.3,36.2,-48.08,2
FMR_mfi6<25_pb<=0.25_none_both_h3_mid1_s0.07,mean_rev,-27.33,1,318,60.691823899371066,2.7640841378701517,2.25328169679333,49795.712175425375,81.3989239046887,-50.0,90,1.94,0.0,2.2,50.0,81.4,-47.55,2
FMR_mfi14<25_pb<=0.25_none_both_h2_mid1_s0.07,mean_rev,-27.41,2,447,54.80984340044742,1.233209094216419,0.83159888870179,1152.5071827442716,81.3989239046887,-50.0,90,1.22,0.22,3.3,52.2,35.99,-44.59,3
FMR_mfi14<25_pb<=0.25_none_both_h2_mid0_s0.07,mean_rev,-27.41,2,447,54.80984340044742,1.233209094216419,0.83159888870179,1152.5071827442716,81.3989239046887,-50.0,90,1.22,0.22,3.3,52.2,35.99,-44.59,3
FMR_mfi14<20_pb<=0.25_none_both_h3_mid1_s0.1,mean_rev,-27.45,1,266,57.14285714285714,1.494498193979193,1.8597408555629413,521.6774191038571,80.9123649459784,-50.0,90,2.02,0.1,5.6,51.1,80.91,-48.76,5
FMR_mfi13<25_pb<=0.15_none_pb_up_h4_mid1_s0.07,mean_rev,-27.46,2,407,60.93366093366094,3.4565350541323543,2.4316109422492405,3778000.1528948713,81.3989239046887,-50.0,89,1.61,0.0,3.4,47.2,61.42,-44.91,3
FMR_mfi13<20_pb<=0.25_none_pb_up_h2_mid1_s0.1,mean_rev,-27.5,1,451,53.65853658536586,1.1221664256666415,0.5110770188517355,921.2879759532186,100.0,-50.0,90,1.9,0.0,5.6,47.8,55.5,-44.27,5
FMR_mfi13<20_pb<=0.25_none_pb_up_h2_mid0_s0.1,mean_rev,-27.5,1,451,53.65853658536586,1.1221664256666415,0.5110770188517355,921.2879759532186,100.0,-50.0,90,1.9,0.0,5.6,47.8,55.5,-44.27,5
FWALK_mfi6>=55_pb>=0.7_mup1_h4,band_walk,-27.56,2,3136,46.39668367346938,2.447075204047103,-0.8532865401135181,1.299143840897915e+20,100.0,-50.0,91,1.18,0.16,7.7,52.7,27.95,-41.37,7
FMR_mfi13<25_pb<=0.15_none_both_h3_mid0_s0.1,mean_rev,-27.58,1,253,57.31225296442688,3.627169721907358,2.076121351555238,86144.08858818655,80.9123649459784,-50.0,88,1.88,0.0,4.5,46.6,56.01,-45.4,4
FMR_mfi14<20_pb<=0.25_none_both_h3_mid0_s0.1,mean_rev,-27.59,1,266,54.88721804511278,1.5371853438535859,1.4886205278220266,537.8098536758373,80.9123649459784,-50.0,90,2.17,0.1,4.4,51.1,80.91,-49.47,4
FMR_mfi14<20_pb<=0.25_none_both_h4_mid0_s0.1,mean_rev,-27.65,2,266,53.383458646616546,2.137795007104674,1.72825003335777,2053.379944070997,80.9123649459784,-50.0,90,0.47,0.66,2.2,53.3,38.73,-45.66,2
FMR_mfi13<25_pb<=0.15_none_pb_up_h3_mid0_s0.07,mean_rev,-27.72,2,408,56.61764705882353,3.169349879878082,1.8479771440134574,1260163.2522960214,81.3989239046887,-50.0,88,1.04,0.13,3.4,50.0,69.87,-43.81,3
FMR_mfi13<20_pb<=0.15_none_both_h4_mid1_s0.1,mean_rev,-27.75,1,159,61.63522012578616,3.354602561346362,2.610301112732749,4022.6835833799505,80.9123649459784,-50.0,89,1.5,0.0,2.2,38.2,56.01,-41.51,2
FMR_mfi6<25_pb<=0.25_none_pb_up_h4_mid0_s0.07,mean_rev,-27.79,2,748,58.02139037433155,2.6266989779249186,1.957759358207256,73940862.68204924,100.0,-50.0,90,1.01,0.03,3.3,50.0,30.87,-43.54,3
FWALK_mfi6>=50_pb>=0.85_mup1_h2,band_walk,-27.81,1,2928,49.1120218579235,1.8090504782367987,-0.14413378940521526,3690142456452895.5,100.0,-50.0,91,0.85,1.7,8.8,53.8,53.07,-57.7,8
FMR_mfi13<25_pb<=0.15_none_both_h2_mid0_s0.1,mean_rev,-27.83,2,254,58.661417322834644,2.320840188182911,1.68049461963371,4980.8615061023165,81.3989239046887,-50.0,88,1.42,0.0,4.5,42.0,34.65,-42.11,4
FMR_mfi13<25_pb<=0.15_none_both_h2_mid1_s0.1,mean_rev,-27.83,2,254,58.661417322834644,2.320840188182911,1.68049461963371,4980.8615061023165,81.3989239046887,-50.0,88,1.42,0.0,4.5,42.0,34.65,-42.11,4
FMR_mfi13<25_pb<=0.15_none_pb_up_h2_mid1_s0.07,mean_rev,-27.84,1,409,56.723716381418086,2.155281766907172,1.4814793440801166,50866.40897186208,81.3989239046887,-50.0,88,1.9,0.0,5.7,42.0,56.01,-44.27,5
FMR_mfi13<25_pb<=0.15_none_pb_up_h2_mid0_s0.07,mean_rev,-27.84,1,409,56.723716381418086,2.155281766907172,1.4814793440801166,50866.40897186208,81.3989239046887,-50.0,88,1.9,0.0,5.7,42.0,56.01,-44.27,5
FMR_mfi13<25_pb<=0.25_none_pb_up_h2_mid1_s0.07,mean_rev,-27.87,1,717,54.11436541143654,1.2500377466136752,0.9230746549004465,12022.186224614064,100.0,-50.0,90,2.04,0.0,6.7,44.4,74.32,-45.46,6
FMR_mfi13<25_pb<=0.25_none_pb_up_h2_mid0_s0.07,mean_rev,-27.87,1,717,54.11436541143654,1.2500377466136752,0.9230746549004465,12022.186224614064,100.0,-50.0,90,2.04,0.0,6.7,44.4,74.32,-45.46,6
FMR_mfi13<20_pb<=0.15_none_pb_up_h4_mid1_s0.1,mean_rev,-27.9,2,274,61.31386861313869,2.8807694605983687,2.344837729189131,28927.287034024324,80.9123649459784,-50.0,89,1.53,0.0,3.4,43.8,47.74,-45.11,3
FMR_mfi6<25_pb<=0.25_none_both_h3_mid0_s0.07,mean_rev,-27.92,1,318,60.37735849056604,3.0443247382812375,2.2309555738438402,99745.09227752971,81.3989239046887,-50.0,90,1.58,0.0,3.3,48.9,81.4,-47.69,3
FMR_mfi13<25_pb<=0.15_none_both_h4_mid0_s0.1,mean_rev,-27.94,2,252,59.12698412698413,4.432869555112219,2.5820322767964865,450038.3267788514,82.85715320393561,-50.0,89,1.02,0.0,2.2,49.4,28.82,-44.16,2
FMR_mfi6<20_pb<=0.15_none_pb_up_h3_mid1_s0.1,mean_rev,-27.97,2,422,59.47867298578199,2.58932071162944,2.0106510494362295,319914.13734359137,53.2258064516129,-50.0,90,0.48,0.0,1.1,48.9,26.25,-40.98,1
FMR_mfi13<25_pb<=0.25_none_pb_up_h3_mid1_s0.07,mean_rev,-28.02,1,713,56.52173913043478,2.306381489560247,1.5747982501414182,6723025.816653538,100.0,-50.0,89,0.73,0.0,5.6,46.1,47.75,-40.12,5
FMR_mfi6<25_pb<=0.15_none_both_h2_mid1_s0.07,mean_rev,-28.07,1,216,61.111111111111114,2.785209900480576,2.2727323092233576,7795.32584331844,81.3989239046887,-50.0,89,1.32,0.0,1.1,41.6,81.4,-43.5,1
FMR_mfi6<25_pb<=0.15_none_both_h2_mid0_s0.1,mean_rev,-28.07,1,216,61.111111111111114,2.7732108179882764,2.2727323092233576,7583.132673054034,81.3989239046887,-50.0,89,1.32,0.0,1.1,41.6,81.4,-43.5,1
FMR_mfi6<25_pb<=0.15_none_both_h2_mid0_s0.07,mean_rev,-28.07,1,216,61.111111111111114,2.785209900480576,2.2727323092233576,7795.32584331844,81.3989239046887,-50.0,89,1.32,0.0,1.1,41.6,81.4,-43.5,1
FMR_mfi13<25_pb<=0.15_none_pb_up_h4_mid0_s0.07,mean_rev,-28.07,2,407,56.75675675675676,3.8851952168390818,2.130156266850469,13895106.211570324,82.85715320393561,-50.0,89,1.21,0.0,2.2,49.4,61.36,-45.03,2
FMR_mfi6<25_pb<=0.15_none_both_h2_mid1_s0.1,mean_rev,-28.07,1,216,61.111111111111114,2.7732108179882764,2.2727323092233576,7583.132673054034,81.3989239046887,-50.0,89,1.32,0.0,1.1,41.6,81.4,-43.5,1
FWALK_mfi14>=50_pb>=0.8_mup0_h4,band_walk,-28.08,2,3205,46.458658346333856,2.555681961595006,-0.7448748736083588,3.785635757237887e+21,100.0,-50.0,91,1.6,-0.14,5.5,47.3,32.03,-40.84,5
FMR_mfi13<25_pb<=0.0_none_pb_up_h4_mid0_s0.1,mean_rev,-28.1,1,42,69.04761904761905,3.9686013941421447,3.5729863709930254,188.4566698665948,45.06726457399104,-50.0,76,1.49,0.0,1.3,30.3,45.07,-42.2,1
FMR_mfi13<25_pb<=0.15_none_both_h3_mid1_s0.1,mean_rev,-28.11,1,253,58.498023715415016,3.448636380721319,2.134127134766195,58146.601825400845,80.9123649459784,-50.0,88,1.76,0.0,5.7,43.2,56.01,-46.11,5
FMR_mfi13<20_pb<=0.15_none_pb_up_h4_mid0_s0.1,mean_rev,-28.13,2,274,56.56934306569343,3.3413513508430492,2.311466419920627,84980.50804394882,80.9123649459784,-50.0,89,1.46,0.0,3.4,46.1,46.56,-45.11,3
FMR_mfi13<25_pb<=0.0_none_pb_up_h4_mid0_s0.07,mean_rev,-28.16,1,42,69.04761904761905,3.863703115191071,3.5729863709930254,174.95715291381427,45.06726457399104,-50.0,76,1.44,0.0,1.3,30.3,45.07,-42.2,1
FMR_mfi13<20_pb<=0.25_none_pb_up_h4_mid1_s0.1,mean_rev,-28.17,1,449,59.68819599109132,2.594511391682343,2.1324400644945785,225915.33340684455,100.0,-50.0,90,2.06,0.0,6.7,43.3,57.81,-48.76,6
FMR_mfi6<25_pb<=0.25_none_both_h3_mid1_s0.1,mean_rev,-28.2,1,317,60.56782334384858,2.542792261369383,2.2485089952102744,28462.018890074218,50.0,-50.0,90,1.22,0.0,2.2,50.0,50.0,-47.55,2
FMR_mfi14<20_pb<=0.25_none_pb_up_h3_mid1_s0.1,mean_rev,-28.25,1,374,59.09090909090909,1.7897588913526972,1.8086804761342168,5454.190672410078,80.9123649459784,-50.0,89,0.46,0.0,4.5,44.9,55.5,-40.11,4
FMR_mfi13<25_pb<=0.25_none_both_h3_mid0_s0.1,mean_rev,-28.26,2,530,55.471698113207545,2.4827953067710755,1.5654721778907699,705784.2138020648,80.9123649459784,-50.0,90,1.14,0.0,3.3,47.8,44.22,-44.21,3
FMR_mfi13<25_pb<=0.25_none_pb_up_h4_mid1_s0.07,mean_rev,-28.36,2,712,58.56741573033708,2.566273044156676,1.9483274056312005,34283715.22618407,100.0,-50.0,90,0.79,0.0,2.2,45.6,43.18,-42.78,2
FMR_mfi6<25_pb<=0.25_none_both_h3_mid0_s0.1,mean_rev,-28.39,1,317,60.252365930599375,2.8227038166938714,2.203856749311295,56836.36018617979,50.0,-50.0,90,1.11,0.0,3.3,50.0,50.0,-47.69,3
FMR_mfi14<20_pb<=0.25_none_pb_up_h4_mid0_s0.1,mean_rev,-28.4,1,374,55.3475935828877,2.4265270270355486,1.7919777863439568,34455.82450001032,80.9123649459784,-50.0,90,0.86,0.0,3.3,45.6,55.5,-42.1,3
FMR_mfi13<20_pb<=0.15_none_pb_up_h3_mid1_s0.1,mean_rev,-28.41,1,276,57.971014492753625,2.5710432222554975,1.7639528882747002,15236.63585811548,80.9123649459784,-50.0,88,1.51,0.0,3.4,33.0,87.14,-40.81,3
FMR_mfi14<25_pb<=0.15_none_pb_up_h4_mid0_s0.1,mean_rev,-28.44,1,338,57.692307692307686,3.3825021736351477,2.1481125795264733,397555.24792924663,80.9123649459784,-50.0,89,1.12,0.0,3.4,40.4,84.91,-42.19,3
FMR_mfi6<20_pb<=0.25_none_both_h4_mid1_s0.07,mean_rev,-28.48,2,210,64.28571428571429,2.556032899971786,2.7320886092249475,4303.703395353086,42.52578219905456,-50.0,90,0.01,0.07,0.0,50.0,12.5,-43.89,0
FMR_mfi14<20_pb<=0.25_none_pb_up_h4_mid1_s0.07,mean_rev,-28.49,2,375,58.93333333333334,1.8360364926839168,2.027027038537632,5827.286401889829,80.9123649459784,-50.0,90,0.48,0.0,2.2,47.8,26.25,-42.82,2
FMR_mfi6<25_pb<=0.15_none_both_h3_mid1_s0.1,mean_rev,-28.5,1,215,62.32558139534884,3.5245450273605714,2.8301855508094276,30512.42616370063,50.0,-50.0,90,0.66,0.0,1.1,41.1,27.73,-41.96,1
FMR_mfi13<25_pb<=0.25_none_pb_up_h4_mid0_s0.07,mean_rev,-28.52,1,712,54.91573033707865,2.9253089391128593,1.2204419980621828,189740629.6249139,100.0,-50.0,90,1.88,0.0,5.6,45.6,84.91,-48.67,5
FMR_mfi13<25_pb<=0.15_none_pb_up_h3_mid1_s0.07,mean_rev,-28.52,2,408,57.59803921568627,2.98982736106374,1.8479771440134574,660516.024900907,81.3989239046887,-50.0,88,0.84,0.0,3.4,45.5,69.87,-43.43,3
FMR_mfi13<20_pb<=0.25_none_pb_up_h3_mid1_s0.07,mean_rev,-28.54,1,451,56.31929046563193,2.1719343734634142,1.4492702949066016,49521.21650701989,100.0,-50.0,89,1.11,0.0,3.4,40.4,55.5,-42.1,3
FMR_mfi13<20_pb<=0.15_none_both_h4_mid1_s0.07,mean_rev,-28.55,1,161,60.86956521739131,3.335090288826631,2.610301112732749,3803.789483194828,80.9123649459784,-50.0,89,1.8,0.0,2.2,39.3,56.01,-47.53,2
FMR_mfi14<25_pb<=0.15_none_pb_up_h2_mid0_s0.1,mean_rev,-28.57,2,341,55.13196480938416,1.965587052698126,0.9652513065532942,10057.302291733798,81.3989239046887,-50.0,88,1.04,0.0,3.4,45.5,30.5,-43.88,3
FMR_mfi6<20_pb<=0.25_none_pb_up_h4_mid0_s0.1,mean_rev,-28.57,2,586,58.53242320819113,2.3936339771231974,1.918934013453355,938995.1414497443,100.0,-50.0,90,0.46,0.11,2.2,50.0,23.8,-45.12,2
FMR_mfi6<20_pb<=0.15_none_both_h4_mid1_s0.1,mean_rev,-28.57,2,157,67.51592356687898,3.5331385962738175,3.644569303607059,6310.6519697674,42.52578219905456,-50.0,90,0.36,0.0,1.1,42.2,21.3,-43.13,1
FMR_mfi6<25_pb<=0.15_none_both_h3_mid0_s0.1,mean_rev,-28.57,1,215,61.395348837209305,3.747765401967626,2.610301112732749,42370.68686334477,50.0,-50.0,90,0.48,0.0,1.1,43.3,27.73,-41.96,1
FMR_mfi14<25_pb<=0.15_none_pb_up_h2_mid1_s0.1,mean_rev,-28.57,2,341,55.13196480938416,1.965587052698126,0.9652513065532942,10057.302291733798,81.3989239046887,-50.0,88,1.04,0.0,3.4,45.5,30.5,-43.88,3
FMR_mfi13<20_pb<=0.25_none_pb_up_h4_mid0_s0.1,mean_rev,-28.68,2,449,55.90200445434298,2.988286129600007,1.826486328399679,921655.8315487191,100.0,-50.0,90,0.92,0.0,2.2,47.8,26.25,-45.18,2
FMR_mfi6<30_pb<=0.15_none_both_h3_mid1_s0.1,mean_rev,-28.68,2,291,63.230240549828174,3.652597390883349,2.9411900836105787,355228.5375791654,55.04762970081234,-50.0,90,0.5,0.0,1.1,42.2,25.99,-42.79,1
FMR_mfi14<25_pb<=0.15_none_pb_up_h2_mid1_s0.07,mean_rev,-28.7,2,342,55.26315789473685,1.9790028608005086,0.9851340336446746,9656.03807210487,81.3989239046887,-50.0,88,1.01,0.0,3.4,46.6,30.5,-44.97,3
FMR_mfi14<25_pb<=0.15_none_pb_up_h2_mid0_s0.07,mean_rev,-28.7,2,342,55.26315789473685,1.9790028608005086,0.9851340336446746,9656.03807210487,81.3989239046887,-50.0,88,1.01,0.0,3.4,46.6,30.5,-44.97,3
FMR_mfi6<20_pb<=0.15_none_both_h4_mid0_s0.1,mean_rev,-28.73,1,157,64.3312101910828,4.259085163241172,3.6046292761323873,14455.579790623071,50.89163237311385,-50.0,90,0.54,0.0,1.1,45.6,26.01,-45.4,1
FMR_mfi14<20_pb<=0.25_none_pb_up_h4_mid1_s0.1,mean_rev,-28.73,2,374,60.6951871657754,1.9533527345109407,2.2579988217386493,9196.613861879494,80.9123649459784,-50.0,90,0.32,0.0,1.1,46.7,26.25,-43.18,1
FMR_mfi6<30_pb<=0.15_none_both_h3_mid0_s0.1,mean_rev,-28.75,2,291,61.855670103092784,3.8238819271814837,2.8301855508094276,489653.56103226723,62.66666735485524,-50.0,90,0.48,0.0,1.1,43.3,30.45,-43.0,1
FMR_mfi13<20_pb<=0.25_none_both_h2_mid0_s0.1,mean_rev,-28.78,2,318,54.71698113207547,0.77321442909087,0.574274079705428,39.388536472962166,56.00882028665932,-50.0,90,0.63,0.0,3.3,46.7,26.25,-42.9,3
FMR_mfi13<20_pb<=0.25_none_both_h2_mid1_s0.1,mean_rev,-28.78,2,318,54.71698113207547,0.77321442909087,0.574274079705428,39.388536472962166,56.00882028665932,-50.0,90,0.63,0.0,3.3,46.7,26.25,-42.9,3
FMR_mfi13<20_pb<=0.15_none_both_h4_mid0_s0.1,mean_rev,-28.83,2,159,57.23270440251572,3.8644572480239914,2.011494252873569,8240.366952824032,80.9123649459784,-50.0,89,1.18,0.0,2.2,43.8,26.45,-46.01,2
FMR_mfi13<20_pb<=0.25_none_pb_up_h3_mid0_s0.07,mean_rev,-28.87,2,451,54.54545454545454,2.290155400617644,0.9750801260605568,75749.17926478107,100.0,-50.0,90,0.92,0.0,1.1,48.9,26.86,-46.13,1
FMR_mfi13<25_pb<=0.25_none_pb_up_h3_mid1_s0.1,mean_rev,-28.89,2,709,57.122708039492245,2.275037078208028,1.7482517482517501,5514529.740366119,100.0,-50.0,89,0.5,0.0,2.2,47.2,22.88,-43.88,2
FMR_mfi14<20_pb<=0.25_none_pb_up_h3_mid1_s0.07,mean_rev,-28.93,2,375,58.13333333333334,1.6602797905730666,1.7796540282976503,3281.1297876765543,80.9123649459784,-50.0,89,0.41,0.0,1.1,44.9,26.25,-42.82,1
FMR_mfi14<30_pb<=0.15_none_both_h2_mid0_s0.1,mean_rev,-28.94,2,299,55.852842809364546,1.8277041133690397,1.3157843634475253,2492.64923523565,81.3989239046887,-50.0,89,0.77,0.0,3.4,42.7,34.65,-43.02,3
FMR_mfi14<30_pb<=0.15_none_both_h2_mid1_s0.1,mean_rev,-28.94,2,299,55.852842809364546,1.8277041133690397,1.3157843634475253,2492.64923523565,81.3989239046887,-50.0,89,0.77,0.0,3.4,42.7,34.65,-43.02,3
FMR_mfi6<25_pb<=0.15_none_pb_up_h4_mid0_s0.07,mean_rev,-28.95,1,499,59.118236472945895,3.4753900454166153,2.2580645161290214,41389987.82625869,81.3989239046887,-50.0,90,-0.05,0.0,2.2,46.7,36.2,-41.46,2
FMR_mfi13<20_pb<=0.15_none_pb_up_h3_mid0_s0.1,mean_rev,-28.96,1,276,56.52173913043478,2.6952551207611157,1.5392769784651539,21051.025274007152,80.9123649459784,-50.0,88,1.25,0.0,4.5,31.8,87.14,-40.81,4
FMR_mfi13<20_pb<=0.15_none_both_h2_mid0_s0.07,mean_rev,-28.99,1,161,59.006211180124225,1.885672131906934,1.4767956163598939,427.7636282326954,56.00882028665932,-50.0,88,1.8,0.0,3.4,35.2,56.01,-46.94,3
FMR_mfi6<20_pb<=0.15_none_both_h4_mid1_s0.07,mean_rev,-28.99,2,158,66.45569620253164,3.5266304791356937,3.6302612269948686,6697.626010115364,42.52578219905456,-50.0,90,0.19,0.0,0.0,46.7,13.24,-46.02,0
FMR_mfi13<20_pb<=0.15_none_both_h2_mid1_s0.07,mean_rev,-28.99,1,161,59.006211180124225,1.885672131906934,1.4767956163598939,427.7636282326954,56.00882028665932,-50.0,88,1.8,0.0,3.4,35.2,56.01,-46.94,3
FMR_mfi14<20_pb<=0.25_none_pb_up_h3_mid0_s0.1,mean_rev,-29.08,1,374,56.951871657754005,1.8606315650720597,1.5931010080757813,6438.893320570893,80.9123649459784,-50.0,89,0.47,0.0,4.5,38.2,57.02,-40.11,4
FMR_mfi13<25_pb<=0.25_none_pb_up_h3_mid0_s0.07,mean_rev,-29.08,1,713,55.11921458625526,2.507218368467663,1.4563165794116317,21822763.839961078,100.0,-50.0,89,0.13,0.0,3.4,43.8,47.75,-40.12,3
FMR_mfi6<20_pb<=0.25_none_pb_up_h3_mid0_s0.07,mean_rev,-29.09,2,593,56.155143338954474,1.922453857346094,1.5576294806978863,167728.9656600135,100.0,-50.0,90,0.36,0.0,2.2,48.9,24.83,-44.5,2
FMR_mfi14<20_pb<=0.15_none_pb_up_h3_mid1_s0.1,mean_rev,-29.11,1,212,58.9622641509434,2.551644599849332,1.8990431607668112,3832.9996638416396,80.9123649459784,-50.0,88,0.75,0.0,2.3,36.4,56.01,-41.84,2
FMR_mfi14<20_pb<=0.25_none_pb_up_h4_mid0_s0.07,mean_rev,-29.12,1,375,53.86666666666666,2.361377136882439,1.219509950322828,26457.020037386308,80.9123649459784,-50.0,90,0.99,0.03,5.6,50.0,55.5,-48.4,5
FMR_mfi13<20_pb<=0.15_none_both_h4_mid0_s0.07,mean_rev,-29.14,1,161,56.52173913043478,3.929683296247858,2.146213478993042,8836.43074261092,80.9123649459784,-50.0,89,1.5,0.0,3.4,40.4,56.01,-47.53,3
FMR_mfi14<30_pb<=0.0_none_pb_up_h4_mid0_s0.07,mean_rev,-29.19,2,51,64.70588235294117,2.1164851291350875,2.8428196412388917,40.85261389926966,45.06726457399104,-50.0,76,0.42,0.0,0.0,32.9,17.46,-40.81,0
FMR_mfi6<20_pb<=0.25_none_both_h4_mid0_s0.07,mean_rev,-29.23,2,210,60.952380952380956,3.30054503897407,2.654068520288222,14195.267872318505,50.89163237311385,-50.0,90,-0.18,0.06,0.0,50.0,12.88,-45.03,0
FMR_mfi6<20_pb<=0.15_none_pb_up_h3_mid0_s0.1,mean_rev,-29.23,2,422,57.81990521327014,2.5913996643890216,1.8479771440134574,267719.3046980931,69.70297542711185,-50.0,90,-0.0,0.0,1.1,45.6,26.23,-42.1,1
FMR_mfi13<25_pb<=0.0_none_pb_up_h4_mid1_s0.1,mean_rev,-29.23,1,42,66.66666666666666,2.60366522045237,2.717076829556486,70.87876562643449,45.06726457399104,-50.0,75,1.16,0.0,1.3,25.3,45.07,-42.42,1
FMR_mfi14<20_pb<=0.15_none_both_h4_mid1_s0.1,mean_rev,-29.23,2,115,61.73913043478261,2.9015622785722583,2.8169105230775093,685.5363243652051,80.9123649459784,-50.0,89,1.01,0.0,2.2,37.1,36.48,-45.47,2
FMR_mfi6<30_pb<=0.25_none_both_h2_mid1_s0.1,mean_rev,-29.26,2,487,57.08418891170432,2.063094440113676,1.418441051112329,101506.14158764339,81.3989239046887,-50.0,90,0.04,0.0,1.1,48.9,30.08,-43.8,1
FMR_mfi6<30_pb<=0.25_none_both_h2_mid0_s0.1,mean_rev,-29.26,2,487,57.08418891170432,2.063094440113676,1.418441051112329,101506.14158764339,81.3989239046887,-50.0,90,0.04,0.0,1.1,48.9,30.08,-43.8,1
FMR_mfi6<25_pb<=0.0_none_pb_up_h4_mid0_s0.07,mean_rev,-29.28,2,57,66.66666666666666,3.4725344922279646,2.8428196412388917,235.69835625385585,45.06726457399104,-50.0,79,0.48,0.0,0.0,34.2,18.1,-43.06,0
FMR_mfi13<25_pb<=0.0_none_pb_up_h4_mid1_s0.07,mean_rev,-29.28,1,42,66.66666666666666,2.498766941501295,2.717076829556486,62.881790571182215,45.06726457399104,-50.0,75,1.12,0.0,1.3,25.3,45.07,-42.42,1
FMR_mfi14<30_pb<=0.0_none_pb_up_h4_mid0_s0.1,mean_rev,-29.29,2,51,64.70588235294117,2.1883116916489214,2.8428196412388917,46.61208594318107,45.06726457399104,-50.0,76,0.45,0.0,0.0,31.6,17.46,-40.81,0
FMR_mfi6<20_pb<=0.25_none_pb_up_h4_mid0_s0.07,mean_rev,-29.29,2,590,57.45762711864407,2.293620038804785,1.7266782166397432,806458.7058939235,100.0,-50.0,90,0.39,0.0,2.2,46.7,24.48,-45.12,2
FMR_mfi14<20_pb<=0.15_none_both_h4_mid0_s0.1,mean_rev,-29.35,2,115,54.78260869565217,3.3300625792169134,1.7574692442882345,1027.1460100722757,80.9123649459784,-50.0,89,1.09,0.0,2.2,41.6,36.48,-46.01,2
FMR_mfi6<30_pb<=0.25_none_both_h2_mid0_s0.07,mean_rev,-29.36,2,487,57.08418891170432,2.0505508344476224,1.418441051112329,94563.31919972466,81.3989239046887,-50.0,90,-0.05,0.0,1.1,48.9,30.08,-43.8,1
FMR_mfi14<20_pb<=0.15_none_pb_up_h4_mid1_s0.1,mean_rev,-29.36,2,211,62.08530805687204,2.8272015357755205,2.1660688922024773,6620.578711262688,80.9123649459784,-50.0,89,0.73,0.0,2.2,37.1,47.47,-44.54,2
FMR_mfi6<30_pb<=0.25_none_both_h2_mid1_s0.07,mean_rev,-29.36,2,487,57.08418891170432,2.0505508344476224,1.418441051112329,94563.31919972466,81.3989239046887,-50.0,90,-0.05,0.0,1.1,48.9,30.08,-43.8,1
FMR_mfi6<25_pb<=0.0_none_pb_up_h4_mid0_s0.1,mean_rev,-29.38,2,57,66.66666666666666,3.536800363950869,2.8428196412388917,249.4250826844622,45.06726457399104,-50.0,79,0.51,0.0,0.0,32.9,18.1,-43.06,0
FWALK_mfi6>=50_pb>=0.8_mup0_h4,band_walk,-29.41,2,3271,47.04983185570162,2.536153251233302,-0.6578906826232411,2.5286924697893958e+22,100.0,-50.0,91,0.53,-0.21,3.3,49.5,37.47,-41.72,3
FMR_mfi13<20_pb<=0.15_none_both_h3_mid1_s0.07,mean_rev,-29.46,1,161,58.38509316770186,3.0191212305383335,2.1324400644945785,2358.2596388552,80.9123649459784,-50.0,89,1.58,0.0,2.2,34.8,56.01,-47.53,2
FMR_mfi13<20_pb<=0.15_none_both_h3_mid0_s0.07,mean_rev,-29.46,1,161,56.52173913043478,3.1553372793654706,1.6231884057970936,2879.748729069398,80.9123649459784,-50.0,89,1.51,0.0,3.4,37.1,56.01,-47.53,3
FMR_mfi6<20_pb<=0.15_none_both_h4_mid0_s0.07,mean_rev,-29.5,2,158,63.29113924050633,4.282463889330461,3.4033167763159344,16195.19982312203,50.89163237311385,-50.0,90,-0.03,0.0,0.0,46.7,14.33,-45.97,0
FMR_mfi13<20_pb<=0.15_none_pb_up_h2_mid1_s0.07,mean_rev,-29.51,2,278,55.39568345323741,1.688663371448013,1.1859652191244963,1960.482147737958,56.00882028665932,-50.0,88,0.58,0.0,2.3,40.9,26.45,-43.62,2
FMR_mfi13<20_pb<=0.15_none_pb_up_h2_mid0_s0.07,mean_rev,-29.51,2,278,55.39568345323741,1.688663371448013,1.1859652191244963,1960.482147737958,56.00882028665932,-50.0,88,0.58,0.0,2.3,40.9,26.45,-43.62,2
FMR_mfi14<20_pb<=0.25_none_both_h2_mid0_s0.1,mean_rev,-29.54,1,266,53.75939849624061,0.5644590906144028,0.6600122644413231,-34.05051372938317,56.00882028665932,-50.0,90,0.94,0.0,3.3,47.8,55.5,-48.76,3
FMR_mfi14<20_pb<=0.25_none_both_h2_mid1_s0.1,mean_rev,-29.54,1,266,53.75939849624061,0.5644590906144028,0.6600122644413231,-34.05051372938317,56.00882028665932,-50.0,90,0.94,0.0,3.3,47.8,55.5,-48.76,3
FMR_mfi6<30_pb<=0.25_none_pb_up_h2_mid1_s0.1,mean_rev,-29.56,2,984,53.760162601626014,1.6799546344076508,0.7838452431906395,5769895.125550984,100.0,-50.0,90,0.48,0.0,2.2,50.0,25.81,-47.17,2
FMR_mfi6<30_pb<=0.25_none_pb_up_h2_mid0_s0.1,mean_rev,-29.56,2,984,53.760162601626014,1.6799546344076508,0.7838452431906395,5769895.125550984,100.0,-50.0,90,0.48,0.0,2.2,50.0,25.81,-47.17,2
FWALK_mfi6>=60_pb>=0.8_mup0_h2,band_walk,-29.58,1,3510,49.48717948717949,1.8087853289923226,-0.0594183361037004,4.415304791506573e+18,100.0,-50.0,91,0.58,-0.45,8.8,48.4,52.62,-40.85,8
FMR_mfi13<20_pb<=0.15_none_both_h3_mid1_s0.1,mean_rev,-29.59,2,160,58.12500000000001,2.982646966690016,2.0511563010769507,2366.081540722474,80.9123649459784,-50.0,89,0.76,0.0,2.2,39.3,26.45,-45.39,2
FMR_mfi14<20_pb<=0.15_none_both_h3_mid1_s0.1,mean_rev,-29.6,2,116,57.758620689655174,2.6374356725485884,2.1332835996303867,503.4565868533019,80.9123649459784,-50.0,89,0.97,0.0,2.2,37.1,36.48,-45.47,2
FMR_mfi14<20_pb<=0.15_none_both_h3_mid0_s0.1,mean_rev,-29.66,1,116,56.03448275862068,2.7055355444753673,1.5720564410147575,534.0757458663732,80.9123649459784,-50.0,89,1.67,0.0,3.4,37.1,80.91,-49.27,3
FMR_mfi6<20_pb<=0.15_none_pb_up_h2_mid0_s0.07,mean_rev,-29.66,2,424,54.48113207547169,1.7580788399635616,1.0247015918562807,15469.754475215992,53.2258064516129,-50.0,89,0.06,0.0,1.1,47.2,25.25,-44.06,1
FMR_mfi6<20_pb<=0.15_none_pb_up_h2_mid1_s0.07,mean_rev,-29.66,2,424,54.48113207547169,1.7580788399635616,1.0247015918562807,15469.754475215992,53.2258064516129,-50.0,89,0.06,0.0,1.1,47.2,25.25,-44.06,1
FMR_mfi6<30_pb<=0.0_none_pb_up_h4_mid0_s0.1,mean_rev,-29.67,2,65,67.6923076923077,3.588256704655315,2.8428196412388917,364.7300596779158,45.06726457399104,-50.0,79,0.47,0.0,0.0,34.2,18.1,-45.36,0
FMR_mfi6<30_pb<=0.0_none_pb_up_h4_mid0_s0.07,mean_rev,-29.71,2,65,67.6923076923077,3.4991174857805833,2.8428196412388917,335.8253026921264,45.06726457399104,-50.0,79,0.44,0.0,0.0,34.2,18.1,-45.36,0
FMR_mfi6<20_pb<=0.15_none_pb_up_h2_mid1_s0.1,mean_rev,-29.81,2,424,54.48113207547169,1.7466905277585532,1.0247015918562807,14686.471730753257,53.2258064516129,-50.0,89,0.03,0.0,1.1,46.1,25.25,-44.06,1
FMR_mfi6<20_pb<=0.15_none_pb_up_h2_mid0_s0.1,mean_rev,-29.81,2,424,54.48113207547169,1.7466905277585532,1.0247015918562807,14686.471730753257,53.2258064516129,-50.0,89,0.03,0.0,1.1,46.1,25.25,-44.06,1
FMR_mfi14<20_pb<=0.15_none_both_h4_mid1_s0.07,mean_rev,-29.85,1,117,60.68376068376068,2.778790995449128,2.926844418423191,543.8964919935743,80.9123649459784,-50.0,89,1.33,0.0,3.4,34.8,80.91,-48.88,3
FMR_mfi6<20_pb<=0.15_none_both_h2_mid0_s0.07,mean_rev,-29.94,2,158,60.75949367088608,2.2354221666729512,2.2727323092233576,940.8153410999937,42.52578219905456,-50.0,89,-0.09,0.0,0.0,46.1,16.57,-46.49,0
FMR_mfi6<20_pb<=0.15_none_both_h2_mid1_s0.07,mean_rev,-29.94,2,158,60.75949367088608,2.2354221666729512,2.2727323092233576,940.8153410999937,42.52578219905456,-50.0,89,-0.09,0.0,0.0,46.1,16.57,-46.49,0
FMR_mfi14<20_pb<=0.15_none_pb_up_h3_mid0_s0.1,mean_rev,-29.95,1,212,57.54716981132076,2.666713075941892,1.722071346912002,4743.682972193612,80.9123649459784,-50.0,88,0.53,0.0,2.3,31.8,56.01,-41.84,2
FMR_mfi13<20_pb<=0.15_none_both_h3_mid0_s0.1,mean_rev,-29.95,2,160,56.25,3.0707027146828247,1.5720564410147575,2721.7798618086517,80.9123649459784,-50.0,89,0.67,0.0,2.2,38.2,26.45,-45.39,2
FMR_mfi13<25_pb<=0.0_none_pb_up_h3_mid0_s0.07,mean_rev,-30.0,1,42,61.904761904761905,2.072264188219923,2.319844033077667,39.178248933549995,45.06726457399104,-50.0,75,0.94,0.0,1.3,24.0,45.07,-42.42,1
FMR_mfi13<25_pb<=0.0_none_pb_up_h3_mid0_s0.1,mean_rev,-30.0,1,42,61.904761904761905,2.072264188219923,2.319844033077667,39.178248933549995,45.06726457399104,-50.0,75,0.94,0.0,1.3,24.0,45.07,-42.42,1
FMR_mfi13<20_pb<=0.15_none_both_h2_mid0_s0.1,mean_rev,-30.0,2,160,58.75,1.8704766398118144,1.4360758038012067,463.0277872485665,56.00882028665932,-50.0,88,0.86,0.0,2.3,34.1,26.45,-45.71,2
FMR_mfi13<20_pb<=0.15_none_both_h2_mid1_s0.1,mean_rev,-30.0,2,160,58.75,1.8704766398118144,1.4360758038012067,463.0277872485665,56.00882028665932,-50.0,88,0.86,0.0,2.3,34.1,26.45,-45.71,2
FMR_mfi14<20_pb<=0.25_none_pb_up_h2_mid1_s0.07,mean_rev,-30.01,2,375,53.6,0.7203496319667195,0.7388870187751362,64.245700980336,56.00882028665932,-50.0,90,-0.07,0.0,1.1,43.3,26.25,-42.73,1
FMR_mfi14<20_pb<=0.25_none_pb_up_h2_mid0_s0.07,mean_rev,-30.01,2,375,53.6,0.7203496319667195,0.7388870187751362,64.245700980336,56.00882028665932,-50.0,90,-0.07,0.0,1.1,43.3,26.25,-42.73,1
FMR_mfi13<25_pb<=0.0_none_pb_up_h2_mid1_s0.07,mean_rev,-30.05,1,42,61.904761904761905,1.9616918609633678,2.350946930245079,34.32615673386692,45.06726457399104,-50.0,75,1.06,0.0,2.7,21.3,45.07,-42.02,2
FMR_mfi13<25_pb<=0.0_none_pb_up_h2_mid1_s0.1,mean_rev,-30.05,1,42,61.904761904761905,1.9616918609633678,2.350946930245079,34.32615673386692,45.06726457399104,-50.0,75,1.06,0.0,2.7,21.3,45.07,-42.02,2
FMR_mfi13<25_pb<=0.0_none_pb_up_h2_mid0_s0.1,mean_rev,-30.05,1,42,61.904761904761905,1.9616918609633678,2.350946930245079,34.32615673386692,45.06726457399104,-50.0,75,1.06,0.0,2.7,21.3,45.07,-42.02,2
FMR_mfi14<20_pb<=0.15_none_both_h3_mid1_s0.07,mean_rev,-30.05,1,117,58.119658119658126,2.609496249103895,2.3217247097844007,435.27525113354164,80.9123649459784,-50.0,89,1.42,0.0,3.4,33.7,80.91,-48.88,3
FMR_mfi13<25_pb<=0.0_none_pb_up_h2_mid0_s0.07,mean_rev,-30.05,1,42,61.904761904761905,1.9616918609633678,2.350946930245079,34.32615673386692,45.06726457399104,-50.0,75,1.06,0.0,2.7,21.3,45.07,-42.02,2
FMR_mfi6<20_pb<=0.15_none_both_h2_mid0_s0.1,mean_rev,-30.08,2,158,60.75949367088608,2.2190183576961364,2.2727323092233576,912.8425998514823,42.52578219905456,-50.0,89,-0.11,0.0,0.0,44.9,16.57,-46.49,0
FMR_mfi6<20_pb<=0.15_none_both_h2_mid1_s0.1,mean_rev,-30.08,2,158,60.75949367088608,2.2190183576961364,2.2727323092233576,912.8425998514823,42.52578219905456,-50.0,89,-0.11,0.0,0.0,44.9,16.57,-46.49,0
FMR_mfi6<20_pb<=0.0_none_pb_up_h4_mid0_s0.1,mean_rev,-30.11,1,54,64.81481481481481,2.5091077425015205,2.6941370933467157,98.3238227410891,42.6724207403778,-50.0,79,0.3,0.0,2.5,27.8,36.2,-42.2,2
FMR_mfi6<20_pb<=0.0_none_pb_up_h4_mid0_s0.07,mean_rev,-30.11,1,54,64.81481481481481,2.441271544571788,2.6941370933467157,90.5329199286047,42.6724207403778,-50.0,79,0.3,0.0,2.5,27.8,36.2,-42.2,2
FMR_mfi14<20_pb<=0.15_none_pb_up_h2_mid0_s0.1,mean_rev,-30.12,1,212,53.77358490566038,1.5947844007274288,0.9423972579136963,640.5824726859839,56.00882028665932,-50.0,88,0.37,0.0,2.3,34.1,56.01,-41.39,2
FMR_mfi14<20_pb<=0.15_none_pb_up_h2_mid1_s0.1,mean_rev,-30.12,1,212,53.77358490566038,1.5947844007274288,0.9423972579136963,640.5824726859839,56.00882028665932,-50.0,88,0.37,0.0,2.3,34.1,56.01,-41.39,2
FMR_mfi14<20_pb<=0.15_none_pb_up_h4_mid0_s0.07,mean_rev,-30.13,2,213,53.52112676056338,3.0978867039743405,1.2213740458015376,8897.831891435806,80.9123649459784,-50.0,89,0.73,0.0,3.4,37.1,41.41,-44.99,3
FMR_mfi6<20_pb<=0.25_none_both_h3_mid1_s0.07,mean_rev,-30.14,2,210,60.952380952380956,2.079248093415907,2.2261828722607846,1658.615563708415,42.52578219905456,-50.0,90,-0.38,0.0,0.0,42.2,13.3,-43.89,0
FMR_mfi6<20_pb<=0.25_none_both_h3_mid1_s0.1,mean_rev,-30.21,2,210,60.952380952380956,2.1293260325586036,2.2261828722607846,1828.1590604425692,42.52578219905456,-50.0,90,-0.44,0.0,0.0,42.2,13.3,-43.89,0
FMR_mfi14<20_pb<=0.15_none_pb_up_h4_mid1_s0.07,mean_rev,-30.25,2,213,60.093896713615024,2.534691924951437,2.1324400644945785,3379.024378810311,80.9123649459784,-50.0,89,0.57,0.0,3.4,32.6,47.47,-44.99,3
FMR_mfi14<20_pb<=0.15_none_both_h4_mid0_s0.07,mean_rev,-30.26,1,117,53.84615384615385,3.3252877893303516,1.826486328399679,945.4482998486732,80.9123649459784,-50.0,89,1.53,0.0,4.5,33.7,80.91,-48.88,4
FMR_mfi14<20_pb<=0.15_none_pb_up_h4_mid0_s0.1,mean_rev,-30.26,2,211,54.976303317535546,3.2648042613215855,1.6990308224273054,13334.224432467561,80.9123649459784,-50.0,89,0.63,0.0,2.2,36.0,41.41,-45.08,2
FMR_mfi6<20_pb<=0.25_none_both_h2_mid0_s0.1,mean_rev,-30.29,2,210,58.0952380952381,1.5203079986150099,1.8754579357028733,519.3466259873862,42.52578219905456,-50.0,89,-0.35,0.0,0.0,42.7,16.57,-43.94,0
FMR_mfi6<20_pb<=0.25_none_both_h2_mid1_s0.1,mean_rev,-30.29,2,210,58.0952380952381,1.5203079986150099,1.8754579357028733,519.3466259873862,42.52578219905456,-50.0,89,-0.35,0.0,0.0,42.7,16.57,-43.94,0
FMR_mfi14<20_pb<=0.15_none_both_h3_mid0_s0.07,mean_rev,-30.3,1,117,56.41025641025641,2.744038551034033,1.9889508100214393,495.8109331385281,80.9123649459784,-50.0,89,1.33,0.0,3.4,33.7,80.91,-48.88,3
FMR_mfi6<20_pb<=0.15_none_both_h3_mid1_s0.07,mean_rev,-30.3,2,158,62.65822784810127,2.932314612917039,2.797410448569837,2772.668765145084,42.52578219905456,-50.0,90,-0.27,0.0,0.0,42.2,12.4,-46.02,0
FMR_mfi14<25_pb<=0.15_none_both_h2_mid0_s0.1,mean_rev,-30.31,2,197,57.360406091370564,2.404033669741048,1.2225046681120233,2140.2986467358014,81.3989239046887,-50.0,88,0.56,0.0,3.4,35.2,34.65,-45.47,3
FMR_mfi14<25_pb<=0.15_none_both_h2_mid1_s0.1,mean_rev,-30.31,2,197,57.360406091370564,2.404033669741048,1.2225046681120233,2140.2986467358014,81.3989239046887,-50.0,88,0.56,0.0,3.4,35.2,34.65,-45.47,3
FMR_mfi6<20_pb<=0.25_none_both_h2_mid0_s0.07,mean_rev,-30.33,2,210,58.0952380952381,1.4912187797608754,1.8754579357028733,477.02621549253433,42.52578219905456,-50.0,89,-0.38,0.0,0.0,42.7,16.57,-43.94,0
FMR_mfi6<20_pb<=0.25_none_both_h2_mid1_s0.07,mean_rev,-30.33,2,210,58.0952380952381,1.4912187797608754,1.8754579357028733,477.02621549253433,42.52578219905456,-50.0,89,-0.38,0.0,0.0,42.7,16.57,-43.94,0
FMR_mfi6<20_pb<=0.25_none_both_h3_mid0_s0.07,mean_rev,-30.34,2,210,60.0,2.385313808211142,2.1401703068796185,2738.7959770082625,47.58363965175887,-50.0,90,-0.56,0.0,0.0,43.3,11.6,-43.97,0
FMR_mfi14<20_pb<=0.15_none_both_h2_mid0_s0.1,mean_rev,-30.36,2,116,56.896551724137936,1.6836988932342658,1.2691445157797743,133.72429008705123,56.00882028665932,-50.0,88,0.64,0.0,1.1,34.1,26.45,-45.47,1
FMR_mfi14<20_pb<=0.15_none_both_h2_mid1_s0.1,mean_rev,-30.36,2,116,56.896551724137936,1.6836988932342658,1.2691445157797743,133.72429008705123,56.00882028665932,-50.0,88,0.64,0.0,1.1,34.1,26.45,-45.47,1
FMR_mfi13<25_pb<=0.25_none_pb_up_h3_mid0_s0.1,mean_rev,-30.36,1,709,55.712270803949224,2.4608111586154826,1.5209244762324214,16328788.094314488,100.0,-50.0,89,0.35,-0.0,4.5,42.7,47.75,-47.54,4
FMR_mfi14<30_pb<=0.0_none_pb_up_h4_mid1_s0.07,mean_rev,-30.39,2,51,60.78431372549019,0.9002396387657887,2.5454545454545396,-20.448490832408016,45.06726457399104,-50.0,75,0.18,0.0,0.0,26.7,14.05,-40.69,0
FMR_mfi6<20_pb<=0.25_none_both_h3_mid0_s0.1,mean_rev,-30.41,2,210,60.0,2.433560566911636,2.1401703068796185,3000.5834712312394,47.58363965175887,-50.0,90,-0.62,0.0,0.0,43.3,11.6,-43.97,0
FMR_mfi13<30_pb<=0.0_none_pb_up_h4_mid0_s0.07,mean_rev,-30.45,1,50,66.0,3.3048594946908794,3.018447265791957,176.450882059641,45.06726457399104,-50.0,76,0.26,0.0,0.0,25.0,18.25,-42.71,0
FMR_mfi6<20_pb<=0.15_none_both_h3_mid1_s0.1,mean_rev,-30.45,2,158,62.65822784810127,2.9438072043237558,2.797410448569837,2755.535346694712,42.52578219905456,-50.0,90,-0.31,0.0,0.0,41.1,12.4,-46.02,0
FMR_mfi13<30_pb<=0.0_none_pb_up_h4_mid0_s0.1,mean_rev,-30.46,1,50,66.0,3.3781225884549904,3.018447265791957,187.75497562709035,45.06726457399104,-50.0,76,0.25,0.0,0.0,25.0,18.25,-42.71,0
FMR_mfi14<30_pb<=0.0_none_pb_up_h4_mid1_s0.1,mean_rev,-30.51,2,51,60.78431372549019,0.9720662012796231,2.5454545454545396,-17.195624730616178,45.06726457399104,-50.0,75,0.2,0.0,0.0,25.3,14.05,-40.69,0
FMR_mfi14<20_pb<=0.25_none_pb_up_h3_mid0_s0.07,mean_rev,-30.52,2,375,56.00000000000001,1.7518751083153632,1.5209244762324214,4116.785446947659,80.9123649459784,-50.0,90,-0.18,0.0,1.1,40.0,26.86,-43.93,1
FMR_mfi6<25_pb<=0.0_none_pb_up_h4_mid1_s0.07,mean_rev,-30.56,2,57,61.40350877192983,2.1501320116512392,1.7606627888394177,70.16662589707853,45.06726457399104,-50.0,79,0.22,0.0,0.0,27.8,18.1,-42.58,0
FMR_mfi13<25_pb<=0.0_none_pb_up_h3_mid1_s0.1,mean_rev,-30.6,1,42,59.523809523809526,1.490931139508811,2.319844033077667,8.876149029683678,45.06726457399104,-50.0,75,0.83,0.0,1.3,21.3,45.07,-42.42,1
FMR_mfi13<25_pb<=0.0_none_pb_up_h3_mid1_s0.07,mean_rev,-30.6,1,42,59.523809523809526,1.490931139508811,2.319844033077667,8.876149029683678,45.06726457399104,-50.0,75,0.83,0.0,1.3,21.3,45.07,-42.42,1
FMR_mfi14<20_pb<=0.15_none_both_h2_mid1_s0.07,mean_rev,-30.62,1,117,57.26495726495726,1.7062053203615462,1.3157843634475253,119.08542018015167,56.00882028665932,-50.0,88,1.06,0.0,3.4,33.0,56.01,-48.88,3
FMR_mfi14<20_pb<=0.15_none_both_h2_mid0_s0.07,mean_rev,-30.62,1,117,57.26495726495726,1.7062053203615462,1.3157843634475253,119.08542018015167,56.00882028665932,-50.0,88,1.06,0.0,3.4,33.0,56.01,-48.88,3
FMR_mfi6<25_pb<=0.0_none_pb_up_h4_mid1_s0.1,mean_rev,-30.66,2,57,61.40350877192983,2.214397883374143,1.7606627888394177,77.1247496942119,45.06726457399104,-50.0,79,0.24,0.0,0.0,26.6,18.1,-42.58,0
FMR_mfi14<30_pb<=0.0_none_pb_up_h3_mid0_s0.07,mean_rev,-30.67,2,51,58.82352941176471,0.6601394682012136,1.9867768450841927,-27.61541772123334,45.06726457399104,-50.0,75,0.08,0.0,0.0,26.7,17.46,-40.69,0
FMR_mfi14<30_pb<=0.0_none_pb_up_h3_mid0_s0.1,mean_rev,-30.67,2,51,58.82352941176471,0.6601394682012136,1.9867768450841927,-27.61541772123334,45.06726457399104,-50.0,75,0.08,0.0,0.0,26.7,17.46,-40.69,0
FMR_mfi13<30_pb<=0.0_none_pb_up_h4_mid1_s0.07,mean_rev,-30.79,2,50,66.0,2.26787604137333,2.6072416429985035,72.9772691219875,45.06726457399104,-50.0,75,0.26,0.0,0.0,26.7,14.05,-45.25,0
FMR_mfi6<25_pb<=0.0_none_pb_up_h3_mid0_s0.1,mean_rev,-30.86,2,57,56.14035087719298,2.122196166029161,1.4802934163328008,66.57640393602082,45.06726457399104,-50.0,79,0.3,0.0,0.0,29.1,18.1,-43.12,0
FMR_mfi6<25_pb<=0.0_none_pb_up_h3_mid0_s0.07,mean_rev,-30.86,2,57,56.14035087719298,2.122196166029161,1.4802934163328008,66.57640393602082,45.06726457399104,-50.0,79,0.3,0.0,0.0,29.1,18.1,-43.12,0
FMR_mfi13<30_pb<=0.0_none_pb_up_h4_mid1_s0.1,mean_rev,-30.93,2,50,66.0,2.341139135137441,2.6072416429985035,80.05032029342469,45.06726457399104,-50.0,75,0.26,0.0,0.0,25.3,14.05,-45.25,0
FMR_mfi6<20_pb<=0.15_none_both_h3_mid0_s0.07,mean_rev,-30.96,2,158,61.39240506329114,3.2234334437462797,2.4415150387499196,3826.6093809513004,47.58363965175887,-50.0,90,-0.56,0.0,0.0,40.0,12.86,-46.02,0
FMR_mfi6<20_pb<=0.15_none_both_h3_mid0_s0.1,mean_rev,-31.12,2,158,61.39240506329114,3.2324921877298163,2.4415150387499196,3788.2751447979495,47.58363965175887,-50.0,90,-0.6,0.0,0.0,38.9,12.86,-46.02,0
FMR_mfi14<20_pb<=0.15_none_pb_up_h3_mid1_s0.07,mean_rev,-31.19,2,213,58.21596244131455,2.280108583175772,1.8750000000000044,2006.885638383518,80.9123649459784,-50.0,89,0.1,0.0,2.2,30.3,47.47,-44.99,2
FMR_mfi14<20_pb<=0.15_none_pb_up_h3_mid0_s0.07,mean_rev,-31.23,2,213,56.8075117370892,2.431453095447803,1.6231884057970936,2648.710229562959,80.9123649459784,-50.0,89,0.06,0.0,2.2,31.5,47.15,-44.99,2
FMR_mfi6<30_pb<=0.0_none_pb_up_h4_mid1_s0.1,mean_rev,-31.25,2,65,63.07692307692307,2.3000764583615783,2.0942335207007945,118.94472005547038,45.06726457399104,-50.0,79,0.19,0.0,0.0,25.3,18.1,-45.25,0
FMR_mfi6<30_pb<=0.0_none_pb_up_h4_mid1_s0.07,mean_rev,-31.29,2,65,63.07692307692307,2.210937239486847,2.0942335207007945,105.32704287979753,45.06726457399104,-50.0,79,0.15,0.0,0.0,25.3,18.1,-45.25,0
FMR_mfi14<20_pb<=0.15_none_pb_up_h2_mid0_s0.07,mean_rev,-31.32,2,213,53.990610328638496,1.6180661332297082,0.9652513065532942,611.3257626425079,56.00882028665932,-50.0,88,-0.02,0.0,2.3,31.8,27.31,-43.97,2
FMR_mfi14<20_pb<=0.15_none_pb_up_h2_mid1_s0.07,mean_rev,-31.32,2,213,53.990610328638496,1.6180661332297082,0.9652513065532942,611.3257626425079,56.00882028665932,-50.0,88,-0.02,0.0,2.3,31.8,27.31,-43.97,2
FMR_mfi14<30_pb<=0.0_none_pb_up_h3_mid1_s0.07,mean_rev,-31.41,2,51,54.90196078431373,0.11997647589570591,0.6329496430064419,-45.13168253105281,45.06726457399104,-50.0,75,-0.05,0.0,0.0,24.0,14.05,-40.69,0
FMR_mfi14<30_pb<=0.0_none_pb_up_h3_mid1_s0.1,mean_rev,-31.41,2,51,54.90196078431373,0.11997647589570591,0.6329496430064419,-45.13168253105281,45.06726457399104,-50.0,75,-0.05,0.0,0.0,24.0,14.05,-40.69,0
FMR_mfi6<30_pb<=0.0_none_pb_up_h3_mid0_s0.1,mean_rev,-31.5,2,65,60.0,2.253160300306585,1.8036072144288484,109.88660383487318,45.06726457399104,-50.0,79,0.18,0.0,0.0,25.3,18.1,-45.25,0
FMR_mfi6<30_pb<=0.0_none_pb_up_h3_mid0_s0.07,mean_rev,-31.5,2,65,60.0,2.253160300306585,1.8036072144288484,109.88660383487318,45.06726457399104,-50.0,79,0.18,0.0,0.0,25.3,18.1,-45.25,0
FMR_mfi6<20_pb<=0.0_none_pb_up_h4_mid1_s0.07,mean_rev,-31.53,2,54,59.25925925925925,1.008691586779491,1.320416236168187,-5.255927958625161,36.201307324813946,-50.0,79,-0.06,0.0,0.0,22.8,18.1,-42.39,0
FMR_mfi6<25_pb<=0.0_none_pb_up_h3_mid1_s0.1,mean_rev,-31.6,2,57,52.63157894736842,1.292348959347549,0.5050544614368935,7.273862622330451,45.06726457399104,-50.0,79,0.04,0.0,0.0,26.6,18.1,-42.58,0
FMR_mfi6<25_pb<=0.0_none_pb_up_h3_mid1_s0.07,mean_rev,-31.6,2,57,52.63157894736842,1.292348959347549,0.5050544614368935,7.273862622330451,45.06726457399104,-50.0,79,0.04,0.0,0.0,26.6,18.1,-42.58,0
FMR_mfi6<20_pb<=0.0_none_pb_up_h4_mid1_s0.1,mean_rev,-31.65,2,54,59.25925925925925,1.0765277847092236,1.320416236168187,-1.3818370266751034,36.201307324813946,-50.0,79,-0.05,0.0,0.0,21.5,18.1,-42.39,0
FMR_mfi14<30_pb<=0.0_none_pb_up_h2_mid0_s0.1,mean_rev,-31.76,2,51,52.94117647058824,0.38427308713716707,1.537110300682376,-36.49834819768891,45.06726457399104,-50.0,75,-0.02,0.0,0.0,21.3,14.05,-40.53,0
FMR_mfi14<30_pb<=0.0_none_pb_up_h2_mid1_s0.07,mean_rev,-31.76,2,51,52.94117647058824,0.38427308713716707,1.537110300682376,-36.49834819768891,45.06726457399104,-50.0,75,-0.02,0.0,0.0,21.3,14.05,-40.53,0
FMR_mfi14<30_pb<=0.0_none_pb_up_h2_mid1_s0.1,mean_rev,-31.76,2,51,52.94117647058824,0.38427308713716707,1.537110300682376,-36.49834819768891,45.06726457399104,-50.0,75,-0.02,0.0,0.0,21.3,14.05,-40.53,0
FMR_mfi14<30_pb<=0.0_none_pb_up_h2_mid0_s0.07,mean_rev,-31.76,2,51,52.94117647058824,0.38427308713716707,1.537110300682376,-36.49834819768891,45.06726457399104,-50.0,75,-0.02,0.0,0.0,21.3,14.05,-40.53,0
FMR_mfi6<25_pb<=0.0_none_pb_up_h2_mid0_s0.1,mean_rev,-31.86,2,57,54.385964912280706,1.6188549784530655,1.537110300682376,30.036093628884352,45.06726457399104,-50.0,79,0.09,0.0,0.0,21.5,18.1,-42.33,0
FMR_mfi6<25_pb<=0.0_none_pb_up_h2_mid0_s0.07,mean_rev,-31.86,2,57,54.385964912280706,1.6188549784530655,1.537110300682376,30.036093628884352,45.06726457399104,-50.0,79,0.09,0.0,0.0,21.5,18.1,-42.33,0
FMR_mfi6<25_pb<=0.0_none_pb_up_h2_mid1_s0.1,mean_rev,-31.86,2,57,54.385964912280706,1.6188549784530655,1.537110300682376,30.036093628884352,45.06726457399104,-50.0,79,0.09,0.0,0.0,21.5,18.1,-42.33,0
FMR_mfi6<25_pb<=0.0_none_pb_up_h2_mid1_s0.07,mean_rev,-31.86,2,57,54.385964912280706,1.6188549784530655,1.537110300682376,30.036093628884352,45.06726457399104,-50.0,79,0.09,0.0,0.0,21.5,18.1,-42.33,0
FMR_mfi13<30_pb<=0.0_none_pb_up_h3_mid0_s0.1,mean_rev,-31.91,2,50,57.99999999999999,1.5861095537439494,1.7335351307084967,25.510882278232614,45.06726457399104,-50.0,75,0.08,0.0,0.0,24.0,17.46,-45.25,0
FMR_mfi13<30_pb<=0.0_none_pb_up_h3_mid0_s0.07,mean_rev,-31.91,2,50,57.99999999999999,1.5861095537439494,1.7335351307084967,25.510882278232614,45.06726457399104,-50.0,75,0.08,0.0,0.0,24.0,17.46,-45.25,0
FMR_mfi13<30_pb<=0.0_none_pb_up_h2_mid1_s0.1,mean_rev,-32.0,2,50,57.99999999999999,1.5638611236182887,1.7321022304425115,25.45932529554371,45.06726457399104,-50.0,75,0.09,0.0,0.0,22.7,14.05,-45.1,0
FMR_mfi13<30_pb<=0.0_none_pb_up_h2_mid0_s0.07,mean_rev,-32.0,2,50,57.99999999999999,1.5638611236182887,1.7321022304425115,25.45932529554371,45.06726457399104,-50.0,75,0.09,0.0,0.0,22.7,14.05,-45.1,0
FMR_mfi13<30_pb<=0.0_none_pb_up_h2_mid0_s0.1,mean_rev,-32.0,2,50,57.99999999999999,1.5638611236182887,1.7321022304425115,25.45932529554371,45.06726457399104,-50.0,75,0.09,0.0,0.0,22.7,14.05,-45.1,0
FMR_mfi13<30_pb<=0.0_none_pb_up_h2_mid1_s0.07,mean_rev,-32.0,2,50,57.99999999999999,1.5638611236182887,1.7321022304425115,25.45932529554371,45.06726457399104,-50.0,75,0.09,0.0,0.0,22.7,14.05,-45.1,0
FMR_mfi13<30_pb<=0.0_none_pb_up_h3_mid1_s0.1,mean_rev,-32.01,2,50,57.99999999999999,1.1853262855933617,1.0566215296696213,2.6009650335912404,45.06726457399104,-50.0,75,0.0,0.0,0.0,24.0,14.05,-45.25,0
FMR_mfi13<30_pb<=0.0_none_pb_up_h3_mid1_s0.07,mean_rev,-32.01,2,50,57.99999999999999,1.1853262855933617,1.0566215296696213,2.6009650335912404,45.06726457399104,-50.0,75,0.0,0.0,0.0,24.0,14.05,-45.25,0
FMR_mfi6<20_pb<=0.0_none_pb_up_h3_mid0_s0.07,mean_rev,-32.06,2,54,53.70370370370371,0.9955195707923871,0.8967443495050076,-6.463863631332057,42.6724207403778,-50.0,79,-0.15,0.0,0.0,24.1,18.1,-42.92,0
FMR_mfi6<20_pb<=0.0_none_pb_up_h3_mid0_s0.1,mean_rev,-32.06,2,54,53.70370370370371,0.9955195707923871,0.8967443495050076,-6.463863631332057,42.6724207403778,-50.0,79,-0.15,0.0,0.0,24.1,18.1,-42.92,0
FMR_mfi6<30_pb<=0.0_none_pb_up_h3_mid1_s0.1,mean_rev,-32.16,2,65,56.92307692307692,1.5167861232420128,1.1605390560035733,34.46998000310912,45.06726457399104,-50.0,79,0.05,0.0,0.0,22.8,18.1,-45.25,0
FMR_mfi6<30_pb<=0.0_none_pb_up_h3_mid1_s0.07,mean_rev,-32.16,2,65,56.92307692307692,1.5167861232420128,1.1605390560035733,34.46998000310912,45.06726457399104,-50.0,79,0.05,0.0,0.0,22.8,18.1,-45.25,0
FMR_mfi6<30_pb<=0.0_none_pb_up_h2_mid0_s0.1,mean_rev,-32.25,2,65,55.38461538461539,1.7502417585527192,1.537110300682376,59.43499290413639,45.06726457399104,-50.0,79,0.05,0.0,0.0,22.8,18.1,-45.1,0
FMR_mfi6<30_pb<=0.0_none_pb_up_h2_mid1_s0.07,mean_rev,-32.25,2,65,55.38461538461539,1.7502417585527192,1.537110300682376,59.43499290413639,45.06726457399104,-50.0,79,0.05,0.0,0.0,22.8,18.1,-45.1,0
FMR_mfi6<30_pb<=0.0_none_pb_up_h2_mid1_s0.1,mean_rev,-32.25,2,65,55.38461538461539,1.7502417585527192,1.537110300682376,59.43499290413639,45.06726457399104,-50.0,79,0.05,0.0,0.0,22.8,18.1,-45.1,0
FMR_mfi6<30_pb<=0.0_none_pb_up_h2_mid0_s0.07,mean_rev,-32.25,2,65,55.38461538461539,1.7502417585527192,1.537110300682376,59.43499290413639,45.06726457399104,-50.0,79,0.05,0.0,0.0,22.8,18.1,-45.1,0
FMR_mfi6<20_pb<=0.0_none_pb_up_h3_mid1_s0.07,mean_rev,-32.78,2,54,50.0,0.10325392045892909,0.01433217482556537,-40.2728795093238,36.201307324813946,-50.0,79,-0.28,0.0,0.0,20.3,18.1,-42.39,0
FMR_mfi6<20_pb<=0.0_none_pb_up_h3_mid1_s0.1,mean_rev,-32.78,2,54,50.0,0.10325392045892909,0.01433217482556537,-40.2728795093238,36.201307324813946,-50.0,79,-0.28,0.0,0.0,20.3,18.1,-42.39,0
FMR_mfi6<20_pb<=0.0_none_pb_up_h2_mid0_s0.1,mean_rev,-32.93,2,54,51.85185185185185,0.3431056061547716,0.2258728201415927,-30.89043055889641,36.201307324813946,-50.0,79,-0.24,0.0,0.0,16.5,18.1,-42.2,0
FMR_mfi6<20_pb<=0.0_none_pb_up_h2_mid0_s0.07,mean_rev,-32.93,2,54,51.85185185185185,0.3431056061547716,0.2258728201415927,-30.89043055889641,36.201307324813946,-50.0,79,-0.24,0.0,0.0,16.5,18.1,-42.2,0
FMR_mfi6<20_pb<=0.0_none_pb_up_h2_mid1_s0.1,mean_rev,-32.93,2,54,51.85185185185185,0.3431056061547716,0.2258728201415927,-30.89043055889641,36.201307324813946,-50.0,79,-0.24,0.0,0.0,16.5,18.1,-42.2,0
FMR_mfi6<20_pb<=0.0_none_pb_up_h2_mid1_s0.07,mean_rev,-32.93,2,54,51.85185185185185,0.3431056061547716,0.2258728201415927,-30.89043055889641,36.201307324813946,-50.0,79,-0.24,0.0,0.0,16.5,18.1,-42.2,0
FMR_mfi6<30_pb<=0.25_squeeze_both_h2_mid1_s0.1,mean_rev,-1000000000.0,1,9,11.11111111111111,-4.254998146893777,-2.0440127610173886,-33.03579808005961,3.0898944050931076,-11.909262759924388,0,,,,,,,0
FMR_mfi6<30_pb<=0.25_squeeze_both_h2_mid1_s0.07,mean_rev,-1000000000.0,1,9,11.11111111111111,-4.254998146893777,-2.0440127610173886,-33.03579808005961,3.0898944050931076,-11.909262759924388,0,,,,,,,0
FMR_mfi6<30_pb<=0.25_squeeze_pb_up_h4_mid0_s0.1,mean_rev,-1000000000.0,1,27,51.85185185185185,0.9125999243069836,0.5457330220832723,8.502099421973575,23.845193508114846,-19.712528904890945,0,,,,,,,0
FMR_mfi6<30_pb<=0.25_squeeze_both_h2_mid0_s0.07,mean_rev,-1000000000.0,1,9,11.11111111111111,-4.254998146893777,-2.0440127610173886,-33.03579808005961,3.0898944050931076,-11.909262759924388,0,,,,,,,0
FMR_mfi6<30_pb<=0.0_squeeze_pb_up_h2_mid0_s0.07,mean_rev,-1000000000.0,1,0,,,,0.0,,,0,,,,,,,0
FMR_mfi6<30_pb<=0.0_squeeze_pb_up_h2_mid0_s0.1,mean_rev,-1000000000.0,1,0,,,,0.0,,,0,,,,,,,0
FMR_mfi6<30_pb<=0.0_squeeze_pb_up_h2_mid1_s0.1,mean_rev,-1000000000.0,1,0,,,,0.0,,,0,,,,,,,0
FMR_mfi6<30_pb<=0.0_squeeze_pb_up_h2_mid1_s0.07,mean_rev,-1000000000.0,1,0,,,,0.0,,,0,,,,,,,0
FMR_mfi14<30_pb<=0.0_none_both_h3_mid1_s0.07,mean_rev,-1000000000.0,1,22,59.09090909090909,-1.9263661226894755,2.0937892021031246,-59.33220226961835,18.835893290218266,-50.0,0,,,,,,,0
FMR_mfi14<25_pb<=0.25_squeeze_both_h4_mid0_s0.07,mean_rev,-1000000000.0,1,10,60.0,2.1607020390336853,7.137269111539791,16.491997375922264,21.846484165324753,-13.90887715336866,0,,,,,,,0
FMR_mfi14<25_pb<=0.25_squeeze_both_h4_mid1_s0.1,mean_rev,-1000000000.0,1,10,60.0,-1.124044386227665,4.7901413288273575,-17.180149370350584,13.137254901960782,-19.712528904890945,0,,,,,,,0
FMR_mfi6<30_pb<=0.25_squeeze_both_h2_mid0_s0.1,mean_rev,-1000000000.0,1,9,11.11111111111111,-4.254998146893777,-2.0440127610173886,-33.03579808005961,3.0898944050931076,-11.909262759924388,0,,,,,,,0
FMR_mfi14<25_pb<=0.25_squeeze_both_h4_mid0_s0.1,mean_rev,-1000000000.0,1,10,60.0,0.37610599728858385,7.137269111539791,-5.2448468169573275,21.846484165324753,-19.712528904890945,0,,,,,,,0
FMR_mfi14<30_pb<=0.0_none_both_h3_mid1_s0.1,mean_rev,-1000000000.0,1,22,59.09090909090909,-1.9263661226894755,2.0937892021031246,-59.33220226961835,18.835893290218266,-50.0,0,,,,,,,0
FMR_mfi14<30_pb<=0.0_none_both_h3_mid0_s0.07,mean_rev,-1000000000.0,1,22,59.09090909090909,-2.1021530761393645,2.0937892021031246,-60.80399844664268,18.835893290218266,-50.0,0,,,,,,,0
FMR_mfi14<30_pb<=0.0_none_both_h3_mid0_s0.1,mean_rev,-1000000000.0,1,22,59.09090909090909,-2.1021530761393645,2.0937892021031246,-60.80399844664268,18.835893290218266,-50.0,0,,,,,,,0
FMR_mfi13<20_pb<=0.0_none_pb_up_h3_mid0_s0.07,mean_rev,-1000000000.0,1,28,64.28571428571429,0.9268087979305059,2.626369766663994,-15.303826340527216,18.881991109327313,-50.0,0,,,,,,,0
FMR_mfi13<20_pb<=0.0_none_pb_up_h3_mid1_s0.1,mean_rev,-1000000000.0,1,28,60.71428571428571,-0.029256057932850306,2.626369766663994,-35.23549917677068,21.49068348559977,-50.0,0,,,,,,,0
FMR_mfi13<20_pb<=0.0_none_pb_up_h3_mid1_s0.07,mean_rev,-1000000000.0,1,28,60.71428571428571,-0.029256057932850306,2.626369766663994,-35.23549917677068,21.49068348559977,-50.0,0,,,,,,,0
FMR_mfi13<20_pb<=0.0_none_pb_up_h2_mid0_s0.1,mean_rev,-1000000000.0,1,28,64.28571428571429,0.1876916254004966,2.2773547478804557,-30.862031983245707,24.494745351657233,-50.0,0,,,,,,,0
FMR_mfi13<20_pb<=0.0_none_pb_up_h2_mid0_s0.07,mean_rev,-1000000000.0,1,28,64.28571428571429,0.1876916254004966,2.2773547478804557,-30.862031983245707,24.494745351657233,-50.0,0,,,,,,,0
FMR_mfi13<20_pb<=0.0_none_pb_up_h2_mid1_s0.1,mean_rev,-1000000000.0,1,28,64.28571428571429,0.1876916254004966,2.2773547478804557,-30.862031983245707,24.494745351657233,-50.0,0,,,,,,,0
FMR_mfi14<30_pb<=0.0_none_both_h4_mid1_s0.07,mean_rev,-1000000000.0,1,22,63.63636363636363,-1.2952182999671829,2.0937892021031246,-53.68573238576404,18.835893290218266,-50.0,0,,,,,,,0
FMR_mfi14<30_pb<=0.0_none_both_h4_mid1_s0.1,mean_rev,-1000000000.0,1,22,63.63636363636363,-1.2549929912939557,2.0937892021031246,-53.237167522895014,18.835893290218266,-50.0,0,,,,,,,0
FMR_mfi14<30_pb<=0.0_none_both_h4_mid0_s0.07,mean_rev,-1000000000.0,1,22,68.18181818181817,0.2253974145461872,2.9236070447576035,-38.378475010116176,30.02232142857142,-50.0,0,,,,,,,0
FMR_mfi14<30_pb<=0.0_none_both_h4_mid0_s0.1,mean_rev,-1000000000.0,1,22,68.18181818181817,0.2656227232194143,2.9236070447576035,-37.78165566414058,30.02232142857142,-50.0,0,,,,,,,0
FMR_mfi14<30_pb<=0.0_none_both_h2_mid1_s0.07,mean_rev,-1000000000.0,1,22,59.09090909090909,-1.5034404854911965,2.0502898342242615,-55.05825464146581,24.494745351657233,-50.0,0,,,,,,,0
FMR_mfi14<25_pb<=0.25_squeeze_both_h4_mid1_s0.07,mean_rev,-1000000000.0,1,10,60.0,0.6605516555174362,4.7901413288273575,1.8187348986309804,13.137254901960782,-13.90887715336866,0,,,,,,,0
FMR_mfi14<25_pb<=0.25_bw40_both_h2_mid0_s0.07,mean_rev,-1000000000.0,1,34,32.35294117647059,-2.7403501091071263,-3.5595701236414587,-64.81503145443756,17.7461156449759,-15.992970717259647,0,,,,,,,0
FMR_mfi14<25_pb<=0.25_bw40_both_h2_mid1_s0.1,mean_rev,-1000000000.0,1,34,32.35294117647059,-2.6039578626960704,-3.5595701236414587,-62.93785804870191,17.7461156449759,-15.992970717259647,0,,,,,,,0
FMR_mfi14<25_pb<=0.25_bw40_both_h2_mid1_s0.07,mean_rev,-1000000000.0,1,34,32.35294117647059,-2.7403501091071263,-3.5595701236414587,-64.81503145443756,17.7461156449759,-15.992970717259647,0,,,,,,,0
FMR_mfi14<25_pb<=0.0_bw40_both_h4_mid0_s0.1,mean_rev,-1000000000.0,1,0,,,,0.0,,,0,,,,,,,0
FMR_mfi6<30_pb<=0.25_squeeze_pb_up_h3_mid1_s0.07,mean_rev,-1000000000.0,1,27,51.85185185185185,0.30163667140026684,0.9720629039521755,-6.062183931224663,20.15306122448979,-23.740996791549527,0,,,,,,,0
FMR_mfi6<30_pb<=0.25_squeeze_pb_up_h3_mid1_s0.1,mean_rev,-1000000000.0,1,27,51.85185185185185,-0.055804735366357966,0.9720629039521755,-15.972564266244238,20.15306122448979,-23.740996791549527,0,,,,,,,0
FMR_mfi6<30_pb<=0.25_squeeze_pb_up_h3_mid0_s0.07,mean_rev,-1000000000.0,1,27,55.55555555555556,0.871433902700062,0.9720629039521755,8.434543867297538,20.15306122448979,-23.740996791549527,0,,,,,,,0
FMR_mfi6<30_pb<=0.0_squeeze_both_h4_mid0_s0.1,mean_rev,-1000000000.0,1,0,,,,0.0,,,0,,,,,,,0
FMR_mfi6<30_pb<=0.0_squeeze_pb_up_h3_mid1_s0.1,mean_rev,-1000000000.0,1,0,,,,0.0,,,0,,,,,,,0
FMR_mfi6<30_pb<=0.0_squeeze_both_h4_mid1_s0.1,mean_rev,-1000000000.0,1,0,,,,0.0,,,0,,,,,,,0
FMR_mfi6<30_pb<=0.0_squeeze_both_h4_mid1_s0.07,mean_rev,-1000000000.0,1,0,,,,0.0,,,0,,,,,,,0
FMR_mfi6<30_pb<=0.25_squeeze_pb_up_h3_mid0_s0.1,mean_rev,-1000000000.0,1,27,55.55555555555556,0.5139924959334373,0.9720629039521755,-3.0052321052725484,20.15306122448979,-23.740996791549527,0,,,,,,,0
FMR_mfi6<30_pb<=0.25_squeeze_pb_up_h4_mid1_s0.07,mean_rev,-1000000000.0,1,27,48.148148148148145,1.06272123990273,-0.24297739336306412,16.37360110050281,21.059113300492616,-18.33648393194707,0,,,,,,,0
FMR_mfi6<30_pb<=0.25_squeeze_pb_up_h4_mid1_s0.1,mean_rev,-1000000000.0,1,27,48.148148148148145,0.6482408147959446,-0.24297739336306412,2.137092322435996,21.059113300492616,-19.712528904890945,0,,,,,,,0
FMR_mfi6<30_pb<=0.25_squeeze_pb_up_h4_mid0_s0.07,mean_rev,-1000000000.0,1,27,51.85185185185185,1.3270803494137688,0.5457330220832723,23.625802826248908,23.845193508114846,-18.33648393194707,0,,,,,,,0
FMR_mfi14<25_pb<=0.0_bw40_both_h2_mid0_s0.1,mean_rev,-1000000000.0,1,0,,,,0.0,,,0,,,,,,,0
FMR_mfi14<25_pb<=0.0_bw40_both_h3_mid1_s0.07,mean_rev,-1000000000.0,1,0,,,,0.0,,,0,,,,,,,0
FMR_mfi14<25_pb<=0.0_bw40_both_h3_mid1_s0.1,mean_rev,-1000000000.0,1,0,,,,0.0,,,0,,,,,,,0
FMR_mfi6<30_pb<=0.0_squeeze_both_h4_mid0_s0.07,mean_rev,-1000000000.0,1,0,,,,0.0,,,0,,,,,,,0
FMR_mfi6<30_pb<=0.25_squeeze_both_h3_mid1_s0.07,mean_rev,-1000000000.0,1,9,11.11111111111111,-7.969070267501353,-7.222216890865596,-54.25454578273039,3.0898944050931076,-23.740996791549527,0,,,,,,,0
FMR_mfi6<30_pb<=0.25_squeeze_both_h3_mid1_s0.1,mean_rev,-1000000000.0,1,9,11.11111111111111,-9.04139448780123,-7.222216890865596,-59.080662344344404,3.0898944050931076,-23.740996791549527,0,,,,,,,0
FMR_mfi6<30_pb<=0.25_squeeze_both_h3_mid0_s0.07,mean_rev,-1000000000.0,1,9,11.11111111111111,-7.6964821839149264,-7.222216890865596,-53.21176296546021,6.741586844838432,-23.740996791549527,0,,,,,,,0
FMR_mfi6<30_pb<=0.0_squeeze_pb_up_h4_mid0_s0.1,mean_rev,-1000000000.0,1,0,,,,0.0,,,0,,,,,,,0
FMR_mfi6<30_pb<=0.0_squeeze_pb_up_h4_mid0_s0.07,mean_rev,-1000000000.0,1,0,,,,0.0,,,0,,,,,,,0
FMR_mfi6<30_pb<=0.0_squeeze_pb_up_h4_mid1_s0.1,mean_rev,-1000000000.0,1,0,,,,0.0,,,0,,,,,,,0
FMR_mfi6<30_pb<=0.0_squeeze_pb_up_h4_mid1_s0.07,mean_rev,-1000000000.0,1,0,,,,0.0,,,0,,,,,,,0
FMR_mfi6<30_pb<=0.0_squeeze_pb_up_h3_mid0_s0.1,mean_rev,-1000000000.0,1,0,,,,0.0,,,0,,,,,,,0
FMR_mfi6<30_pb<=0.0_squeeze_pb_up_h3_mid0_s0.07,mean_rev,-1000000000.0,1,0,,,,0.0,,,0,,,,,,,0
FMR_mfi14<25_pb<=0.25_bw40_both_h2_mid0_s0.1,mean_rev,-1000000000.0,1,34,32.35294117647059,-2.6039578626960704,-3.5595701236414587,-62.93785804870191,17.7461156449759,-15.992970717259647,0,,,,,,,0
FMR_mfi6<30_pb<=0.0_squeeze_pb_up_h3_mid1_s0.07,mean_rev,-1000000000.0,1,0,,,,0.0,,,0,,,,,,,0
FMR_mfi6<30_pb<=0.0_squeeze_both_h3_mid0_s0.1,mean_rev,-1000000000.0,1,0,,,,0.0,,,0,,,,,,,0
FMR_mfi6<30_pb<=0.0_squeeze_both_h3_mid0_s0.07,mean_rev,-1000000000.0,1,0,,,,0.0,,,0,,,,,,,0
FMR_mfi6<30_pb<=0.0_squeeze_both_h3_mid1_s0.1,mean_rev,-1000000000.0,1,0,,,,0.0,,,0,,,,,,,0
FMR_mfi6<30_pb<=0.0_squeeze_both_h3_mid1_s0.07,mean_rev,-1000000000.0,1,0,,,,0.0,,,0,,,,,,,0
FMR_mfi6<30_pb<=0.0_squeeze_both_h2_mid0_s0.1,mean_rev,-1000000000.0,1,0,,,,0.0,,,0,,,,,,,0
FMR_mfi6<30_pb<=0.0_squeeze_both_h2_mid0_s0.07,mean_rev,-1000000000.0,1,0,,,,0.0,,,0,,,,,,,0
FMR_mfi6<30_pb<=0.0_squeeze_both_h2_mid1_s0.1,mean_rev,-1000000000.0,1,0,,,,0.0,,,0,,,,,,,0
FMR_mfi6<30_pb<=0.0_squeeze_both_h2_mid1_s0.07,mean_rev,-1000000000.0,1,0,,,,0.0,,,0,,,,,,,0
FMR_mfi13<20_pb<=0.0_none_pb_up_h2_mid1_s0.07,mean_rev,-1000000000.0,1,28,64.28571428571429,0.1876916254004966,2.2773547478804557,-30.862031983245707,24.494745351657233,-50.0,0,,,,,,,0
FMR_mfi14<30_pb<=0.0_squeeze_none_h3_mid1_s0.1,mean_rev,-1000000000.0,1,19,47.368421052631575,2.9251323221117964,-1.9094728348072243,39.00422402765391,51.540535420927846,-22.87581699346405,0,,,,,,,0
FMR_mfi14<30_pb<=0.0_squeeze_none_h3_mid1_s0.07,mean_rev,-1000000000.0,1,19,42.10526315789473,-0.9574959225925392,-2.297466674308579,-28.23288348709473,26.46370309298156,-22.87581699346405,0,,,,,,,0
FMR_mfi14<30_pb<=0.0_squeeze_none_h2_mid0_s0.1,mean_rev,-1000000000.0,1,19,36.84210526315789,2.4762917145676764,-1.5075335577793725,32.861254456945744,51.540535420927846,-15.624992049702957,0,,,,,,,0
FMR_mfi14<30_pb<=0.0_squeeze_none_h2_mid0_s0.07,mean_rev,-1000000000.0,1,19,31.57894736842105,-1.1183028030402609,-3.649648257096738,-27.01753886650996,26.46370309298156,-16.756760413622963,0,,,,,,,0
FMR_mfi14<30_pb<=0.0_squeeze_none_h2_mid1_s0.1,mean_rev,-1000000000.0,1,19,36.84210526315789,2.4762917145676764,-1.5075335577793725,32.861254456945744,51.540535420927846,-15.624992049702957,0,,,,,,,0
FMR_mfi14<30_pb<=0.0_squeeze_none_h2_mid1_s0.07,mean_rev,-1000000000.0,1,19,31.57894736842105,-1.1183028030402609,-3.649648257096738,-27.01753886650996,26.46370309298156,-16.756760413622963,0,,,,,,,0
FMR_mfi13<20_pb<=0.0_none_both_h3_mid1_s0.1,mean_rev,-1000000000.0,1,11,63.63636363636363,-3.056174896857727,2.7072849878734484,-50.910310845950036,18.835893290218266,-50.0,0,,,,,,,0
FMR_mfi13<20_pb<=0.0_none_both_h3_mid0_s0.07,mean_rev,-1000000000.0,1,11,63.63636363636363,-3.113668598715494,2.7072849878734484,-51.18449005821677,18.835893290218266,-50.0,0,,,,,,,0
FMR_mfi13<20_pb<=0.0_none_pb_up_h4_mid0_s0.1,mean_rev,-1000000000.0,1,28,71.42857142857143,2.7456220114184857,4.444961801304769,34.23860210219025,30.02232142857142,-50.0,0,,,,,,,0
FMR_mfi13<20_pb<=0.0_none_both_h4_mid1_s0.07,mean_rev,-1000000000.0,1,11,81.81818181818183,-1.0140151737345755,3.644569303607059,-38.55119216356648,18.835893290218266,-50.0,0,,,,,,,0
FMR_mfi14<30_pb<=0.0_squeeze_pb_up_h2_mid0_s0.1,mean_rev,-1000000000.0,1,0,,,,0.0,,,0,,,,,,,0
FMR_mfi14<30_pb<=0.0_squeeze_pb_up_h2_mid0_s0.07,mean_rev,-1000000000.0,1,0,,,,0.0,,,0,,,,,,,0
FMR_mfi14<30_pb<=0.0_squeeze_pb_up_h2_mid1_s0.1,mean_rev,-1000000000.0,1,0,,,,0.0,,,0,,,,,,,0
FMR_mfi14<30_pb<=0.0_squeeze_pb_up_h2_mid1_s0.07,mean_rev,-1000000000.0,1,0,,,,0.0,,,0,,,,,,,0
FMR_mfi14<30_pb<=0.0_squeeze_none_h4_mid0_s0.1,mean_rev,-1000000000.0,1,18,61.111111111111114,3.377264600852908,0.8509007802766866,49.44542318662428,51.540535420927846,-22.87581699346405,0,,,,,,,0
FMR_mfi14<30_pb<=0.0_squeeze_none_h4_mid0_s0.07,mean_rev,-1000000000.0,1,18,55.55555555555556,-0.7210652130016679,0.2814695245012433,-22.84214977509471,21.238940843037703,-22.87581699346405,0,,,,,,,0
FMR_mfi14<30_pb<=0.0_squeeze_none_h4_mid1_s0.1,mean_rev,-1000000000.0,1,18,61.111111111111114,2.511430124055634,0.4777323152018953,29.52776689584764,51.540535420927846,-22.87581699346405,0,,,,,,,0
FMR_mfi14<30_pb<=0.0_squeeze_none_h4_mid1_s0.07,mean_rev,-1000000000.0,1,18,55.55555555555556,-1.5868996897989422,0.2814695245012433,-33.125526195366625,20.357420357420363,-22.87581699346405,0,,,,,,,0
FMR_mfi13<20_pb<=0.0_none_both_h3_mid0_s0.1,mean_rev,-1000000000.0,1,11,63.63636363636363,-3.113668598715494,2.7072849878734484,-51.18449005821677,18.835893290218266,-50.0,0,,,,,,,0
FMR_mfi6<30_pb<=0.0_none_both_h2_mid0_s0.07,mean_rev,-1000000000.0,1,24,66.66666666666666,1.507850157190461,2.857444657840491,-6.586324565060265,31.250006715698532,-50.0,0,,,,,,,0
FMR_mfi6<30_pb<=0.0_none_both_h2_mid1_s0.1,mean_rev,-1000000000.0,1,24,66.66666666666666,1.507850157190461,2.857444657840491,-6.586324565060265,31.250006715698532,-50.0,0,,,,,,,0
FMR_mfi6<30_pb<=0.0_none_both_h2_mid1_s0.07,mean_rev,-1000000000.0,1,24,66.66666666666666,1.507850157190461,2.857444657840491,-6.586324565060265,31.250006715698532,-50.0,0,,,,,,,0
FMR_mfi14<30_pb<=0.0_bw40_pb_up_h2_mid0_s0.1,mean_rev,-1000000000.0,1,5,20.0,-4.478951982273626,-1.6722319978092703,-22.88708533901852,11.259159664661066,-19.408866995073893,0,,,,,,,0
FMR_mfi6<30_pb<=0.0_none_both_h2_mid0_s0.1,mean_rev,-1000000000.0,1,24,66.66666666666666,1.507850157190461,2.857444657840491,-6.586324565060265,31.250006715698532,-50.0,0,,,,,,,0
FMR_mfi13<20_pb<=0.0_squeeze_none_h2_mid0_s0.1,mean_rev,-1000000000.0,1,5,40.0,-1.73270880927064,-3.649648257096738,-8.846550582359347,6.017690724180036,-6.639018627651582,0,,,,,,,0
FMR_mfi14<25_pb<=0.0_bw40_pb_up_h3_mid1_s0.1,mean_rev,-1000000000.0,1,1,0.0,-12.275215011727914,-12.275215011727914,-12.275215011727914,-12.275215011727914,-12.275215011727914,0,,,,,,,0
FMR_mfi14<25_pb<=0.0_bw40_pb_up_h3_mid0_s0.07,mean_rev,-1000000000.0,1,1,0.0,-12.275215011727914,-12.275215011727914,-12.275215011727914,-12.275215011727914,-12.275215011727914,0,,,,,,,0
FMR_mfi14<30_pb<=0.0_squeeze_none_h3_mid0_s0.07,mean_rev,-1000000000.0,1,19,42.10526315789473,-0.40301680918823973,-2.297466674308579,-20.67660278357102,26.46370309298156,-22.87581699346405,0,,,,,,,0
FMR_mfi13<20_pb<=0.0_none_both_h3_mid1_s0.07,mean_rev,-1000000000.0,1,11,63.63636363636363,-3.056174896857727,2.7072849878734484,-50.910310845950036,18.835893290218266,-50.0,0,,,,,,,0
FMR_mfi14<30_pb<=0.0_bw40_pb_up_h2_mid0_s0.07,mean_rev,-1000000000.0,1,5,20.0,-4.478951982273626,-1.6722319978092703,-22.88708533901852,11.259159664661066,-19.408866995073893,0,,,,,,,0
FMR_mfi14<30_pb<=0.0_bw40_pb_up_h2_mid1_s0.1,mean_rev,-1000000000.0,1,5,20.0,-4.478951982273626,-1.6722319978092703,-22.88708533901852,11.259159664661066,-19.408866995073893,0,,,,,,,0
FMR_mfi14<30_pb<=0.0_bw40_pb_up_h2_mid1_s0.07,mean_rev,-1000000000.0,1,5,20.0,-4.478951982273626,-1.6722319978092703,-22.88708533901852,11.259159664661066,-19.408866995073893,0,,,,,,,0
FMR_mfi6<30_pb<=0.0_none_both_h4_mid0_s0.1,mean_rev,-1000000000.0,1,24,75.0,3.69721764560121,5.760751047076784,43.32858656391352,42.6724207403778,-50.0,0,,,,,,,0
FMR_mfi6<30_pb<=0.0_none_both_h4_mid0_s0.07,mean_rev,-1000000000.0,1,24,75.0,3.660344445984085,5.760751047076784,41.95373041488257,42.6724207403778,-50.0,0,,,,,,,0
FMR_mfi6<30_pb<=0.0_none_both_h4_mid1_s0.1,mean_rev,-1000000000.0,1,24,70.83333333333334,1.7707424147625679,3.914795208712929,-2.104015379344182,31.250006715698532,-50.0,0,,,,,,,0
FMR_mfi6<30_pb<=0.0_none_both_h4_mid1_s0.07,mean_rev,-1000000000.0,1,24,70.83333333333334,1.7338692151454431,3.914795208712929,-3.0430666854919353,31.250006715698532,-50.0,0,,,,,,,0
FMR_mfi14<30_pb<=0.0_squeeze_none_h3_mid0_s0.1,mean_rev,-1000000000.0,1,19,47.368421052631575,3.479611435516096,-1.9094728348072243,53.63982577346989,51.540535420927846,-22.87581699346405,0,,,,,,,0
FMR_mfi13<20_pb<=0.0_none_both_h2_mid0_s0.1,mean_rev,-1000000000.0,1,11,72.72727272727273,-2.384896261958592,3.214897990419141,-47.05179572937178,24.494745351657233,-50.0,0,,,,,,,0
FMR_mfi14<25_pb<=0.25_bw40_both_h4_mid1_s0.1,mean_rev,-1000000000.0,1,34,47.05882352941176,-1.2485625686542141,-1.8511192166913215,-46.200858730649685,31.735546458016707,-19.712528904890945,0,,,,,,,0
FMR_mfi14<25_pb<=0.25_bw40_both_h4_mid1_s0.07,mean_rev,-1000000000.0,1,34,47.05882352941176,-1.3527515120116902,-1.8511192166913215,-47.00807334997239,31.735546458016707,-15.992970717259647,0,,,,,,,0
FMR_mfi14<25_pb<=0.25_bw40_both_h3_mid0_s0.1,mean_rev,-1000000000.0,1,34,38.23529411764706,-2.479365072187477,-2.9027896943460085,-64.09122760309005,31.782945736434097,-18.172475409706614,0,,,,,,,0
FMR_mfi13<20_pb<=0.0_none_pb_up_h3_mid0_s0.1,mean_rev,-1000000000.0,1,28,64.28571428571429,0.9268087979305059,2.626369766663994,-15.303826340527216,18.881991109327313,-50.0,0,,,,,,,0
FMR_mfi13<20_pb<=0.0_none_pb_up_h4_mid1_s0.07,mean_rev,-1000000000.0,1,28,71.42857142857143,0.8671762451579332,3.0473672311404854,-17.4930235565537,21.49068348559977,-50.0,0,,,,,,,0
FMR_mfi13<20_pb<=0.0_none_pb_up_h4_mid1_s0.1,mean_rev,-1000000000.0,1,28,71.42857142857143,0.8671762451579332,3.0473672311404854,-17.4930235565537,21.49068348559977,-50.0,0,,,,,,,0
FMR_mfi14<25_pb<=0.25_bw40_both_h3_mid0_s0.07,mean_rev,-1000000000.0,1,34,38.23529411764706,-2.2394788868642346,-2.9027896943460085,-60.50740144499965,31.782945736434097,-15.992970717259647,0,,,,,,,0
FMR_mfi14<25_pb<=0.25_bw40_both_h3_mid1_s0.1,mean_rev,-1000000000.0,1,34,44.11764705882353,-2.1281086150817314,-2.1395741471535388,-59.55037022054215,31.782945736434097,-18.172475409706614,0,,,,,,,0
FMR_mfi14<30_pb<=0.0_squeeze_pb_up_h4_mid0_s0.1,mean_rev,-1000000000.0,1,0,,,,0.0,,,0,,,,,,,0
FMR_mfi13<20_pb<=0.0_none_pb_up_h4_mid0_s0.07,mean_rev,-1000000000.0,1,28,71.42857142857143,2.7456220114184857,4.444961801304769,34.23860210219025,30.02232142857142,-50.0,0,,,,,,,0
FMR_mfi14<25_pb<=0.0_bw40_both_h3_mid0_s0.07,mean_rev,-1000000000.0,1,0,,,,0.0,,,0,,,,,,,0
FMR_mfi13<20_pb<=0.0_none_both_h2_mid1_s0.07,mean_rev,-1000000000.0,1,11,72.72727272727273,-2.384896261958592,3.214897990419141,-47.05179572937178,24.494745351657233,-50.0,0,,,,,,,0
FMR_mfi13<20_pb<=0.0_none_both_h2_mid1_s0.1,mean_rev,-1000000000.0,1,11,72.72727272727273,-2.384896261958592,3.214897990419141,-47.05179572937178,24.494745351657233,-50.0,0,,,,,,,0
FMR_mfi14<30_pb<=0.0_none_both_h2_mid0_s0.1,mean_rev,-1000000000.0,1,22,59.09090909090909,-1.5034404854911965,2.0502898342242615,-55.05825464146581,24.494745351657233,-50.0,0,,,,,,,0
FMR_mfi14<30_pb<=0.0_none_both_h2_mid0_s0.07,mean_rev,-1000000000.0,1,22,59.09090909090909,-1.5034404854911965,2.0502898342242615,-55.05825464146581,24.494745351657233,-50.0,0,,,,,,,0
FMR_mfi14<30_pb<=0.0_none_both_h2_mid1_s0.1,mean_rev,-1000000000.0,1,22,59.09090909090909,-1.5034404854911965,2.0502898342242615,-55.05825464146581,24.494745351657233,-50.0,0,,,,,,,0
FMR_mfi13<20_pb<=0.0_none_both_h2_mid0_s0.07,mean_rev,-1000000000.0,1,11,72.72727272727273,-2.384896261958592,3.214897990419141,-47.05179572937178,24.494745351657233,-50.0,0,,,,,,,0
FMR_mfi14<25_pb<=0.0_bw40_pb_up_h2_mid0_s0.1,mean_rev,-1000000000.0,1,1,0.0,-12.275215011727914,-12.275215011727914,-12.275215011727914,-12.275215011727914,-12.275215011727914,0,,,,,,,0
FMR_mfi14<25_pb<=0.25_bw40_both_h3_mid1_s0.07,mean_rev,-1000000000.0,1,34,44.11764705882353,-1.8882224297584886,-2.1395741471535388,-55.51334997138524,31.782945736434097,-15.992970717259647,0,,,,,,,0
FMR_mfi14<30_pb<=0.0_squeeze_pb_up_h4_mid0_s0.07,mean_rev,-1000000000.0,1,0,,,,0.0,,,0,,,,,,,0
FMR_mfi14<30_pb<=0.0_squeeze_pb_up_h4_mid1_s0.1,mean_rev,-1000000000.0,1,0,,,,0.0,,,0,,,,,,,0
FMR_mfi14<30_pb<=0.0_squeeze_pb_up_h4_mid1_s0.07,mean_rev,-1000000000.0,1,0,,,,0.0,,,0,,,,,,,0
FMR_mfi14<30_pb<=0.0_squeeze_pb_up_h3_mid0_s0.1,mean_rev,-1000000000.0,1,0,,,,0.0,,,0,,,,,,,0
FMR_mfi14<30_pb<=0.0_squeeze_pb_up_h3_mid0_s0.07,mean_rev,-1000000000.0,1,0,,,,0.0,,,0,,,,,,,0
FMR_mfi14<30_pb<=0.0_squeeze_pb_up_h3_mid1_s0.1,mean_rev,-1000000000.0,1,0,,,,0.0,,,0,,,,,,,0
FMR_mfi14<30_pb<=0.0_squeeze_pb_up_h3_mid1_s0.07,mean_rev,-1000000000.0,1,0,,,,0.0,,,0,,,,,,,0
FMR_mfi14<30_pb<=0.0_squeeze_both_h3_mid0_s0.1,mean_rev,-1000000000.0,1,0,,,,0.0,,,0,,,,,,,0
FMR_mfi14<25_pb<=0.25_bw40_both_h4_mid0_s0.07,mean_rev,-1000000000.0,1,34,41.17647058823529,-1.3573188136689003,-2.707181190619201,-47.37324082169382,31.735546458016707,-15.992970717259647,0,,,,,,,0
FMR_mfi14<30_pb<=0.0_squeeze_both_h3_mid1_s0.1,mean_rev,-1000000000.0,1,0,,,,0.0,,,0,,,,,,,0
FMR_mfi14<30_pb<=0.0_squeeze_both_h3_mid1_s0.07,mean_rev,-1000000000.0,1,0,,,,0.0,,,0,,,,,,,0
FMR_mfi14<30_pb<=0.0_squeeze_both_h2_mid0_s0.1,mean_rev,-1000000000.0,1,0,,,,0.0,,,0,,,,,,,0
FMR_mfi14<30_pb<=0.0_squeeze_both_h2_mid0_s0.07,mean_rev,-1000000000.0,1,0,,,,0.0,,,0,,,,,,,0
FMR_mfi14<30_pb<=0.0_squeeze_both_h2_mid1_s0.1,mean_rev,-1000000000.0,1,0,,,,0.0,,,0,,,,,,,0
FMR_mfi14<30_pb<=0.0_squeeze_both_h2_mid1_s0.07,mean_rev,-1000000000.0,1,0,,,,0.0,,,0,,,,,,,0
FMR_mfi13<20_pb<=0.0_none_both_h4_mid1_s0.1,mean_rev,-1000000000.0,1,11,81.81818181818183,-1.0140151737345755,3.644569303607059,-38.55119216356648,18.835893290218266,-50.0,0,,,,,,,0
FMR_mfi13<20_pb<=0.0_none_both_h4_mid0_s0.07,mean_rev,-1000000000.0,1,11,81.81818181818183,1.693956749984592,7.388395234865164,-20.373762213986414,30.02232142857142,-50.0,0,,,,,,,0
FMR_mfi14<25_pb<=0.25_bw40_both_h4_mid0_s0.1,mean_rev,-1000000000.0,1,34,41.17647058823529,-1.2531298703114242,-2.212740789508821,-46.571588719915034,31.735546458016707,-19.712528904890945,0,,,,,,,0
FMR_mfi14<30_pb<=0.0_squeeze_both_h3_mid0_s0.07,mean_rev,-1000000000.0,1,0,,,,0.0,,,0,,,,,,,0
FMR_mfi14<25_pb<=0.15_squeeze_pb_up_h2_mid0_s0.07,mean_rev,-1000000000.0,1,3,33.33333333333333,-1.8298051044311259,-5.537098560354369,-5.984209386149331,7.241929282936654,-7.194246035875662,0,,,,,,,0
FMR_mfi14<25_pb<=0.15_squeeze_none_h3_mid0_s0.1,mean_rev,-1000000000.0,1,34,55.88235294117647,2.175835305303591,1.5908522399016523,76.954366413052,26.46370309298156,-23.740996791549527,0,,,,,,,0
FMR_mfi6<30_pb<=0.15_bw40_both_h3_mid0_s0.07,mean_rev,-1000000000.0,1,19,52.63157894736842,1.257874063607699,0.17542148855838047,15.736978276741409,17.7461156449759,-19.49434464404525,0,,,,,,,0
FMR_mfi6<30_pb<=0.15_bw40_both_h3_mid1_s0.1,mean_rev,-1000000000.0,1,19,52.63157894736842,0.31571035624957783,0.17542148855838047,-1.4505347527105084,17.7461156449759,-19.49434464404525,0,,,,,,,0
FMR_mfi6<30_pb<=0.15_bw40_both_h3_mid1_s0.07,mean_rev,-1000000000.0,1,19,52.63157894736842,0.31571035624957783,0.17542148855838047,-1.4505347527105084,17.7461156449759,-19.49434464404525,0,,,,,,,0
FMR_mfi6<30_pb<=0.15_bw40_both_h2_mid0_s0.1,mean_rev,-1000000000.0,1,19,47.368421052631575,0.8261344564715851,-0.2976055714181247,11.041886182226612,17.7461156449759,-15.03659347970725,0,,,,,,,0
FMR_mfi6<30_pb<=0.15_squeeze_both_h4_mid1_s0.07,mean_rev,-1000000000.0,1,1,0.0,-13.90887715336866,-13.90887715336866,-13.90887715336866,-13.90887715336866,-13.90887715336866,0,,,,,,,0
FMR_mfi6<30_pb<=0.15_squeeze_both_h3_mid0_s0.1,mean_rev,-1000000000.0,1,1,0.0,-23.740996791549527,-23.740996791549527,-23.740996791549527,-23.740996791549527,-23.740996791549527,0,,,,,,,0
FMR_mfi6<30_pb<=0.15_squeeze_both_h3_mid0_s0.07,mean_rev,-1000000000.0,1,1,0.0,-23.740996791549527,-23.740996791549527,-23.740996791549527,-23.740996791549527,-23.740996791549527,0,,,,,,,0
FMR_mfi14<25_pb<=0.25_squeeze_both_h2_mid0_s0.1,mean_rev,-1000000000.0,1,10,50.0,0.03633370414381276,-1.2236020776306311,-3.4790640163450237,13.137254901960782,-11.46601146601146,0,,,,,,,0
FMR_mfi6<30_pb<=0.25_squeeze_pb_up_h2_mid1_s0.07,mean_rev,-1000000000.0,1,27,40.74074074074074,-0.1160853484055426,-1.4403269804143193,-9.353761214778034,20.15306122448979,-11.909262759924388,0,,,,,,,0
FMR_mfi6<30_pb<=0.25_squeeze_pb_up_h2_mid1_s0.1,mean_rev,-1000000000.0,1,27,40.74074074074074,-0.1160853484055426,-1.4403269804143193,-9.353761214778034,20.15306122448979,-11.909262759924388,0,,,,,,,0
FMR_mfi6<30_pb<=0.25_squeeze_pb_up_h2_mid0_s0.07,mean_rev,-1000000000.0,1,27,40.74074074074074,-0.1160853484055426,-1.4403269804143193,-9.353761214778034,20.15306122448979,-11.909262759924388,0,,,,,,,0
FMR_mfi6<30_pb<=0.15_squeeze_both_h3_mid1_s0.07,mean_rev,-1000000000.0,1,1,0.0,-23.740996791549527,-23.740996791549527,-23.740996791549527,-23.740996791549527,-23.740996791549527,0,,,,,,,0
FMR_mfi14<25_pb<=0.15_squeeze_none_h2_mid1_s0.07,mean_rev,-1000000000.0,1,34,52.94117647058824,3.256107194740143,1.668395691533442,170.3761280154807,26.46370309298156,-7.194246035875662,0,,,,,,,0
FMR_mfi14<25_pb<=0.15_squeeze_none_h2_mid1_s0.1,mean_rev,-1000000000.0,1,34,52.94117647058824,3.256107194740143,1.668395691533442,170.3761280154807,26.46370309298156,-7.194246035875662,0,,,,,,,0
FMR_mfi6<30_pb<=0.15_bw40_both_h4_mid0_s0.1,mean_rev,-1000000000.0,1,19,57.89473684210527,5.491073741449082,4.824294979533894,147.52638576040735,31.735546458016707,-19.49434464404525,0,,,,,,,0
FMR_mfi14<25_pb<=0.15_squeeze_pb_up_h4_mid0_s0.07,mean_rev,-1000000000.0,1,3,66.66666666666666,0.3548379351261769,7.419712070874862,-0.5356093877002532,7.553678887872328,-13.90887715336866,0,,,,,,,0
FMR_mfi14<25_pb<=0.15_squeeze_pb_up_h4_mid1_s0.1,mean_rev,-1000000000.0,1,3,66.66666666666666,0.3548379351261769,7.419712070874862,-0.5356093877002532,7.553678887872328,-13.90887715336866,0,,,,,,,0
FMR_mfi6<30_pb<=0.15_squeeze_both_h3_mid1_s0.1,mean_rev,-1000000000.0,1,1,0.0,-23.740996791549527,-23.740996791549527,-23.740996791549527,-23.740996791549527,-23.740996791549527,0,,,,,,,0
FMR_mfi14<25_pb<=0.15_bw40_both_h2_mid0_s0.1,mean_rev,-1000000000.0,1,13,30.76923076923077,-0.7493438903032701,-3.3556993870678675,-12.227272095812635,17.7461156449759,-8.587566154723769,0,,,,,,,0
FMR_mfi14<25_pb<=0.15_bw40_both_h2_mid0_s0.07,mean_rev,-1000000000.0,1,13,30.76923076923077,-0.7493438903032701,-3.3556993870678675,-12.227272095812635,17.7461156449759,-8.587566154723769,0,,,,,,,0
FMR_mfi14<25_pb<=0.15_bw40_both_h2_mid1_s0.1,mean_rev,-1000000000.0,1,13,30.76923076923077,-0.7493438903032701,-3.3556993870678675,-12.227272095812635,17.7461156449759,-8.587566154723769,0,,,,,,,0
FMR_mfi14<25_pb<=0.15_bw40_both_h2_mid1_s0.07,mean_rev,-1000000000.0,1,13,30.76923076923077,-0.7493438903032701,-3.3556993870678675,-12.227272095812635,17.7461156449759,-8.587566154723769,0,,,,,,,0
FMR_mfi14<25_pb<=0.15_bw40_pb_up_h4_mid0_s0.1,mean_rev,-1000000000.0,1,19,47.368421052631575,2.0660045799558335,-0.8488934599414466,32.736360373645,31.735546458016707,-14.473674046774976,0,,,,,,,0
FMR_mfi6<30_pb<=0.15_bw40_both_h2_mid0_s0.07,mean_rev,-1000000000.0,1,19,47.368421052631575,0.8261344564715851,-0.2976055714181247,11.041886182226612,17.7461156449759,-15.03659347970725,0,,,,,,,0
FMR_mfi6<30_pb<=0.15_bw40_both_h2_mid1_s0.1,mean_rev,-1000000000.0,1,19,47.368421052631575,0.8261344564715851,-0.2976055714181247,11.041886182226612,17.7461156449759,-15.03659347970725,0,,,,,,,0
FMR_mfi6<30_pb<=0.15_bw40_both_h2_mid1_s0.07,mean_rev,-1000000000.0,1,19,47.368421052631575,0.8261344564715851,-0.2976055714181247,11.041886182226612,17.7461156449759,-15.03659347970725,0,,,,,,,0
FMR_mfi14<25_pb<=0.15_bw40_both_h4_mid0_s0.1,mean_rev,-1000000000.0,1,13,38.46153846153847,2.598611058385858,-2.0044495652122962,29.12305892007665,31.735546458016707,-14.473674046774976,0,,,,,,,0
FMR_mfi14<25_pb<=0.15_squeeze_pb_up_h2_mid1_s0.1,mean_rev,-1000000000.0,1,3,33.33333333333333,-1.8298051044311259,-5.537098560354369,-5.984209386149331,7.241929282936654,-7.194246035875662,0,,,,,,,0
FMR_mfi14<25_pb<=0.15_bw40_both_h4_mid1_s0.1,mean_rev,-1000000000.0,1,13,38.46153846153847,2.533311411599019,-2.0044495652122962,28.01755464847848,31.735546458016707,-14.473674046774976,0,,,,,,,0
FMR_mfi14<25_pb<=0.15_bw40_both_h4_mid1_s0.07,mean_rev,-1000000000.0,1,13,38.46153846153847,1.024408982030356,-2.0044495652122962,4.727456199299529,31.735546458016707,-14.473674046774976,0,,,,,,,0
FMR_mfi14<25_pb<=0.15_bw40_both_h3_mid0_s0.1,mean_rev,-1000000000.0,1,13,38.46153846153847,1.2369618199131227,-2.4498800016241495,8.466398544768339,31.782945736434097,-12.819447904934766,0,,,,,,,0
FMR_mfi6<30_pb<=0.15_bw40_both_h4_mid0_s0.07,mean_rev,-1000000000.0,1,19,57.89473684210527,4.458666815954734,0.8928809879590327,102.49417194442626,31.735546458016707,-19.49434464404525,0,,,,,,,0
FMR_mfi6<30_pb<=0.15_bw40_both_h4_mid1_s0.1,mean_rev,-1000000000.0,1,19,52.63157894736842,3.3821846766483787,2.8875359092662256,71.46126876411142,31.735546458016707,-19.49434464404525,0,,,,,,,0
FMR_mfi6<30_pb<=0.15_bw40_both_h4_mid1_s0.07,mean_rev,-1000000000.0,1,19,52.63157894736842,2.3497777511540305,0.17542148855838047,40.26750131008878,31.735546458016707,-19.49434464404525,0,,,,,,,0
FMR_mfi6<30_pb<=0.15_bw40_both_h3_mid0_s0.1,mean_rev,-1000000000.0,1,19,52.63157894736842,1.257874063607699,0.17542148855838047,15.736978276741409,17.7461156449759,-19.49434464404525,0,,,,,,,0
FMR_mfi14<25_pb<=0.15_squeeze_none_h4_mid0_s0.1,mean_rev,-1000000000.0,1,34,64.70588235294117,5.057484436399223,1.876602848180109,322.34516867304774,48.28432354004492,-13.90887715336866,0,,,,,,,0
FMR_mfi14<25_pb<=0.15_squeeze_pb_up_h2_mid1_s0.07,mean_rev,-1000000000.0,1,3,33.33333333333333,-1.8298051044311259,-5.537098560354369,-5.984209386149331,7.241929282936654,-7.194246035875662,0,,,,,,,0
FMR_mfi14<25_pb<=0.15_bw40_both_h4_mid0_s0.07,mean_rev,-1000000000.0,1,13,38.46153846153847,1.0897086288171942,-2.0044495652122962,5.631837246882032,31.735546458016707,-14.473674046774976,0,,,,,,,0
FMR_mfi6<30_pb<=0.25_squeeze_both_h4_mid0_s0.07,mean_rev,-1000000000.0,1,9,11.11111111111111,-6.310193776094734,-5.370369999761582,-45.663581114655294,6.741586844838432,-18.33648393194707,0,,,,,,,0
FMR_mfi6<30_pb<=0.25_squeeze_both_h4_mid0_s0.1,mean_rev,-1000000000.0,1,9,11.11111111111111,-7.553635051415091,-5.370369999761582,-52.3108009060396,6.741586844838432,-19.712528904890945,0,,,,,,,0
FMR_mfi14<25_pb<=0.15_squeeze_pb_up_h4_mid0_s0.1,mean_rev,-1000000000.0,1,3,66.66666666666666,0.3548379351261769,7.419712070874862,-0.5356093877002532,7.553678887872328,-13.90887715336866,0,,,,,,,0
FMR_mfi14<25_pb<=0.15_bw40_pb_up_h2_mid0_s0.07,mean_rev,-1000000000.0,1,19,31.57894736842105,-1.6887281108080885,-2.390455774854061,-31.52340044833799,17.7461156449759,-15.674603174603174,0,,,,,,,0
FMR_mfi14<25_pb<=0.15_bw40_pb_up_h2_mid0_s0.1,mean_rev,-1000000000.0,1,19,31.57894736842105,-1.6887281108080885,-2.390455774854061,-31.52340044833799,17.7461156449759,-15.674603174603174,0,,,,,,,0
FMR_mfi14<25_pb<=0.15_bw40_pb_up_h3_mid1_s0.07,mean_rev,-1000000000.0,1,19,31.57894736842105,-0.3573860936588227,-2.4498800016241495,-15.297399173327408,31.782945736434097,-12.819447904934766,0,,,,,,,0
FMR_mfi14<25_pb<=0.15_bw40_pb_up_h3_mid1_s0.1,mean_rev,-1000000000.0,1,19,31.57894736842105,-0.3573860936588227,-2.4498800016241495,-15.297399173327408,31.782945736434097,-12.819447904934766,0,,,,,,,0
FMR_mfi14<25_pb<=0.15_bw40_pb_up_h3_mid0_s0.07,mean_rev,-1000000000.0,1,19,31.57894736842105,-0.31270738796256475,-2.4498800016241495,-14.565944121819141,31.782945736434097,-12.819447904934766,0,,,,,,,0
FMR_mfi14<25_pb<=0.15_bw40_pb_up_h2_mid1_s0.1,mean_rev,-1000000000.0,1,19,31.57894736842105,-1.6887281108080885,-2.390455774854061,-31.52340044833799,17.7461156449759,-15.674603174603174,0,,,,,,,0
FMR_mfi14<25_pb<=0.15_squeeze_pb_up_h4_mid1_s0.07,mean_rev,-1000000000.0,1,3,66.66666666666666,0.3548379351261769,7.419712070874862,-0.5356093877002532,7.553678887872328,-13.90887715336866,0,,,,,,,0
FMR_mfi14<25_pb<=0.15_squeeze_both_h4_mid0_s0.1,mean_rev,-1000000000.0,1,2,50.0,-3.2445825412468987,-3.2445825412468987,-7.521163719565449,7.419712070874862,-13.90887715336866,0,,,,,,,0
FMR_mfi14<25_pb<=0.15_squeeze_both_h4_mid0_s0.07,mean_rev,-1000000000.0,1,2,50.0,-3.2445825412468987,-3.2445825412468987,-7.521163719565449,7.419712070874862,-13.90887715336866,0,,,,,,,0
FMR_mfi14<25_pb<=0.15_squeeze_both_h4_mid1_s0.1,mean_rev,-1000000000.0,1,2,50.0,-3.2445825412468987,-3.2445825412468987,-7.521163719565449,7.419712070874862,-13.90887715336866,0,,,,,,,0
FMR_mfi14<25_pb<=0.15_squeeze_both_h4_mid1_s0.07,mean_rev,-1000000000.0,1,2,50.0,-3.2445825412468987,-3.2445825412468987,-7.521163719565449,7.419712070874862,-13.90887715336866,0,,,,,,,0
FMR_mfi14<25_pb<=0.15_squeeze_both_h3_mid0_s0.1,mean_rev,-1000000000.0,1,2,50.0,4.020974472442285,4.020974472442285,0.49636081733781534,31.782945736434097,-23.740996791549527,0,,,,,,,0
FMR_mfi14<25_pb<=0.15_bw40_pb_up_h4_mid0_s0.07,mean_rev,-1000000000.0,1,19,47.368421052631575,1.0335976544614844,-0.8488934599414466,8.587774584948882,31.735546458016707,-14.473674046774976,0,,,,,,,0
FMR_mfi14<25_pb<=0.15_bw40_pb_up_h4_mid1_s0.1,mean_rev,-1000000000.0,1,19,47.368421052631575,2.0213258742595754,-1.6977888681703468,31.599920340263488,31.735546458016707,-14.473674046774976,0,,,,,,,0
FMR_mfi14<25_pb<=0.15_bw40_pb_up_h4_mid1_s0.07,mean_rev,-1000000000.0,1,19,47.368421052631575,0.9889189487652267,-1.6977888681703468,7.658085886036425,31.735546458016707,-14.473674046774976,0,,,,,,,0
FMR_mfi14<25_pb<=0.15_bw40_pb_up_h3_mid0_s0.1,mean_rev,-1000000000.0,1,19,31.57894736842105,-0.31270738796256475,-2.4498800016241495,-14.565944121819141,31.782945736434097,-12.819447904934766,0,,,,,,,0
FMR_mfi14<25_pb<=0.15_bw40_pb_up_h2_mid1_s0.07,mean_rev,-1000000000.0,1,19,31.57894736842105,-1.6887281108080885,-2.390455774854061,-31.52340044833799,17.7461156449759,-15.674603174603174,0,,,,,,,0
FMR_mfi14<25_pb<=0.15_squeeze_pb_up_h3_mid0_s0.1,mean_rev,-1000000000.0,1,3,66.66666666666666,5.198542610918966,7.553678887872328,8.08753320747706,31.782945736434097,-23.740996791549527,0,,,,,,,0
FMR_mfi14<25_pb<=0.15_squeeze_none_h2_mid0_s0.07,mean_rev,-1000000000.0,1,34,52.94117647058824,3.256107194740143,1.668395691533442,170.3761280154807,26.46370309298156,-7.194246035875662,0,,,,,,,0
FMR_mfi14<25_pb<=0.15_squeeze_none_h2_mid0_s0.1,mean_rev,-1000000000.0,1,34,52.94117647058824,3.256107194740143,1.668395691533442,170.3761280154807,26.46370309298156,-7.194246035875662,0,,,,,,,0
FMR_mfi14<25_pb<=0.15_squeeze_none_h3_mid1_s0.07,mean_rev,-1000000000.0,1,34,58.82352941176471,2.669417717492237,2.5462456538212996,107.48164651066733,26.46370309298156,-23.740996791549527,0,,,,,,,0
FMR_mfi14<25_pb<=0.15_squeeze_none_h3_mid1_s0.1,mean_rev,-1000000000.0,1,34,58.82352941176471,2.669417717492237,2.5462456538212996,107.48164651066733,26.46370309298156,-23.740996791549527,0,,,,,,,0
FMR_mfi14<25_pb<=0.15_squeeze_none_h3_mid0_s0.07,mean_rev,-1000000000.0,1,34,55.88235294117647,2.175835305303591,1.5908522399016523,76.954366413052,26.46370309298156,-23.740996791549527,0,,,,,,,0
FMR_mfi14<25_pb<=0.15_squeeze_pb_up_h3_mid0_s0.07,mean_rev,-1000000000.0,1,3,66.66666666666666,5.198542610918966,7.553678887872328,8.08753320747706,31.782945736434097,-23.740996791549527,0,,,,,,,0
FMR_mfi14<25_pb<=0.15_squeeze_pb_up_h3_mid1_s0.1,mean_rev,-1000000000.0,1,3,66.66666666666666,5.198542610918966,7.553678887872328,8.08753320747706,31.782945736434097,-23.740996791549527,0,,,,,,,0
FMR_mfi14<25_pb<=0.15_squeeze_pb_up_h3_mid1_s0.07,mean_rev,-1000000000.0,1,3,66.66666666666666,5.198542610918966,7.553678887872328,8.08753320747706,31.782945736434097,-23.740996791549527,0,,,,,,,0
FMR_mfi6<30_pb<=0.25_squeeze_both_h4_mid1_s0.1,mean_rev,-1000000000.0,1,9,11.11111111111111,-7.891430745562642,-7.222216890865596,-53.68252633004049,3.0898944050931076,-19.712528904890945,0,,,,,,,0
FMR_mfi14<25_pb<=0.15_squeeze_both_h3_mid0_s0.07,mean_rev,-1000000000.0,1,2,50.0,4.020974472442285,4.020974472442285,0.49636081733781534,31.782945736434097,-23.740996791549527,0,,,,,,,0
FMR_mfi14<25_pb<=0.15_squeeze_both_h3_mid1_s0.1,mean_rev,-1000000000.0,1,2,50.0,4.020974472442285,4.020974472442285,0.49636081733781534,31.782945736434097,-23.740996791549527,0,,,,,,,0
FMR_mfi14<25_pb<=0.15_squeeze_both_h3_mid1_s0.07,mean_rev,-1000000000.0,1,2,50.0,4.020974472442285,4.020974472442285,0.49636081733781534,31.782945736434097,-23.740996791549527,0,,,,,,,0
FMR_mfi14<25_pb<=0.15_squeeze_both_h2_mid0_s0.1,mean_rev,-1000000000.0,1,2,0.0,-6.365672298115016,-6.365672298115016,-12.332992102549213,-5.537098560354369,-7.194246035875662,0,,,,,,,0
FMR_mfi14<25_pb<=0.15_squeeze_both_h2_mid0_s0.07,mean_rev,-1000000000.0,1,2,0.0,-6.365672298115016,-6.365672298115016,-12.332992102549213,-5.537098560354369,-7.194246035875662,0,,,,,,,0
FMR_mfi14<25_pb<=0.15_squeeze_both_h2_mid1_s0.1,mean_rev,-1000000000.0,1,2,0.0,-6.365672298115016,-6.365672298115016,-12.332992102549213,-5.537098560354369,-7.194246035875662,0,,,,,,,0
FMR_mfi14<25_pb<=0.15_squeeze_both_h2_mid1_s0.07,mean_rev,-1000000000.0,1,2,0.0,-6.365672298115016,-6.365672298115016,-12.332992102549213,-5.537098560354369,-7.194246035875662,0,,,,,,,0
FMR_mfi6<30_pb<=0.25_squeeze_both_h3_mid0_s0.1,mean_rev,-1000000000.0,1,9,11.11111111111111,-8.768806404214802,-7.222216890865596,-58.14789245646153,6.741586844838432,-23.740996791549527,0,,,,,,,0
FMR_mfi6<30_pb<=0.25_squeeze_both_h4_mid1_s0.07,mean_rev,-1000000000.0,1,9,11.11111111111111,-6.647989470242285,-7.222216890865596,-47.22650623502345,3.0898944050931076,-18.33648393194707,0,,,,,,,0
FMR_mfi14<25_pb<=0.15_squeeze_pb_up_h2_mid0_s0.1,mean_rev,-1000000000.0,1,3,33.33333333333333,-1.8298051044311259,-5.537098560354369,-5.984209386149331,7.241929282936654,-7.194246035875662,0,,,,,,,0
FMR_mfi6<30_pb<=0.0_bw40_both_h2_mid0_s0.1,mean_rev,-1000000000.0,1,2,50.0,4.295647256179608,4.295647256179608,8.564840650472094,8.88890008377734,-0.2976055714181247,0,,,,,,,0
FMR_mfi6<30_pb<=0.0_bw40_both_h2_mid0_s0.07,mean_rev,-1000000000.0,1,2,50.0,4.295647256179608,4.295647256179608,8.564840650472094,8.88890008377734,-0.2976055714181247,0,,,,,,,0
FMR_mfi6<30_pb<=0.0_bw40_both_h2_mid1_s0.1,mean_rev,-1000000000.0,1,2,50.0,4.295647256179608,4.295647256179608,8.564840650472094,8.88890008377734,-0.2976055714181247,0,,,,,,,0
FMR_mfi6<30_pb<=0.0_bw40_both_h2_mid1_s0.07,mean_rev,-1000000000.0,1,2,50.0,4.295647256179608,4.295647256179608,8.564840650472094,8.88890008377734,-0.2976055714181247,0,,,,,,,0
FMR_mfi14<25_pb<=0.25_squeeze_both_h3_mid0_s0.1,mean_rev,-1000000000.0,1,10,60.0,1.09384994261161,5.919813030262356,-2.6152988950909783,31.782945736434097,-23.740996791549527,0,,,,,,,0
FMR_mfi14<25_pb<=0.25_squeeze_both_h3_mid0_s0.07,mean_rev,-1000000000.0,1,10,60.0,2.566822571374742,5.919813030262356,15.313819864953103,31.782945736434097,-23.740996791549527,0,,,,,,,0
FMR_mfi14<25_pb<=0.25_squeeze_both_h3_mid1_s0.1,mean_rev,-1000000000.0,1,10,60.0,0.6406904294921412,4.7901413288273575,-6.557370145715713,31.782945736434097,-23.740996791549527,0,,,,,,,0
FMR_mfi14<25_pb<=0.25_squeeze_both_h3_mid1_s0.07,mean_rev,-1000000000.0,1,10,60.0,2.113663058255273,4.7901413288273575,10.64598920026123,31.782945736434097,-23.740996791549527,0,,,,,,,0
FMR_mfi6<30_pb<=0.0_bw40_both_h4_mid0_s0.1,mean_rev,-1000000000.0,1,2,100.0,9.751507657642533,9.751507657642533,19.6691816665274,18.610134327326033,0.8928809879590327,0,,,,,,,0
FMR_mfi14<25_pb<=0.15_bw40_both_h3_mid1_s0.07,mean_rev,-1000000000.0,1,13,38.46153846153847,1.171662173126284,-2.4498800016241495,7.537749022994422,31.782945736434097,-12.819447904934766,0,,,,,,,0
FMR_mfi6<30_pb<=0.0_bw40_both_h4_mid1_s0.1,mean_rev,-1000000000.0,1,2,50.0,4.295647256179608,4.295647256179608,8.564840650472094,8.88890008377734,-0.2976055714181247,0,,,,,,,0
FMR_mfi6<30_pb<=0.0_bw40_both_h4_mid1_s0.07,mean_rev,-1000000000.0,1,2,50.0,4.295647256179608,4.295647256179608,8.564840650472094,8.88890008377734,-0.2976055714181247,0,,,,,,,0
FMR_mfi6<30_pb<=0.15_squeeze_pb_up_h3_mid1_s0.07,mean_rev,-1000000000.0,1,4,75.0,-1.1906851828833998,2.560289078697109,-8.670351565347689,13.857677902621713,-23.740996791549527,0,,,,,,,0
FMR_mfi6<30_pb<=0.15_squeeze_pb_up_h2_mid0_s0.1,mean_rev,-1000000000.0,1,4,50.0,-1.2527557547598267,-0.40651583240579603,-5.2199966783639695,2.9962546816479474,-7.194246035875662,0,,,,,,,0
FMR_mfi6<30_pb<=0.15_squeeze_pb_up_h2_mid0_s0.07,mean_rev,-1000000000.0,1,4,50.0,-1.2527557547598267,-0.40651583240579603,-5.2199966783639695,2.9962546816479474,-7.194246035875662,0,,,,,,,0
FMR_mfi6<30_pb<=0.15_squeeze_pb_up_h2_mid1_s0.1,mean_rev,-1000000000.0,1,4,50.0,-1.2527557547598267,-0.40651583240579603,-5.2199966783639695,2.9962546816479474,-7.194246035875662,0,,,,,,,0
FMR_mfi14<25_pb<=0.0_bw40_both_h4_mid1_s0.07,mean_rev,-1000000000.0,1,0,,,,0.0,,,0,,,,,,,0
FMR_mfi14<25_pb<=0.0_bw40_both_h4_mid1_s0.1,mean_rev,-1000000000.0,1,0,,,,0.0,,,0,,,,,,,0
FMR_mfi14<25_pb<=0.0_bw40_both_h4_mid0_s0.07,mean_rev,-1000000000.0,1,0,,,,0.0,,,0,,,,,,,0
FMR_mfi6<30_pb<=0.0_bw40_both_h4_mid0_s0.07,mean_rev,-1000000000.0,1,2,100.0,9.751507657642533,9.751507657642533,19.6691816665274,18.610134327326033,0.8928809879590327,0,,,,,,,0
FMR_mfi14<25_pb<=0.0_bw40_both_h3_mid0_s0.1,mean_rev,-1000000000.0,1,0,,,,0.0,,,0,,,,,,,0
FMR_mfi6<30_pb<=0.0_bw40_pb_up_h2_mid0_s0.1,mean_rev,-1000000000.0,1,8,50.0,1.961323692284335,0.5223381538882521,7.204498908968948,36.201307324813946,-19.408866995073893,0,,,,,,,0
FMR_mfi6<30_pb<=0.0_bw40_pb_up_h2_mid0_s0.07,mean_rev,-1000000000.0,1,8,50.0,1.961323692284335,0.5223381538882521,7.204498908968948,36.201307324813946,-19.408866995073893,0,,,,,,,0
FMR_mfi6<30_pb<=0.0_bw40_pb_up_h2_mid1_s0.1,mean_rev,-1000000000.0,1,8,50.0,1.961323692284335,0.5223381538882521,7.204498908968948,36.201307324813946,-19.408866995073893,0,,,,,,,0
FMR_mfi6<30_pb<=0.0_bw40_pb_up_h2_mid1_s0.07,mean_rev,-1000000000.0,1,8,50.0,1.961323692284335,0.5223381538882521,7.204498908968948,36.201307324813946,-19.408866995073893,0,,,,,,,0
FMR_mfi14<25_pb<=0.25_squeeze_both_h2_mid0_s0.07,mean_rev,-1000000000.0,1,10,50.0,0.03633370414381276,-1.2236020776306311,-3.4790640163450237,13.137254901960782,-11.46601146601146,0,,,,,,,0
FMR_mfi14<25_pb<=0.25_squeeze_both_h2_mid1_s0.1,mean_rev,-1000000000.0,1,10,50.0,0.03633370414381276,-1.2236020776306311,-3.4790640163450237,13.137254901960782,-11.46601146601146,0,,,,,,,0
FMR_mfi14<25_pb<=0.25_squeeze_both_h2_mid1_s0.07,mean_rev,-1000000000.0,1,10,50.0,0.03633370414381276,-1.2236020776306311,-3.4790640163450237,13.137254901960782,-11.46601146601146,0,,,,,,,0
FMR_mfi6<30_pb<=0.0_bw40_pb_up_h4_mid0_s0.1,mean_rev,-1000000000.0,1,8,62.5,3.192644225226254,1.1175814335768308,16.898914914607666,36.201307324813946,-19.408866995073893,0,,,,,,,0
FMR_mfi6<30_pb<=0.0_bw40_both_h3_mid1_s0.07,mean_rev,-1000000000.0,1,2,50.0,4.295647256179608,4.295647256179608,8.564840650472094,8.88890008377734,-0.2976055714181247,0,,,,,,,0
FMR_mfi6<30_pb<=0.0_bw40_pb_up_h4_mid1_s0.1,mean_rev,-1000000000.0,1,8,37.5,1.5353633453202704,-0.39663426030633886,3.6546810643010907,36.201307324813946,-19.408866995073893,0,,,,,,,0
FMR_mfi6<30_pb<=0.0_bw40_pb_up_h4_mid1_s0.07,mean_rev,-1000000000.0,1,8,37.5,1.5353633453202704,-0.39663426030633886,3.6546810643010907,36.201307324813946,-19.408866995073893,0,,,,,,,0
FMR_mfi6<30_pb<=0.0_bw40_pb_up_h3_mid0_s0.1,mean_rev,-1000000000.0,1,8,50.0,1.791194267885149,0.42330946500003797,5.691780286477632,36.201307324813946,-19.408866995073893,0,,,,,,,0
FMR_mfi6<30_pb<=0.0_bw40_pb_up_h3_mid0_s0.07,mean_rev,-1000000000.0,1,8,50.0,1.791194267885149,0.42330946500003797,5.691780286477632,36.201307324813946,-19.408866995073893,0,,,,,,,0
FMR_mfi6<30_pb<=0.0_bw40_pb_up_h3_mid1_s0.1,mean_rev,-1000000000.0,1,8,37.5,1.5353633453202704,-0.39663426030633886,3.6546810643010907,36.201307324813946,-19.408866995073893,0,,,,,,,0
FMR_mfi6<30_pb<=0.0_bw40_pb_up_h3_mid1_s0.07,mean_rev,-1000000000.0,1,8,37.5,1.5353633453202704,-0.39663426030633886,3.6546810643010907,36.201307324813946,-19.408866995073893,0,,,,,,,0
FMR_mfi6<30_pb<=0.0_bw40_both_h3_mid0_s0.1,mean_rev,-1000000000.0,1,2,50.0,3.312281497004599,3.312281497004599,6.357322144036881,9.451930812122677,-2.82736781811348,0,,,,,,,0
FMR_mfi6<30_pb<=0.0_bw40_both_h3_mid0_s0.07,mean_rev,-1000000000.0,1,2,50.0,3.312281497004599,3.312281497004599,6.357322144036881,9.451930812122677,-2.82736781811348,0,,,,,,,0
FMR_mfi6<30_pb<=0.0_bw40_both_h3_mid1_s0.1,mean_rev,-1000000000.0,1,2,50.0,4.295647256179608,4.295647256179608,8.564840650472094,8.88890008377734,-0.2976055714181247,0,,,,,,,0
FMR_mfi6<30_pb<=0.0_bw40_pb_up_h4_mid0_s0.07,mean_rev,-1000000000.0,1,8,62.5,3.192644225226254,1.1175814335768308,16.898914914607666,36.201307324813946,-19.408866995073893,0,,,,,,,0
FMR_mfi14<25_pb<=0.0_bw40_pb_up_h4_mid1_s0.1,mean_rev,-1000000000.0,1,1,0.0,-12.275215011727914,-12.275215011727914,-12.275215011727914,-12.275215011727914,-12.275215011727914,0,,,,,,,0
FMR_mfi14<25_pb<=0.0_bw40_pb_up_h4_mid0_s0.07,mean_rev,-1000000000.0,1,1,0.0,-12.275215011727914,-12.275215011727914,-12.275215011727914,-12.275215011727914,-12.275215011727914,0,,,,,,,0
FMR_mfi14<25_pb<=0.25_squeeze_pb_up_h4_mid0_s0.07,mean_rev,-1000000000.0,1,13,69.23076923076923,2.888650755147706,6.97116051077995,36.00121972589692,21.846484165324753,-13.90887715336866,0,,,,,,,0
FMR_mfi14<25_pb<=0.25_squeeze_pb_up_h4_mid1_s0.1,mean_rev,-1000000000.0,1,13,69.23076923076923,0.36192273571589845,5.606934582530521,-3.3100903334928766,13.137254901960782,-19.712528904890945,0,,,,,,,0
FMR_mfi14<25_pb<=0.25_squeeze_pb_up_h4_mid1_s0.07,mean_rev,-1000000000.0,1,13,69.23076923076923,1.7346889216736685,5.606934582530521,18.870587242791093,13.137254901960782,-13.90887715336866,0,,,,,,,0
FMR_mfi14<25_pb<=0.25_squeeze_pb_up_h3_mid0_s0.1,mean_rev,-1000000000.0,1,13,69.23076923076923,2.214054538264932,5.606934582530521,15.794271707204043,31.782945736434097,-23.740996791549527,0,,,,,,,0
FMR_mfi14<25_pb<=0.25_squeeze_pb_up_h3_mid0_s0.07,mean_rev,-1000000000.0,1,13,69.23076923076923,3.347110406544264,5.606934582530521,37.11270494791179,31.782945736434097,-23.740996791549527,0,,,,,,,0
FMR_mfi14<25_pb<=0.25_squeeze_pb_up_h3_mid1_s0.1,mean_rev,-1000000000.0,1,13,69.23076923076923,1.8654702974038022,5.606934582530521,11.106992655104687,31.782945736434097,-23.740996791549527,0,,,,,,,0
FMR_mfi14<25_pb<=0.0_bw40_pb_up_h4_mid0_s0.1,mean_rev,-1000000000.0,1,1,0.0,-12.275215011727914,-12.275215011727914,-12.275215011727914,-12.275215011727914,-12.275215011727914,0,,,,,,,0
FMR_mfi14<25_pb<=0.0_bw40_pb_up_h3_mid0_s0.1,mean_rev,-1000000000.0,1,1,0.0,-12.275215011727914,-12.275215011727914,-12.275215011727914,-12.275215011727914,-12.275215011727914,0,,,,,,,0
FMR_mfi14<25_pb<=0.0_bw40_both_h2_mid1_s0.1,mean_rev,-1000000000.0,1,0,,,,0.0,,,0,,,,,,,0
FMR_mfi14<25_pb<=0.0_bw40_both_h2_mid0_s0.07,mean_rev,-1000000000.0,1,0,,,,0.0,,,0,,,,,,,0
FMR_mfi6<30_pb<=0.25_squeeze_pb_up_h2_mid0_s0.1,mean_rev,-1000000000.0,1,27,40.74074074074074,-0.1160853484055426,-1.4403269804143193,-9.353761214778034,20.15306122448979,-11.909262759924388,0,,,,,,,0
FMR_mfi14<25_pb<=0.15_squeeze_none_h4_mid1_s0.07,mean_rev,-1000000000.0,1,34,61.76470588235294,3.28683155021354,3.1164742871821582,160.81482705805956,26.46370309298156,-19.303797468354432,0,,,,,,,0
FMR_mfi14<25_pb<=0.15_squeeze_none_h4_mid1_s0.1,mean_rev,-1000000000.0,1,34,61.76470588235294,3.3784413155848103,3.1164742871821582,171.65746915042033,26.46370309298156,-13.90887715336866,0,,,,,,,0
FMR_mfi14<25_pb<=0.15_squeeze_none_h4_mid0_s0.07,mean_rev,-1000000000.0,1,34,64.70588235294117,4.965874671027953,1.876602848180109,305.48814089582174,48.28432354004492,-19.303797468354432,0,,,,,,,0
FMR_mfi14<25_pb<=0.25_squeeze_pb_up_h3_mid1_s0.07,mean_rev,-1000000000.0,1,13,69.23076923076923,2.9985261656831343,5.606934582530521,31.562469170237794,31.782945736434097,-23.740996791549527,0,,,,,,,0
FMR_mfi14<25_pb<=0.15_bw40_both_h3_mid0_s0.07,mean_rev,-1000000000.0,1,13,38.46153846153847,1.2369618199131227,-2.4498800016241495,8.466398544768339,31.782945736434097,-12.819447904934766,0,,,,,,,0
FMR_mfi14<25_pb<=0.15_bw40_both_h3_mid1_s0.1,mean_rev,-1000000000.0,1,13,38.46153846153847,1.171662173126284,-2.4498800016241495,7.537749022994422,31.782945736434097,-12.819447904934766,0,,,,,,,0
FMR_mfi14<25_pb<=0.0_bw40_both_h2_mid1_s0.07,mean_rev,-1000000000.0,1,0,,,,0.0,,,0,,,,,,,0
FMR_mfi6<30_pb<=0.15_squeeze_pb_up_h2_mid1_s0.07,mean_rev,-1000000000.0,1,4,50.0,-1.2527557547598267,-0.40651583240579603,-5.2199966783639695,2.9962546816479474,-7.194246035875662,0,,,,,,,0
FMR_mfi6<30_pb<=0.15_squeeze_both_h4_mid0_s0.1,mean_rev,-1000000000.0,1,1,0.0,-13.90887715336866,-13.90887715336866,-13.90887715336866,-13.90887715336866,-13.90887715336866,0,,,,,,,0
FMR_mfi6<30_pb<=0.15_squeeze_both_h4_mid0_s0.07,mean_rev,-1000000000.0,1,1,0.0,-13.90887715336866,-13.90887715336866,-13.90887715336866,-13.90887715336866,-13.90887715336866,0,,,,,,,0
FMR_mfi6<30_pb<=0.15_squeeze_both_h4_mid1_s0.1,mean_rev,-1000000000.0,1,1,0.0,-13.90887715336866,-13.90887715336866,-13.90887715336866,-13.90887715336866,-13.90887715336866,0,,,,,,,0
FMR_mfi6<30_pb<=0.15_squeeze_both_h2_mid1_s0.07,mean_rev,-1000000000.0,1,1,0.0,-7.194246035875662,-7.194246035875662,-7.194246035875662,-7.194246035875662,-7.194246035875662,0,,,,,,,0
FMR_mfi6<30_pb<=0.15_squeeze_pb_up_h4_mid0_s0.1,mean_rev,-1000000000.0,1,4,75.0,4.076145642209389,3.1841331070456835,13.517391365969033,23.845193508114846,-13.90887715336866,0,,,,,,,0
FMR_mfi6<30_pb<=0.15_squeeze_pb_up_h4_mid0_s0.07,mean_rev,-1000000000.0,1,4,75.0,4.076145642209389,3.1841331070456835,13.517391365969033,23.845193508114846,-13.90887715336866,0,,,,,,,0
FMR_mfi6<30_pb<=0.15_squeeze_pb_up_h4_mid1_s0.1,mean_rev,-1000000000.0,1,4,75.0,1.4759665523316812,2.977532730036836,3.9442184177675754,13.857677902621713,-13.90887715336866,0,,,,,,,0
FMR_mfi6<30_pb<=0.15_squeeze_pb_up_h4_mid1_s0.07,mean_rev,-1000000000.0,1,4,75.0,1.4759665523316812,2.977532730036836,3.9442184177675754,13.857677902621713,-13.90887715336866,0,,,,,,,0
FMR_mfi14<25_pb<=0.25_squeeze_pb_up_h4_mid0_s0.1,mean_rev,-1000000000.0,1,13,69.23076923076923,1.5158845691899359,6.97116051077995,10.624048848797418,21.846484165324753,-19.712528904890945,0,,,,,,,0
FMR_mfi6<30_pb<=0.15_squeeze_pb_up_h3_mid0_s0.07,mean_rev,-1000000000.0,1,4,75.0,-1.1906851828833998,2.560289078697109,-8.670351565347689,13.857677902621713,-23.740996791549527,0,,,,,,,0
FMR_mfi6<30_pb<=0.15_squeeze_pb_up_h3_mid1_s0.1,mean_rev,-1000000000.0,1,4,75.0,-1.1906851828833998,2.560289078697109,-8.670351565347689,13.857677902621713,-23.740996791549527,0,,,,,,,0
FMR_mfi14<25_pb<=0.25_squeeze_pb_up_h2_mid0_s0.1,mean_rev,-1000000000.0,1,13,61.53846153846154,1.0942199334425684,3.0898944050931076,10.421687475169627,13.137254901960782,-11.46601146601146,0,,,,,,,0
FMR_mfi14<25_pb<=0.25_squeeze_pb_up_h2_mid0_s0.07,mean_rev,-1000000000.0,1,13,61.53846153846154,1.0942199334425684,3.0898944050931076,10.421687475169627,13.137254901960782,-11.46601146601146,0,,,,,,,0
FMR_mfi14<25_pb<=0.25_squeeze_pb_up_h2_mid1_s0.1,mean_rev,-1000000000.0,1,13,61.53846153846154,1.0942199334425684,3.0898944050931076,10.421687475169627,13.137254901960782,-11.46601146601146,0,,,,,,,0
FMR_mfi14<25_pb<=0.25_squeeze_pb_up_h2_mid1_s0.07,mean_rev,-1000000000.0,1,13,61.53846153846154,1.0942199334425684,3.0898944050931076,10.421687475169627,13.137254901960782,-11.46601146601146,0,,,,,,,0
FMR_mfi14<25_pb<=0.0_bw40_pb_up_h4_mid1_s0.07,mean_rev,-1000000000.0,1,1,0.0,-12.275215011727914,-12.275215011727914,-12.275215011727914,-12.275215011727914,-12.275215011727914,0,,,,,,,0
FMR_mfi6<30_pb<=0.15_squeeze_both_h2_mid0_s0.1,mean_rev,-1000000000.0,1,1,0.0,-7.194246035875662,-7.194246035875662,-7.194246035875662,-7.194246035875662,-7.194246035875662,0,,,,,,,0
FMR_mfi6<30_pb<=0.15_squeeze_both_h2_mid0_s0.07,mean_rev,-1000000000.0,1,1,0.0,-7.194246035875662,-7.194246035875662,-7.194246035875662,-7.194246035875662,-7.194246035875662,0,,,,,,,0
FMR_mfi6<30_pb<=0.15_squeeze_both_h2_mid1_s0.1,mean_rev,-1000000000.0,1,1,0.0,-7.194246035875662,-7.194246035875662,-7.194246035875662,-7.194246035875662,-7.194246035875662,0,,,,,,,0
FMR_mfi6<30_pb<=0.15_squeeze_pb_up_h3_mid0_s0.1,mean_rev,-1000000000.0,1,4,75.0,-1.1906851828833998,2.560289078697109,-8.670351565347689,13.857677902621713,-23.740996791549527,0,,,,,,,0
FMR_mfi6<20_pb<=0.25_squeeze_pb_up_h2_mid0_s0.07,mean_rev,-1000000000.0,1,9,44.44444444444444,0.5603703280570138,-1.4403269804143193,2.4015830776686897,17.617968646431148,-11.909262759924388,0,,,,,,,0
FMR_mfi6<20_pb<=0.25_squeeze_pb_up_h2_mid1_s0.1,mean_rev,-1000000000.0,1,9,44.44444444444444,0.5603703280570138,-1.4403269804143193,2.4015830776686897,17.617968646431148,-11.909262759924388,0,,,,,,,0
FMR_mfi6<20_pb<=0.25_squeeze_pb_up_h2_mid1_s0.07,mean_rev,-1000000000.0,1,9,44.44444444444444,0.5603703280570138,-1.4403269804143193,2.4015830776686897,17.617968646431148,-11.909262759924388,0,,,,,,,0
FMR_mfi6<25_pb<=0.0_squeeze_both_h4_mid0_s0.1,mean_rev,-1000000000.0,1,0,,,,0.0,,,0,,,,,,,0
FMR_mfi6<25_pb<=0.0_squeeze_both_h4_mid0_s0.07,mean_rev,-1000000000.0,1,0,,,,0.0,,,0,,,,,,,0
FMR_mfi6<25_pb<=0.0_squeeze_both_h4_mid1_s0.1,mean_rev,-1000000000.0,1,0,,,,0.0,,,0,,,,,,,0
FMR_mfi6<25_pb<=0.0_none_both_h3_mid1_s0.07,mean_rev,-1000000000.0,1,20,60.0,-0.141467589004311,2.0937892021031246,-36.469332127003284,31.250006715698532,-50.0,0,,,,,,,0
FMR_mfi6<25_pb<=0.0_none_both_h2_mid0_s0.1,mean_rev,-1000000000.0,1,20,65.0,0.671496405410496,2.3863650845944884,-24.89317357713674,31.250006715698532,-50.0,0,,,,,,,0
FMR_mfi6<25_pb<=0.0_none_both_h2_mid0_s0.07,mean_rev,-1000000000.0,1,20,65.0,0.671496405410496,2.3863650845944884,-24.89317357713674,31.250006715698532,-50.0,0,,,,,,,0
FMR_mfi6<25_pb<=0.0_none_both_h2_mid1_s0.1,mean_rev,-1000000000.0,1,20,65.0,0.671496405410496,2.3863650845944884,-24.89317357713674,31.250006715698532,-50.0,0,,,,,,,0
FMR_mfi14<25_pb<=0.0_bw40_pb_up_h3_mid1_s0.07,mean_rev,-1000000000.0,1,1,0.0,-12.275215011727914,-12.275215011727914,-12.275215011727914,-12.275215011727914,-12.275215011727914,0,,,,,,,0
FMR_mfi6<20_pb<=0.25_bw40_both_h2_mid1_s0.07,mean_rev,-1000000000.0,1,13,38.46153846153847,-0.5655812611819389,-1.4403269804143193,-8.814549079886113,9.237878533099941,-13.07966856139744,0,,,,,,,0
FMR_mfi6<25_pb<=0.0_none_both_h4_mid0_s0.1,mean_rev,-1000000000.0,1,20,75.0,2.7954219416929744,4.444961801304769,5.649221170346652,42.6724207403778,-50.0,0,,,,,,,0
FMR_mfi6<25_pb<=0.0_none_both_h4_mid0_s0.07,mean_rev,-1000000000.0,1,20,75.0,2.7511741021524245,4.444961801304769,4.635798203940644,42.6724207403778,-50.0,0,,,,,,,0
FMR_mfi6<25_pb<=0.0_none_both_h4_mid1_s0.1,mean_rev,-1000000000.0,1,20,70.0,0.9013903954975788,3.175927145740254,-22.359232215155966,31.250006715698532,-50.0,0,,,,,,,0
FMR_mfi6<25_pb<=0.0_none_both_h4_mid1_s0.07,mean_rev,-1000000000.0,1,20,70.0,0.857142555957029,3.175927145740254,-23.10398864905048,31.250006715698532,-50.0,0,,,,,,,0
FMR_mfi6<25_pb<=0.0_none_both_h3_mid0_s0.1,mean_rev,-1000000000.0,1,20,60.0,0.28292306284021684,2.0937892021031246,-32.87699846440587,42.6724207403778,-50.0,0,,,,,,,0
FMR_mfi6<25_pb<=0.0_none_both_h3_mid0_s0.07,mean_rev,-1000000000.0,1,20,60.0,0.28292306284021684,2.0937892021031246,-32.87699846440587,42.6724207403778,-50.0,0,,,,,,,0
FMR_mfi6<25_pb<=0.0_none_both_h3_mid1_s0.1,mean_rev,-1000000000.0,1,20,60.0,-0.141467589004311,2.0937892021031246,-36.469332127003284,31.250006715698532,-50.0,0,,,,,,,0
FMR_mfi6<20_pb<=0.25_bw40_both_h4_mid1_s0.07,mean_rev,-1000000000.0,1,13,38.46153846153847,-0.8802865283838291,-1.6977888681703468,-12.620226836616,9.237878533099941,-13.07966856139744,0,,,,,,,0
FMR_mfi6<20_pb<=0.25_bw40_both_h3_mid0_s0.1,mean_rev,-1000000000.0,1,13,38.46153846153847,-1.156771126151427,-2.0440127610173886,-16.193201784792233,15.097681668884388,-8.442332183421552,0,,,,,,,0
FMR_mfi6<20_pb<=0.25_bw40_both_h3_mid0_s0.07,mean_rev,-1000000000.0,1,13,38.46153846153847,-1.5134893090726491,-2.0440127610173886,-20.437961654207506,15.097681668884388,-13.07966856139744,0,,,,,,,0
FMR_mfi6<25_pb<=0.0_none_both_h2_mid1_s0.07,mean_rev,-1000000000.0,1,20,65.0,0.671496405410496,2.3863650845944884,-24.89317357713674,31.250006715698532,-50.0,0,,,,,,,0
FMR_mfi6<20_pb<=0.15_bw40_both_h2_mid1_s0.07,mean_rev,-1000000000.0,1,7,28.57142857142857,-0.8790883237596834,-1.6977888681703468,-6.350743194945729,4.795723312582556,-4.11764614875908,0,,,,,,,0
FMR_mfi6<20_pb<=0.15_bw40_pb_up_h4_mid0_s0.1,mean_rev,-1000000000.0,1,30,60.0,4.674015749858032,1.4461577794426361,184.58827915163477,69.70297542711185,-19.408866995073893,0,,,,,,,0
FMR_mfi6<20_pb<=0.15_bw40_pb_up_h4_mid0_s0.07,mean_rev,-1000000000.0,1,30,60.0,4.674015749858032,1.4461577794426361,184.58827915163477,69.70297542711185,-19.408866995073893,0,,,,,,,0
FMR_mfi6<20_pb<=0.25_squeeze_both_h2_mid1_s0.07,mean_rev,-1000000000.0,1,3,0.0,-5.131200833785366,-2.0440127610173886,-14.952709001426612,-1.4403269804143193,-11.909262759924388,0,,,,,,,0
FMR_mfi6<20_pb<=0.25_bw40_both_h4_mid0_s0.1,mean_rev,-1000000000.0,1,13,46.15384615384615,1.0021399274553247,-0.8488934599414466,10.757714769516946,15.27530854346888,-8.442332183421552,0,,,,,,,0
FMR_mfi6<20_pb<=0.25_bw40_both_h4_mid0_s0.07,mean_rev,-1000000000.0,1,13,46.15384615384615,0.6454217445341026,-0.8488934599414466,5.147908490144326,15.27530854346888,-13.07966856139744,0,,,,,,,0
FMR_mfi6<20_pb<=0.25_bw40_both_h4_mid1_s0.1,mean_rev,-1000000000.0,1,13,38.46153846153847,-0.5235683454626072,-1.6977888681703468,-7.958378520079523,9.237878533099941,-8.442332183421552,0,,,,,,,0
FMR_mfi6<20_pb<=0.25_squeeze_both_h4_mid1_s0.07,mean_rev,-1000000000.0,1,3,0.0,-8.096654528857265,-3.9094668936073385,-23.133047428828867,-2.0440127610173886,-18.33648393194707,0,,,,,,,0
FMR_mfi6<20_pb<=0.25_squeeze_both_h3_mid0_s0.1,mean_rev,-1000000000.0,1,3,0.0,-8.782523707907512,-5.967074430758079,-24.779016244436647,-2.0440127610173886,-18.33648393194707,0,,,,,,,0
FMR_mfi6<20_pb<=0.25_squeeze_both_h3_mid0_s0.07,mean_rev,-1000000000.0,1,3,0.0,-8.782523707907512,-5.967074430758079,-24.779016244436647,-2.0440127610173886,-18.33648393194707,0,,,,,,,0
FMR_mfi6<20_pb<=0.25_squeeze_pb_up_h2_mid0_s0.1,mean_rev,-1000000000.0,1,9,44.44444444444444,0.5603703280570138,-1.4403269804143193,2.4015830776686897,17.617968646431148,-11.909262759924388,0,,,,,,,0
FMR_mfi6<20_pb<=0.25_squeeze_both_h3_mid1_s0.07,mean_rev,-1000000000.0,1,3,0.0,-8.782523707907512,-5.967074430758079,-24.779016244436647,-2.0440127610173886,-18.33648393194707,0,,,,,,,0
FMR_mfi6<20_pb<=0.25_squeeze_both_h2_mid0_s0.1,mean_rev,-1000000000.0,1,3,0.0,-5.131200833785366,-2.0440127610173886,-14.952709001426612,-1.4403269804143193,-11.909262759924388,0,,,,,,,0
FMR_mfi6<20_pb<=0.25_squeeze_both_h2_mid0_s0.07,mean_rev,-1000000000.0,1,3,0.0,-5.131200833785366,-2.0440127610173886,-14.952709001426612,-1.4403269804143193,-11.909262759924388,0,,,,,,,0
FMR_mfi6<20_pb<=0.25_squeeze_both_h2_mid1_s0.1,mean_rev,-1000000000.0,1,3,0.0,-5.131200833785366,-2.0440127610173886,-14.952709001426612,-1.4403269804143193,-11.909262759924388,0,,,,,,,0
FMR_mfi6<20_pb<=0.25_squeeze_both_h4_mid0_s0.1,mean_rev,-1000000000.0,1,3,0.0,-8.096654528857265,-3.9094668936073385,-23.133047428828867,-2.0440127610173886,-18.33648393194707,0,,,,,,,0
FMR_mfi6<20_pb<=0.25_squeeze_both_h4_mid0_s0.07,mean_rev,-1000000000.0,1,3,0.0,-8.096654528857265,-3.9094668936073385,-23.133047428828867,-2.0440127610173886,-18.33648393194707,0,,,,,,,0
FMR_mfi6<20_pb<=0.25_squeeze_both_h4_mid1_s0.1,mean_rev,-1000000000.0,1,3,0.0,-8.096654528857265,-3.9094668936073385,-23.133047428828867,-2.0440127610173886,-18.33648393194707,0,,,,,,,0
FMR_mfi6<20_pb<=0.25_squeeze_pb_up_h3_mid0_s0.1,mean_rev,-1000000000.0,1,9,44.44444444444444,0.14785943570208016,-2.0440127610173886,-3.5327632999064607,17.617968646431148,-18.33648393194707,0,,,,,,,0
FMR_mfi6<20_pb<=0.25_squeeze_pb_up_h3_mid0_s0.07,mean_rev,-1000000000.0,1,9,44.44444444444444,0.14785943570208016,-2.0440127610173886,-3.5327632999064607,17.617968646431148,-18.33648393194707,0,,,,,,,0
FMR_mfi6<20_pb<=0.25_squeeze_pb_up_h3_mid1_s0.1,mean_rev,-1000000000.0,1,9,44.44444444444444,0.14785943570208016,-2.0440127610173886,-3.5327632999064607,17.617968646431148,-18.33648393194707,0,,,,,,,0
FMR_mfi6<20_pb<=0.25_squeeze_pb_up_h3_mid1_s0.07,mean_rev,-1000000000.0,1,9,44.44444444444444,0.14785943570208016,-2.0440127610173886,-3.5327632999064607,17.617968646431148,-18.33648393194707,0,,,,,,,0
FMR_mfi6<20_pb<=0.25_squeeze_both_h3_mid1_s0.1,mean_rev,-1000000000.0,1,3,0.0,-8.782523707907512,-5.967074430758079,-24.779016244436647,-2.0440127610173886,-18.33648393194707,0,,,,,,,0
FMR_mfi6<25_pb<=0.0_squeeze_pb_up_h4_mid1_s0.07,mean_rev,-1000000000.0,1,0,,,,0.0,,,0,,,,,,,0
FMR_mfi6<25_pb<=0.0_squeeze_pb_up_h3_mid0_s0.1,mean_rev,-1000000000.0,1,0,,,,0.0,,,0,,,,,,,0
FMR_mfi6<25_pb<=0.0_squeeze_pb_up_h3_mid0_s0.07,mean_rev,-1000000000.0,1,0,,,,0.0,,,0,,,,,,,0
FMR_mfi6<25_pb<=0.0_squeeze_pb_up_h3_mid1_s0.1,mean_rev,-1000000000.0,1,0,,,,0.0,,,0,,,,,,,0
FMR_mfi6<25_pb<=0.0_squeeze_both_h4_mid1_s0.07,mean_rev,-1000000000.0,1,0,,,,0.0,,,0,,,,,,,0
FMR_mfi6<25_pb<=0.0_squeeze_both_h3_mid0_s0.1,mean_rev,-1000000000.0,1,0,,,,0.0,,,0,,,,,,,0
FMR_mfi6<25_pb<=0.0_squeeze_both_h3_mid0_s0.07,mean_rev,-1000000000.0,1,0,,,,0.0,,,0,,,,,,,0
FMR_mfi6<25_pb<=0.0_squeeze_both_h3_mid1_s0.1,mean_rev,-1000000000.0,1,0,,,,0.0,,,0,,,,,,,0
FMR_mfi6<25_pb<=0.0_squeeze_both_h3_mid1_s0.07,mean_rev,-1000000000.0,1,0,,,,0.0,,,0,,,,,,,0
FMR_mfi6<25_pb<=0.0_squeeze_both_h2_mid0_s0.1,mean_rev,-1000000000.0,1,0,,,,0.0,,,0,,,,,,,0
FMR_mfi6<20_pb<=0.25_bw40_both_h3_mid1_s0.1,mean_rev,-1000000000.0,1,13,38.46153846153847,-1.263619630482026,-1.6977888681703468,-16.85066510975114,9.237878533099941,-8.442332183421552,0,,,,,,,0
FMR_mfi6<25_pb<=0.0_squeeze_both_h2_mid1_s0.1,mean_rev,-1000000000.0,1,0,,,,0.0,,,0,,,,,,,0
FMR_mfi6<25_pb<=0.0_bw40_pb_up_h2_mid1_s0.07,mean_rev,-1000000000.0,1,6,33.33333333333333,0.9099012625504518,-0.9849187846136975,-2.850913463435778,36.201307324813946,-19.408866995073893,0,,,,,,,0
FMR_mfi14<30_pb<=0.25_squeeze_pb_up_h4_mid0_s0.1,mean_rev,-1000000000.0,1,28,71.42857142857143,8.340416334605454,7.1451386378092,502.016601809417,80.29505332165698,-19.712528904890945,0,,,,,,,0
FMR_mfi14<30_pb<=0.25_squeeze_pb_up_h4_mid0_s0.07,mean_rev,-1000000000.0,1,28,71.42857142857143,9.285649548439077,7.1451386378092,714.1223773607194,80.29505332165698,-13.90887715336866,0,,,,,,,0
FMR_mfi14<30_pb<=0.25_squeeze_pb_up_h4_mid1_s0.1,mean_rev,-1000000000.0,1,28,67.85714285714286,7.563610005354067,6.0486614175460645,395.3115244690619,80.29505332165698,-19.712528904890945,0,,,,,,,0
FMR_mfi14<30_pb<=0.25_squeeze_pb_up_h4_mid1_s0.07,mean_rev,-1000000000.0,1,28,67.85714285714286,8.508843219187685,6.0486614175460645,569.8223846700026,80.29505332165698,-13.90887715336866,0,,,,,,,0
FMR_mfi14<30_pb<=0.25_squeeze_pb_up_h3_mid0_s0.1,mean_rev,-1000000000.0,1,28,71.42857142857143,8.051290122989368,6.8563736778091915,482.115778355481,80.29505332165698,-23.740996791549527,0,,,,,,,0
FMR_mfi14<30_pb<=0.25_squeeze_pb_up_h3_mid0_s0.07,mean_rev,-1000000000.0,1,28,71.42857142857143,8.577351776119059,6.8563736778091915,589.2868514687797,80.29505332165698,-23.740996791549527,0,,,,,,,0
FMR_mfi14<30_pb<=0.25_squeeze_pb_up_h3_mid1_s0.1,mean_rev,-1000000000.0,1,28,67.85714285714286,7.475942931325553,6.0486614175460645,402.48163733288715,80.29505332165698,-23.740996791549527,0,,,,,,,0
FMR_mfi6<25_pb<=0.0_bw40_pb_up_h4_mid1_s0.07,mean_rev,-1000000000.0,1,6,16.666666666666664,0.3419541332650322,-1.0839474735019117,-6.067770633520697,36.201307324813946,-19.408866995073893,0,,,,,,,0
FMR_mfi6<25_pb<=0.0_bw40_pb_up_h3_mid0_s0.1,mean_rev,-1000000000.0,1,6,33.33333333333333,0.5892235752939807,-1.6615153836540164,-4.714436389545861,36.201307324813946,-19.408866995073893,0,,,,,,,0
FMR_mfi6<25_pb<=0.0_squeeze_both_h2_mid0_s0.07,mean_rev,-1000000000.0,1,0,,,,0.0,,,0,,,,,,,0
FMR_mfi6<20_pb<=0.25_bw40_both_h3_mid1_s0.07,mean_rev,-1000000000.0,1,13,38.46153846153847,-1.620337813403248,-1.6977888681703468,-21.062124888996735,9.237878533099941,-13.07966856139744,0,,,,,,,0
FMR_mfi6<20_pb<=0.25_bw40_both_h2_mid0_s0.1,mean_rev,-1000000000.0,1,13,38.46153846153847,-0.20886307826071684,-1.4403269804143193,-3.949661870008525,9.237878533099941,-8.442332183421552,0,,,,,,,0
FMR_mfi6<20_pb<=0.25_bw40_both_h2_mid0_s0.07,mean_rev,-1000000000.0,1,13,38.46153846153847,-0.5655812611819389,-1.4403269804143193,-8.814549079886113,9.237878533099941,-13.07966856139744,0,,,,,,,0
FMR_mfi6<20_pb<=0.25_bw40_both_h2_mid1_s0.1,mean_rev,-1000000000.0,1,13,38.46153846153847,-0.20886307826071684,-1.4403269804143193,-3.949661870008525,9.237878533099941,-8.442332183421552,0,,,,,,,0
FMR_mfi14<30_pb<=0.25_squeeze_both_h4_mid1_s0.07,mean_rev,-1000000000.0,1,22,68.18181818181817,9.571368985411155,6.955050161718235,422.4061737881729,80.29505332165698,-13.90887715336866,0,,,,,,,0
FMR_mfi14<30_pb<=0.25_squeeze_both_h3_mid0_s0.1,mean_rev,-1000000000.0,1,22,68.18181818181817,9.311592540772812,7.753874619906287,379.61957438021693,80.29505332165698,-23.740996791549527,0,,,,,,,0
FMR_mfi14<30_pb<=0.25_squeeze_both_h3_mid0_s0.07,mean_rev,-1000000000.0,1,22,68.18181818181817,9.981125553846965,7.753874619906287,467.9204698097892,80.29505332165698,-23.740996791549527,0,,,,,,,0
FMR_mfi14<30_pb<=0.25_squeeze_both_h3_mid1_s0.1,mean_rev,-1000000000.0,1,22,68.18181818181817,8.628943002750168,7.513488490797116,318.55043435634894,80.29505332165698,-23.740996791549527,0,,,,,,,0
FMR_mfi14<30_pb<=0.25_squeeze_both_h3_mid1_s0.07,mean_rev,-1000000000.0,1,22,68.18181818181817,9.29847601582432,7.513488490797116,395.6081278082082,80.29505332165698,-23.740996791549527,0,,,,,,,0
FMR_mfi14<30_pb<=0.25_squeeze_both_h2_mid0_s0.1,mean_rev,-1000000000.0,1,22,54.54545454545454,4.500276601813605,3.205461140607535,96.63247566357862,80.29505332165698,-16.235294117647058,0,,,,,,,0
FMR_mfi14<30_pb<=0.25_squeeze_both_h2_mid0_s0.07,mean_rev,-1000000000.0,1,22,54.54545454545454,4.500276601813605,3.205461140607535,96.63247566357862,80.29505332165698,-16.235294117647058,0,,,,,,,0
FMR_mfi6<25_pb<=0.0_squeeze_pb_up_h4_mid1_s0.1,mean_rev,-1000000000.0,1,0,,,,0.0,,,0,,,,,,,0
FMR_mfi6<25_pb<=0.0_squeeze_pb_up_h3_mid1_s0.07,mean_rev,-1000000000.0,1,0,,,,0.0,,,0,,,,,,,0
FMR_mfi6<25_pb<=0.0_squeeze_pb_up_h2_mid0_s0.1,mean_rev,-1000000000.0,1,0,,,,0.0,,,0,,,,,,,0
FMR_mfi6<25_pb<=0.0_squeeze_pb_up_h2_mid0_s0.07,mean_rev,-1000000000.0,1,0,,,,0.0,,,0,,,,,,,0
FMR_mfi6<25_pb<=0.0_squeeze_pb_up_h2_mid1_s0.1,mean_rev,-1000000000.0,1,0,,,,0.0,,,0,,,,,,,0
FMR_mfi6<25_pb<=0.0_squeeze_pb_up_h2_mid1_s0.07,mean_rev,-1000000000.0,1,0,,,,0.0,,,0,,,,,,,0
FMR_mfi14<30_pb<=0.25_squeeze_both_h4_mid0_s0.1,mean_rev,-1000000000.0,1,22,68.18181818181817,9.307396971847925,7.361544891587246,364.4265492905946,80.29505332165698,-19.712528904890945,0,,,,,,,0
FMR_mfi14<30_pb<=0.25_squeeze_both_h4_mid0_s0.07,mean_rev,-1000000000.0,1,22,68.18181818181817,10.510421062181626,7.361544891587246,528.0558464359274,80.29505332165698,-13.90887715336866,0,,,,,,,0
FMR_mfi14<30_pb<=0.25_squeeze_both_h4_mid1_s0.1,mean_rev,-1000000000.0,1,22,68.18181818181817,8.368344895077456,6.955050161718235,286.30210672721626,80.29505332165698,-19.712528904890945,0,,,,,,,0
FMR_mfi6<25_pb<=0.0_squeeze_both_h2_mid1_s0.07,mean_rev,-1000000000.0,1,0,,,,0.0,,,0,,,,,,,0
FMR_mfi6<25_pb<=0.0_squeeze_pb_up_h4_mid0_s0.1,mean_rev,-1000000000.0,1,0,,,,0.0,,,0,,,,,,,0
FMR_mfi6<25_pb<=0.0_squeeze_pb_up_h4_mid0_s0.07,mean_rev,-1000000000.0,1,0,,,,0.0,,,0,,,,,,,0
FMR_mfi14<30_pb<=0.25_squeeze_both_h2_mid1_s0.1,mean_rev,-1000000000.0,1,22,54.54545454545454,4.500276601813605,3.205461140607535,96.63247566357862,80.29505332165698,-16.235294117647058,0,,,,,,,0
FMR_mfi6<20_pb<=0.0_bw40_pb_up_h3_mid1_s0.07,mean_rev,-1000000000.0,1,6,16.666666666666664,0.3419541332650322,-1.0839474735019117,-6.067770633520697,36.201307324813946,-19.408866995073893,0,,,,,,,0
FMR_mfi6<20_pb<=0.0_bw40_pb_up_h2_mid0_s0.1,mean_rev,-1000000000.0,1,6,33.33333333333333,0.9099012625504518,-0.9849187846136975,-2.850913463435778,36.201307324813946,-19.408866995073893,0,,,,,,,0
FMR_mfi6<20_pb<=0.0_bw40_pb_up_h2_mid0_s0.07,mean_rev,-1000000000.0,1,6,33.33333333333333,0.9099012625504518,-0.9849187846136975,-2.850913463435778,36.201307324813946,-19.408866995073893,0,,,,,,,0
FMR_mfi6<20_pb<=0.0_bw40_pb_up_h2_mid1_s0.1,mean_rev,-1000000000.0,1,6,33.33333333333333,0.9099012625504518,-0.9849187846136975,-2.850913463435778,36.201307324813946,-19.408866995073893,0,,,,,,,0
FMR_mfi6<20_pb<=0.0_bw40_pb_up_h2_mid1_s0.07,mean_rev,-1000000000.0,1,6,33.33333333333333,0.9099012625504518,-0.9849187846136975,-2.850913463435778,36.201307324813946,-19.408866995073893,0,,,,,,,0
FMR_mfi6<20_pb<=0.0_bw40_both_h2_mid1_s0.1,mean_rev,-1000000000.0,1,1,0.0,-0.2976055714181247,-0.2976055714181247,-0.2976055714181247,-0.2976055714181247,-0.2976055714181247,0,,,,,,,0
FMR_mfi6<20_pb<=0.0_bw40_both_h2_mid1_s0.07,mean_rev,-1000000000.0,1,1,0.0,-0.2976055714181247,-0.2976055714181247,-0.2976055714181247,-0.2976055714181247,-0.2976055714181247,0,,,,,,,0
FMR_mfi6<20_pb<=0.0_bw40_pb_up_h4_mid0_s0.1,mean_rev,-1000000000.0,1,6,50.0,0.931456265881562,-0.8856536819808303,-2.7481204958355265,36.201307324813946,-19.408866995073893,0,,,,,,,0
FMR_mfi6<20_pb<=0.0_bw40_pb_up_h4_mid0_s0.07,mean_rev,-1000000000.0,1,6,50.0,0.931456265881562,-0.8856536819808303,-2.7481204958355265,36.201307324813946,-19.408866995073893,0,,,,,,,0
FMR_mfi6<20_pb<=0.0_bw40_pb_up_h4_mid1_s0.1,mean_rev,-1000000000.0,1,6,16.666666666666664,0.3419541332650322,-1.0839474735019117,-6.067770633520697,36.201307324813946,-19.408866995073893,0,,,,,,,0
FMR_mfi6<20_pb<=0.15_bw40_both_h2_mid1_s0.1,mean_rev,-1000000000.0,1,7,28.57142857142857,-0.8790883237596834,-1.6977888681703468,-6.350743194945729,4.795723312582556,-4.11764614875908,0,,,,,,,0
FMR_mfi6<20_pb<=0.0_bw40_pb_up_h3_mid0_s0.1,mean_rev,-1000000000.0,1,6,33.33333333333333,0.5892235752939807,-1.6615153836540164,-4.714436389545861,36.201307324813946,-19.408866995073893,0,,,,,,,0
FMR_mfi6<20_pb<=0.0_bw40_pb_up_h3_mid0_s0.07,mean_rev,-1000000000.0,1,6,33.33333333333333,0.5892235752939807,-1.6615153836540164,-4.714436389545861,36.201307324813946,-19.408866995073893,0,,,,,,,0
FMR_mfi13<25_pb<=0.15_bw40_pb_up_h4_mid1_s0.07,mean_rev,-1000000000.0,1,24,50.0,3.168556911950135,0.5005512312941829,55.8303777899521,61.71122994652407,-26.192619261926197,0,,,,,,,0
FMR_mfi6<20_pb<=0.0_bw40_both_h4_mid1_s0.07,mean_rev,-1000000000.0,1,1,0.0,-0.2976055714181247,-0.2976055714181247,-0.2976055714181247,-0.2976055714181247,-0.2976055714181247,0,,,,,,,0
FMR_mfi6<20_pb<=0.0_bw40_both_h3_mid0_s0.1,mean_rev,-1000000000.0,1,1,0.0,-2.82736781811348,-2.82736781811348,-2.82736781811348,-2.82736781811348,-2.82736781811348,0,,,,,,,0
FMR_mfi6<20_pb<=0.0_bw40_both_h3_mid0_s0.07,mean_rev,-1000000000.0,1,1,0.0,-2.82736781811348,-2.82736781811348,-2.82736781811348,-2.82736781811348,-2.82736781811348,0,,,,,,,0
FMR_mfi6<20_pb<=0.0_bw40_both_h3_mid1_s0.1,mean_rev,-1000000000.0,1,1,0.0,-0.2976055714181247,-0.2976055714181247,-0.2976055714181247,-0.2976055714181247,-0.2976055714181247,0,,,,,,,0
FMR_mfi6<20_pb<=0.0_bw40_both_h3_mid1_s0.07,mean_rev,-1000000000.0,1,1,0.0,-0.2976055714181247,-0.2976055714181247,-0.2976055714181247,-0.2976055714181247,-0.2976055714181247,0,,,,,,,0
FMR_mfi6<20_pb<=0.0_bw40_both_h2_mid0_s0.1,mean_rev,-1000000000.0,1,1,0.0,-0.2976055714181247,-0.2976055714181247,-0.2976055714181247,-0.2976055714181247,-0.2976055714181247,0,,,,,,,0
FMR_mfi6<20_pb<=0.0_bw40_both_h2_mid0_s0.07,mean_rev,-1000000000.0,1,1,0.0,-0.2976055714181247,-0.2976055714181247,-0.2976055714181247,-0.2976055714181247,-0.2976055714181247,0,,,,,,,0
FMR_mfi6<20_pb<=0.15_squeeze_pb_up_h3_mid1_s0.1,mean_rev,-1000000000.0,1,0,,,,0.0,,,0,,,,,,,0
FMR_mfi6<20_pb<=0.0_bw40_pb_up_h4_mid1_s0.07,mean_rev,-1000000000.0,1,6,16.666666666666664,0.3419541332650322,-1.0839474735019117,-6.067770633520697,36.201307324813946,-19.408866995073893,0,,,,,,,0
FMR_mfi6<20_pb<=0.0_squeeze_pb_up_h3_mid0_s0.1,mean_rev,-1000000000.0,1,0,,,,0.0,,,0,,,,,,,0
FMR_mfi6<20_pb<=0.0_squeeze_pb_up_h3_mid0_s0.07,mean_rev,-1000000000.0,1,0,,,,0.0,,,0,,,,,,,0
FMR_mfi6<20_pb<=0.0_squeeze_pb_up_h3_mid1_s0.1,mean_rev,-1000000000.0,1,0,,,,0.0,,,0,,,,,,,0
FMR_mfi6<20_pb<=0.0_squeeze_pb_up_h3_mid1_s0.07,mean_rev,-1000000000.0,1,0,,,,0.0,,,0,,,,,,,0
FMR_mfi6<20_pb<=0.0_bw40_both_h4_mid0_s0.1,mean_rev,-1000000000.0,1,1,100.0,0.8928809879590327,0.8928809879590327,0.8928809879590327,0.8928809879590327,0.8928809879590327,0,,,,,,,0
FMR_mfi6<20_pb<=0.0_bw40_both_h4_mid0_s0.07,mean_rev,-1000000000.0,1,1,100.0,0.8928809879590327,0.8928809879590327,0.8928809879590327,0.8928809879590327,0.8928809879590327,0,,,,,,,0
FMR_mfi6<20_pb<=0.0_squeeze_both_h3_mid1_s0.1,mean_rev,-1000000000.0,1,0,,,,0.0,,,0,,,,,,,0
FMR_mfi6<20_pb<=0.0_squeeze_both_h3_mid1_s0.07,mean_rev,-1000000000.0,1,0,,,,0.0,,,0,,,,,,,0
FMR_mfi6<20_pb<=0.0_squeeze_both_h2_mid0_s0.1,mean_rev,-1000000000.0,1,0,,,,0.0,,,0,,,,,,,0
FMR_mfi6<20_pb<=0.0_squeeze_both_h2_mid0_s0.07,mean_rev,-1000000000.0,1,0,,,,0.0,,,0,,,,,,,0
FMR_mfi6<20_pb<=0.0_bw40_pb_up_h3_mid1_s0.1,mean_rev,-1000000000.0,1,6,16.666666666666664,0.3419541332650322,-1.0839474735019117,-6.067770633520697,36.201307324813946,-19.408866995073893,0,,,,,,,0
FMR_mfi6<20_pb<=0.0_squeeze_both_h2_mid1_s0.07,mean_rev,-1000000000.0,1,0,,,,0.0,,,0,,,,,,,0
FMR_mfi6<20_pb<=0.0_squeeze_pb_up_h4_mid0_s0.1,mean_rev,-1000000000.0,1,0,,,,0.0,,,0,,,,,,,0
FMR_mfi6<20_pb<=0.0_squeeze_pb_up_h4_mid0_s0.07,mean_rev,-1000000000.0,1,0,,,,0.0,,,0,,,,,,,0
FMR_mfi6<20_pb<=0.0_squeeze_both_h4_mid0_s0.1,mean_rev,-1000000000.0,1,0,,,,0.0,,,0,,,,,,,0
FMR_mfi6<20_pb<=0.0_squeeze_both_h4_mid0_s0.07,mean_rev,-1000000000.0,1,0,,,,0.0,,,0,,,,,,,0
FMR_mfi6<20_pb<=0.0_squeeze_both_h4_mid1_s0.1,mean_rev,-1000000000.0,1,0,,,,0.0,,,0,,,,,,,0
FMR_mfi6<20_pb<=0.0_squeeze_both_h4_mid1_s0.07,mean_rev,-1000000000.0,1,0,,,,0.0,,,0,,,,,,,0
FMR_mfi6<20_pb<=0.0_squeeze_both_h3_mid0_s0.1,mean_rev,-1000000000.0,1,0,,,,0.0,,,0,,,,,,,0
FMR_mfi6<20_pb<=0.0_squeeze_both_h3_mid0_s0.07,mean_rev,-1000000000.0,1,0,,,,0.0,,,0,,,,,,,0
FMR_mfi6<20_pb<=0.0_bw40_both_h4_mid1_s0.1,mean_rev,-1000000000.0,1,1,0.0,-0.2976055714181247,-0.2976055714181247,-0.2976055714181247,-0.2976055714181247,-0.2976055714181247,0,,,,,,,0
FMR_mfi6<20_pb<=0.0_none_both_h4_mid1_s0.07,mean_rev,-1000000000.0,1,18,66.66666666666666,-0.326559071383138,2.0937892021031246,-37.891520960509396,31.250006715698532,-50.0,0,,,,,,,0
FMR_mfi6<20_pb<=0.0_squeeze_both_h2_mid1_s0.1,mean_rev,-1000000000.0,1,0,,,,0.0,,,0,,,,,,,0
FMR_mfi6<20_pb<=0.15_bw40_both_h4_mid0_s0.1,mean_rev,-1000000000.0,1,7,42.857142857142854,1.8065779455448103,-0.8488934599414466,11.283074742860677,15.27530854346888,-6.470588814426037,0,,,,,,,0
FMR_mfi6<20_pb<=0.15_bw40_both_h4_mid0_s0.07,mean_rev,-1000000000.0,1,7,42.857142857142854,1.8065779455448103,-0.8488934599414466,11.283074742860677,15.27530854346888,-6.470588814426037,0,,,,,,,0
FMR_mfi6<20_pb<=0.15_bw40_both_h4_mid1_s0.1,mean_rev,-1000000000.0,1,7,28.57142857142857,-1.1108066895356197,-1.6977888681703468,-7.953273257106752,4.795723312582556,-6.470588814426037,0,,,,,,,0
FMR_mfi6<20_pb<=0.15_bw40_both_h4_mid1_s0.07,mean_rev,-1000000000.0,1,7,28.57142857142857,-1.1108066895356197,-1.6977888681703468,-7.953273257106752,4.795723312582556,-6.470588814426037,0,,,,,,,0
FMR_mfi6<20_pb<=0.25_squeeze_pb_up_h4_mid0_s0.1,mean_rev,-1000000000.0,1,9,44.44444444444444,-0.512277267562913,-2.0440127610173886,-8.685081970259779,17.617968646431148,-18.33648393194707,0,,,,,,,0
FMR_mfi6<20_pb<=0.25_squeeze_pb_up_h4_mid0_s0.07,mean_rev,-1000000000.0,1,9,44.44444444444444,-0.512277267562913,-2.0440127610173886,-8.685081970259779,17.617968646431148,-18.33648393194707,0,,,,,,,0
FMR_mfi6<20_pb<=0.25_squeeze_pb_up_h4_mid1_s0.1,mean_rev,-1000000000.0,1,9,44.44444444444444,-0.013703165455017065,-2.0440127610173886,-4.891594958543122,17.617968646431148,-18.33648393194707,0,,,,,,,0
FMR_mfi6<20_pb<=0.25_squeeze_pb_up_h4_mid1_s0.07,mean_rev,-1000000000.0,1,9,44.44444444444444,-0.013703165455017065,-2.0440127610173886,-4.891594958543122,17.617968646431148,-18.33648393194707,0,,,,,,,0
FMR_mfi6<20_pb<=0.15_bw40_pb_up_h2_mid1_s0.1,mean_rev,-1000000000.0,1,30,46.666666666666664,2.9653344089957403,-0.3283980823555188,89.47059351614944,48.71286666570225,-19.408866995073893,0,,,,,,,0
FMR_mfi6<20_pb<=0.15_bw40_pb_up_h2_mid1_s0.07,mean_rev,-1000000000.0,1,30,46.666666666666664,2.9653344089957403,-0.3283980823555188,89.47059351614944,48.71286666570225,-19.408866995073893,0,,,,,,,0
FMR_mfi6<20_pb<=0.15_squeeze_pb_up_h3_mid1_s0.07,mean_rev,-1000000000.0,1,0,,,,0.0,,,0,,,,,,,0
FMR_mfi6<20_pb<=0.15_bw40_pb_up_h4_mid1_s0.07,mean_rev,-1000000000.0,1,30,60.0,4.052124168056803,1.4461577794426361,157.8540907030638,48.71286666570225,-19.408866995073893,0,,,,,,,0
FMR_mfi6<20_pb<=0.15_bw40_pb_up_h3_mid0_s0.1,mean_rev,-1000000000.0,1,30,40.0,3.3702920380591013,-0.5374085730020406,93.30245503887922,69.70297542711185,-19.408866995073893,0,,,,,,,0
FMR_mfi6<20_pb<=0.15_bw40_pb_up_h3_mid0_s0.07,mean_rev,-1000000000.0,1,30,40.0,3.3702920380591013,-0.5374085730020406,93.30245503887922,69.70297542711185,-19.408866995073893,0,,,,,,,0
FMR_mfi6<20_pb<=0.15_bw40_pb_up_h3_mid1_s0.1,mean_rev,-1000000000.0,1,30,46.666666666666664,2.8937502605396497,-0.14881176425675657,82.84721869111445,48.71286666570225,-19.408866995073893,0,,,,,,,0
FMR_mfi6<20_pb<=0.15_bw40_pb_up_h3_mid1_s0.07,mean_rev,-1000000000.0,1,30,46.666666666666664,2.8937502605396497,-0.14881176425675657,82.84721869111445,48.71286666570225,-19.408866995073893,0,,,,,,,0
FMR_mfi6<20_pb<=0.15_bw40_pb_up_h2_mid0_s0.1,mean_rev,-1000000000.0,1,30,46.666666666666664,2.9653344089957403,-0.3283980823555188,89.47059351614944,48.71286666570225,-19.408866995073893,0,,,,,,,0
FMR_mfi6<20_pb<=0.15_bw40_pb_up_h2_mid0_s0.07,mean_rev,-1000000000.0,1,30,46.666666666666664,2.9653344089957403,-0.3283980823555188,89.47059351614944,48.71286666570225,-19.408866995073893,0,,,,,,,0
FMR_mfi6<20_pb<=0.15_bw40_both_h3_mid1_s0.1,mean_rev,-1000000000.0,1,7,28.57142857142857,-2.191243713550149,-1.6977888681703468,-15.026496925198607,4.795723312582556,-7.4509851079453515,0,,,,,,,0
FMR_mfi6<20_pb<=0.15_bw40_both_h3_mid1_s0.07,mean_rev,-1000000000.0,1,7,28.57142857142857,-2.191243713550149,-1.6977888681703468,-15.026496925198607,4.795723312582556,-7.4509851079453515,0,,,,,,,0
FMR_mfi6<20_pb<=0.15_bw40_both_h2_mid0_s0.1,mean_rev,-1000000000.0,1,7,28.57142857142857,-0.8790883237596834,-1.6977888681703468,-6.350743194945729,4.795723312582556,-4.11764614875908,0,,,,,,,0
FMR_mfi6<20_pb<=0.15_bw40_both_h2_mid0_s0.07,mean_rev,-1000000000.0,1,7,28.57142857142857,-0.8790883237596834,-1.6977888681703468,-6.350743194945729,4.795723312582556,-4.11764614875908,0,,,,,,,0
FMR_mfi6<20_pb<=0.15_bw40_pb_up_h4_mid1_s0.1,mean_rev,-1000000000.0,1,30,60.0,4.052124168056803,1.4461577794426361,157.8540907030638,48.71286666570225,-19.408866995073893,0,,,,,,,0
FMR_mfi6<20_pb<=0.15_squeeze_pb_up_h2_mid0_s0.1,mean_rev,-1000000000.0,1,0,,,,0.0,,,0,,,,,,,0
FMR_mfi6<20_pb<=0.15_squeeze_pb_up_h2_mid0_s0.07,mean_rev,-1000000000.0,1,0,,,,0.0,,,0,,,,,,,0
FMR_mfi6<20_pb<=0.15_squeeze_pb_up_h2_mid1_s0.1,mean_rev,-1000000000.0,1,0,,,,0.0,,,0,,,,,,,0
FMR_mfi6<20_pb<=0.15_squeeze_pb_up_h2_mid1_s0.07,mean_rev,-1000000000.0,1,0,,,,0.0,,,0,,,,,,,0
FMR_mfi6<20_pb<=0.15_bw40_both_h3_mid0_s0.1,mean_rev,-1000000000.0,1,7,28.57142857142857,-1.2853213841693594,-2.82736781811348,-10.288417597512833,15.097681668884388,-7.4509851079453515,0,,,,,,,0
FMR_mfi6<20_pb<=0.15_bw40_both_h3_mid0_s0.07,mean_rev,-1000000000.0,1,7,28.57142857142857,-1.2853213841693594,-2.82736781811348,-10.288417597512833,15.097681668884388,-7.4509851079453515,0,,,,,,,0
FMR_mfi6<20_pb<=0.15_squeeze_both_h2_mid1_s0.1,mean_rev,-1000000000.0,1,0,,,,0.0,,,0,,,,,,,0
FMR_mfi6<20_pb<=0.15_squeeze_both_h2_mid1_s0.07,mean_rev,-1000000000.0,1,0,,,,0.0,,,0,,,,,,,0
FMR_mfi6<20_pb<=0.15_squeeze_pb_up_h4_mid0_s0.1,mean_rev,-1000000000.0,1,0,,,,0.0,,,0,,,,,,,0
FMR_mfi6<20_pb<=0.15_squeeze_pb_up_h4_mid0_s0.07,mean_rev,-1000000000.0,1,0,,,,0.0,,,0,,,,,,,0
FMR_mfi6<20_pb<=0.15_squeeze_pb_up_h4_mid1_s0.1,mean_rev,-1000000000.0,1,0,,,,0.0,,,0,,,,,,,0
FMR_mfi6<20_pb<=0.15_squeeze_both_h4_mid0_s0.07,mean_rev,-1000000000.0,1,0,,,,0.0,,,0,,,,,,,0
FMR_mfi6<20_pb<=0.15_squeeze_pb_up_h3_mid0_s0.1,mean_rev,-1000000000.0,1,0,,,,0.0,,,0,,,,,,,0
FMR_mfi6<20_pb<=0.15_squeeze_pb_up_h3_mid0_s0.07,mean_rev,-1000000000.0,1,0,,,,0.0,,,0,,,,,,,0
FMR_mfi6<20_pb<=0.15_squeeze_both_h4_mid1_s0.1,mean_rev,-1000000000.0,1,0,,,,0.0,,,0,,,,,,,0
FMR_mfi6<20_pb<=0.15_squeeze_both_h4_mid1_s0.07,mean_rev,-1000000000.0,1,0,,,,0.0,,,0,,,,,,,0
FMR_mfi6<20_pb<=0.15_squeeze_both_h3_mid0_s0.1,mean_rev,-1000000000.0,1,0,,,,0.0,,,0,,,,,,,0
FMR_mfi6<20_pb<=0.15_squeeze_both_h3_mid0_s0.07,mean_rev,-1000000000.0,1,0,,,,0.0,,,0,,,,,,,0
FMR_mfi6<20_pb<=0.15_squeeze_both_h3_mid1_s0.1,mean_rev,-1000000000.0,1,0,,,,0.0,,,0,,,,,,,0
FMR_mfi6<20_pb<=0.15_squeeze_both_h3_mid1_s0.07,mean_rev,-1000000000.0,1,0,,,,0.0,,,0,,,,,,,0
FMR_mfi6<20_pb<=0.15_squeeze_both_h2_mid0_s0.1,mean_rev,-1000000000.0,1,0,,,,0.0,,,0,,,,,,,0
FMR_mfi6<20_pb<=0.15_squeeze_both_h2_mid0_s0.07,mean_rev,-1000000000.0,1,0,,,,0.0,,,0,,,,,,,0
FMR_mfi6<20_pb<=0.15_squeeze_both_h4_mid0_s0.1,mean_rev,-1000000000.0,1,0,,,,0.0,,,0,,,,,,,0
FMR_mfi6<20_pb<=0.15_squeeze_pb_up_h4_mid1_s0.07,mean_rev,-1000000000.0,1,0,,,,0.0,,,0,,,,,,,0
FMR_mfi6<25_pb<=0.25_squeeze_both_h2_mid0_s0.07,mean_rev,-1000000000.0,1,4,0.0,-5.646962134307939,-4.619129398446526,-21.071220362711117,-1.4403269804143193,-11.909262759924388,0,,,,,,,0
FMR_mfi6<25_pb<=0.25_squeeze_both_h2_mid1_s0.1,mean_rev,-1000000000.0,1,4,0.0,-5.646962134307939,-4.619129398446526,-21.071220362711117,-1.4403269804143193,-11.909262759924388,0,,,,,,,0
FMR_mfi6<25_pb<=0.25_squeeze_both_h2_mid1_s0.07,mean_rev,-1000000000.0,1,4,0.0,-5.646962134307939,-4.619129398446526,-21.071220362711117,-1.4403269804143193,-11.909262759924388,0,,,,,,,0
FMR_mfi6<25_pb<=0.25_squeeze_pb_up_h4_mid0_s0.1,mean_rev,-1000000000.0,1,14,57.14285714285714,1.454059847926554,2.9075574987285524,12.927050661997775,21.059113300492616,-18.33648393194707,0,,,,,,,0
FMR_mfi6<25_pb<=0.25_squeeze_pb_up_h4_mid0_s0.07,mean_rev,-1000000000.0,1,14,57.14285714285714,1.454059847926554,2.9075574987285524,12.927050661997775,21.059113300492616,-18.33648393194707,0,,,,,,,0
FMR_mfi6<25_pb<=0.25_squeeze_pb_up_h4_mid1_s0.1,mean_rev,-1000000000.0,1,14,57.14285714285714,1.1661026458313541,2.700957121719705,8.626907907074411,21.059113300492616,-18.33648393194707,0,,,,,,,0
FMR_mfi6<25_pb<=0.25_squeeze_pb_up_h4_mid1_s0.07,mean_rev,-1000000000.0,1,14,57.14285714285714,1.1661026458313541,2.700957121719705,8.626907907074411,21.059113300492616,-18.33648393194707,0,,,,,,,0
FMR_mfi6<25_pb<=0.25_squeeze_both_h4_mid0_s0.1,mean_rev,-1000000000.0,1,4,0.0,-9.549710184985113,-8.909172023487999,-33.82437743349121,-2.0440127610173886,-18.33648393194707,0,,,,,,,0
FMR_mfi6<25_pb<=0.25_squeeze_both_h4_mid0_s0.07,mean_rev,-1000000000.0,1,4,0.0,-9.549710184985113,-8.909172023487999,-33.82437743349121,-2.0440127610173886,-18.33648393194707,0,,,,,,,0
FMR_mfi6<25_pb<=0.25_squeeze_both_h4_mid1_s0.1,mean_rev,-1000000000.0,1,4,0.0,-9.549710184985113,-8.909172023487999,-33.82437743349121,-2.0440127610173886,-18.33648393194707,0,,,,,,,0
FMR_mfi6<25_pb<=0.0_bw40_pb_up_h3_mid0_s0.07,mean_rev,-1000000000.0,1,6,33.33333333333333,0.5892235752939807,-1.6615153836540164,-4.714436389545861,36.201307324813946,-19.408866995073893,0,,,,,,,0
FMR_mfi6<25_pb<=0.25_squeeze_both_h3_mid0_s0.1,mean_rev,-1000000000.0,1,4,0.0,-12.522141978818016,-12.151779181352573,-42.637227584416934,-2.0440127610173886,-23.740996791549527,0,,,,,,,0
FMR_mfi6<25_pb<=0.25_squeeze_both_h3_mid0_s0.07,mean_rev,-1000000000.0,1,4,0.0,-12.522141978818016,-12.151779181352573,-42.637227584416934,-2.0440127610173886,-23.740996791549527,0,,,,,,,0
FMR_mfi6<25_pb<=0.25_squeeze_both_h3_mid1_s0.1,mean_rev,-1000000000.0,1,4,0.0,-12.522141978818016,-12.151779181352573,-42.637227584416934,-2.0440127610173886,-23.740996791549527,0,,,,,,,0
FMR_mfi6<25_pb<=0.25_squeeze_both_h3_mid1_s0.07,mean_rev,-1000000000.0,1,4,0.0,-12.522141978818016,-12.151779181352573,-42.637227584416934,-2.0440127610173886,-23.740996791549527,0,,,,,,,0
FMR_mfi6<25_pb<=0.25_squeeze_pb_up_h3_mid1_s0.1,mean_rev,-1000000000.0,1,14,57.14285714285714,-0.3276152769978613,2.560289078697109,-12.548099315310846,17.617968646431148,-23.740996791549527,0,,,,,,,0
FMR_mfi6<25_pb<=0.25_squeeze_pb_up_h3_mid1_s0.07,mean_rev,-1000000000.0,1,14,57.14285714285714,-0.3276152769978613,2.560289078697109,-12.548099315310846,17.617968646431148,-23.740996791549527,0,,,,,,,0
FMR_mfi6<25_pb<=0.25_squeeze_pb_up_h2_mid0_s0.1,mean_rev,-1000000000.0,1,14,42.857142857142854,-0.39512934813562395,-1.742169870715854,-8.373245974238309,17.617968646431148,-11.909262759924388,0,,,,,,,0
FMR_mfi6<25_pb<=0.25_squeeze_pb_up_h2_mid0_s0.07,mean_rev,-1000000000.0,1,14,42.857142857142854,-0.39512934813562395,-1.742169870715854,-8.373245974238309,17.617968646431148,-11.909262759924388,0,,,,,,,0
FMR_mfi6<25_pb<=0.25_squeeze_pb_up_h2_mid1_s0.1,mean_rev,-1000000000.0,1,14,42.857142857142854,-0.39512934813562395,-1.742169870715854,-8.373245974238309,17.617968646431148,-11.909262759924388,0,,,,,,,0
FMR_mfi6<25_pb<=0.25_squeeze_pb_up_h2_mid1_s0.07,mean_rev,-1000000000.0,1,14,42.857142857142854,-0.39512934813562395,-1.742169870715854,-8.373245974238309,17.617968646431148,-11.909262759924388,0,,,,,,,0
FMR_mfi14<30_pb<=0.15_squeeze_pb_up_h3_mid1_s0.1,mean_rev,-1000000000.0,1,5,80.0,14.13444667475175,13.90013495276654,73.80495932766975,41.176470588235304,-23.740996791549527,0,,,,,,,0
FMR_mfi6<25_pb<=0.25_squeeze_both_h4_mid1_s0.07,mean_rev,-1000000000.0,1,4,0.0,-9.549710184985113,-8.909172023487999,-33.82437743349121,-2.0440127610173886,-18.33648393194707,0,,,,,,,0
FMR_mfi14<30_pb<=0.15_squeeze_both_h3_mid0_s0.1,mean_rev,-1000000000.0,1,4,75.0,15.779638621471603,22.84154034460032,61.598339661506344,41.176470588235304,-23.740996791549527,0,,,,,,,0
FMR_mfi14<30_pb<=0.15_squeeze_both_h3_mid0_s0.07,mean_rev,-1000000000.0,1,4,75.0,15.779638621471603,22.84154034460032,61.598339661506344,41.176470588235304,-23.740996791549527,0,,,,,,,0
FMR_mfi14<30_pb<=0.15_squeeze_both_h3_mid1_s0.1,mean_rev,-1000000000.0,1,4,75.0,15.779638621471603,22.84154034460032,61.598339661506344,41.176470588235304,-23.740996791549527,0,,,,,,,0
FMR_mfi14<30_pb<=0.15_squeeze_both_h3_mid1_s0.07,mean_rev,-1000000000.0,1,4,75.0,15.779638621471603,22.84154034460032,61.598339661506344,41.176470588235304,-23.740996791549527,0,,,,,,,0
FMR_mfi14<30_pb<=0.15_squeeze_both_h2_mid0_s0.1,mean_rev,-1000000000.0,1,4,0.0,-9.518987613691946,-8.151778888383177,-33.25532169392653,-5.537098560354369,-16.235294117647058,0,,,,,,,0
FMR_mfi14<30_pb<=0.15_squeeze_both_h2_mid0_s0.07,mean_rev,-1000000000.0,1,4,0.0,-9.518987613691946,-8.151778888383177,-33.25532169392653,-5.537098560354369,-16.235294117647058,0,,,,,,,0
FMR_mfi6<25_pb<=0.15_bw40_both_h4_mid1_s0.1,mean_rev,-1000000000.0,1,11,45.45454545454545,2.302583952424555,-0.2976055714181247,19.035748801653686,31.735546458016707,-19.49434464404525,0,,,,,,,0
FMR_mfi6<25_pb<=0.15_bw40_both_h4_mid1_s0.07,mean_rev,-1000000000.0,1,11,45.45454545454545,1.4732371284593704,-0.2976055714181247,9.100171096717347,31.735546458016707,-19.49434464404525,0,,,,,,,0
FMR_mfi6<25_pb<=0.15_bw40_both_h3_mid0_s0.1,mean_rev,-1000000000.0,1,11,45.45454545454545,-0.9368409364382294,-0.8488934599414466,-14.080220416141454,15.097681668884388,-19.49434464404525,0,,,,,,,0
FMR_mfi6<25_pb<=0.15_bw40_both_h3_mid0_s0.07,mean_rev,-1000000000.0,1,11,45.45454545454545,-0.9368409364382294,-0.8488934599414466,-14.080220416141454,15.097681668884388,-19.49434464404525,0,,,,,,,0
FMR_mfi6<25_pb<=0.25_squeeze_both_h2_mid0_s0.1,mean_rev,-1000000000.0,1,4,0.0,-5.646962134307939,-4.619129398446526,-21.071220362711117,-1.4403269804143193,-11.909262759924388,0,,,,,,,0
FMR_mfi6<25_pb<=0.15_bw40_both_h3_mid1_s0.07,mean_rev,-1000000000.0,1,11,45.45454545454545,-1.5133369642260046,-0.2976055714181247,-18.618037279734178,11.564631937272573,-19.49434464404525,0,,,,,,,0
FMR_mfi14<30_pb<=0.15_squeeze_both_h4_mid0_s0.1,mean_rev,-1000000000.0,1,4,75.0,16.892560750420525,9.883945104263347,68.01519897181035,61.71122994652407,-13.90887715336866,0,,,,,,,0
FMR_mfi14<30_pb<=0.15_squeeze_both_h4_mid0_s0.07,mean_rev,-1000000000.0,1,4,75.0,17.280549954199202,10.6599235118207,70.33612964829781,61.71122994652407,-13.90887715336866,0,,,,,,,0
FMR_mfi14<30_pb<=0.15_bw40_pb_up_h3_mid1_s0.1,mean_rev,-1000000000.0,1,39,46.15384615384615,2.151569728953873,-0.2976055714181247,73.32305359384162,41.176470588235304,-19.408866995073893,0,,,,,,,0
FMR_mfi14<30_pb<=0.15_bw40_pb_up_h3_mid1_s0.07,mean_rev,-1000000000.0,1,39,46.15384615384615,2.151569728953873,-0.2976055714181247,73.32305359384162,41.176470588235304,-19.408866995073893,0,,,,,,,0
FMR_mfi14<30_pb<=0.15_bw40_pb_up_h2_mid0_s0.1,mean_rev,-1000000000.0,1,39,38.46153846153847,-0.017087665350061045,-0.44543429844098315,-17.78508915898801,35.78430815533644,-19.408866995073893,0,,,,,,,0
FMR_mfi14<30_pb<=0.15_bw40_pb_up_h2_mid0_s0.07,mean_rev,-1000000000.0,1,39,38.46153846153847,-0.017087665350061045,-0.44543429844098315,-17.78508915898801,35.78430815533644,-19.408866995073893,0,,,,,,,0
FMR_mfi14<30_pb<=0.15_bw40_pb_up_h2_mid1_s0.1,mean_rev,-1000000000.0,1,39,38.46153846153847,-0.017087665350061045,-0.44543429844098315,-17.78508915898801,35.78430815533644,-19.408866995073893,0,,,,,,,0
FMR_mfi14<30_pb<=0.15_bw40_pb_up_h2_mid1_s0.07,mean_rev,-1000000000.0,1,39,38.46153846153847,-0.017087665350061045,-0.44543429844098315,-17.78508915898801,35.78430815533644,-19.408866995073893,0,,,,,,,0
FMR_mfi6<25_pb<=0.15_bw40_both_h4_mid0_s0.1,mean_rev,-1000000000.0,1,11,54.54545454545454,4.159101447475737,0.8928809879590327,43.91238667256108,31.735546458016707,-19.49434464404525,0,,,,,,,0
FMR_mfi6<25_pb<=0.15_bw40_both_h4_mid0_s0.07,mean_rev,-1000000000.0,1,11,54.54545454545454,3.329754623510553,0.17542148855838047,31.90042627509586,31.735546458016707,-19.49434464404525,0,,,,,,,0
FMR_mfi6<25_pb<=0.15_bw40_both_h3_mid1_s0.1,mean_rev,-1000000000.0,1,11,45.45454545454545,-1.5133369642260046,-0.2976055714181247,-18.618037279734178,11.564631937272573,-19.49434464404525,0,,,,,,,0
FMR_mfi6<25_pb<=0.25_bw40_both_h2_mid1_s0.1,mean_rev,-1000000000.0,1,21,47.61904761904761,0.34063047862606577,-0.2976055714181247,1.7143206313317005,14.351855911393162,-15.03659347970725,0,,,,,,,0
FMR_mfi6<25_pb<=0.25_bw40_both_h2_mid1_s0.07,mean_rev,-1000000000.0,1,21,47.61904761904761,0.11980493681769015,-0.2976055714181247,-3.4374436116121565,14.351855911393162,-15.03659347970725,0,,,,,,,0
FMR_mfi14<30_pb<=0.0_bw40_both_h4_mid0_s0.1,mean_rev,-1000000000.0,1,2,100.0,9.573684736342802,9.573684736342802,19.310360329814902,18.254488484726572,0.8928809879590327,0,,,,,,,0
FMR_mfi14<30_pb<=0.0_bw40_both_h4_mid0_s0.07,mean_rev,-1000000000.0,1,2,100.0,9.573684736342802,9.573684736342802,19.310360329814902,18.254488484726572,0.8928809879590327,0,,,,,,,0
FMR_mfi14<30_pb<=0.0_bw40_both_h4_mid1_s0.1,mean_rev,-1000000000.0,1,2,50.0,5.480777046621471,5.480777046621471,10.928046206786046,11.259159664661066,-0.2976055714181247,0,,,,,,,0
FMR_mfi14<30_pb<=0.0_bw40_both_h4_mid1_s0.07,mean_rev,-1000000000.0,1,2,50.0,5.480777046621471,5.480777046621471,10.928046206786046,11.259159664661066,-0.2976055714181247,0,,,,,,,0
FMR_mfi6<25_pb<=0.25_bw40_both_h4_mid0_s0.1,mean_rev,-1000000000.0,1,21,57.14285714285714,2.693070458925951,1.8102059554328198,55.873768663082245,31.735546458016707,-19.49434464404525,0,,,,,,,0
FMR_mfi6<25_pb<=0.25_bw40_both_h4_mid0_s0.07,mean_rev,-1000000000.0,1,21,57.14285714285714,2.188376556537988,0.8928809879590327,40.4906020307493,31.735546458016707,-19.49434464404525,0,,,,,,,0
FMR_mfi6<25_pb<=0.25_bw40_both_h4_mid1_s0.1,mean_rev,-1000000000.0,1,21,52.38095238095239,1.592364766265913,2.2580543983763857,25.619256424150592,31.735546458016707,-19.49434464404525,0,,,,,,,0
FMR_mfi6<25_pb<=0.25_bw40_both_h4_mid1_s0.07,mean_rev,-1000000000.0,1,21,52.38095238095239,1.08767086387795,0.17542148855838047,13.221904577353595,31.735546458016707,-19.49434464404525,0,,,,,,,0
FMR_mfi14<30_pb<=0.15_squeeze_pb_up_h3_mid1_s0.07,mean_rev,-1000000000.0,1,5,80.0,14.13444667475175,13.90013495276654,73.80495932766975,41.176470588235304,-23.740996791549527,0,,,,,,,0
FMR_mfi6<25_pb<=0.25_bw40_both_h3_mid0_s0.07,mean_rev,-1000000000.0,1,21,52.38095238095239,-0.00996034586102434,0.17542148855838047,-8.193393369723157,15.277783866200888,-19.49434464404525,0,,,,,,,0
FMR_mfi6<25_pb<=0.25_bw40_both_h3_mid1_s0.1,mean_rev,-1000000000.0,1,21,52.38095238095239,-0.2758165878344944,0.17542148855838047,-11.379988391749428,14.351855911393162,-19.49434464404525,0,,,,,,,0
FMR_mfi6<25_pb<=0.25_bw40_both_h3_mid1_s0.07,mean_rev,-1000000000.0,1,21,52.38095238095239,-0.5747064007263293,0.17542148855838047,-17.351965562087734,14.351855911393162,-19.49434464404525,0,,,,,,,0
FMR_mfi14<30_pb<=0.0_squeeze_both_h4_mid0_s0.1,mean_rev,-1000000000.0,1,0,,,,0.0,,,0,,,,,,,0
FMR_mfi14<30_pb<=0.0_squeeze_both_h4_mid0_s0.07,mean_rev,-1000000000.0,1,0,,,,0.0,,,0,,,,,,,0
FMR_mfi14<30_pb<=0.0_squeeze_both_h4_mid1_s0.1,mean_rev,-1000000000.0,1,0,,,,0.0,,,0,,,,,,,0
FMR_mfi14<30_pb<=0.0_squeeze_both_h4_mid1_s0.07,mean_rev,-1000000000.0,1,0,,,,0.0,,,0,,,,,,,0
FMR_mfi6<30_pb<=0.0_none_both_h3_mid0_s0.1,mean_rev,-1000000000.0,1,24,66.66666666666666,1.5324355345348373,3.149567276563703,-9.584583204832297,42.6724207403778,-50.0,0,,,,,,,0
FMR_mfi6<30_pb<=0.0_none_both_h3_mid0_s0.07,mean_rev,-1000000000.0,1,24,66.66666666666666,1.5324355345348373,3.149567276563703,-9.584583204832297,42.6724207403778,-50.0,0,,,,,,,0
FMR_mfi6<30_pb<=0.0_none_both_h3_mid1_s0.1,mean_rev,-1000000000.0,1,24,66.66666666666666,1.155317044316675,3.5900944451411343,-14.863709269138493,31.250006715698532,-50.0,0,,,,,,,0
FMR_mfi6<30_pb<=0.0_none_both_h3_mid1_s0.07,mean_rev,-1000000000.0,1,24,66.66666666666666,1.155317044316675,3.5900944451411343,-14.863709269138493,31.250006715698532,-50.0,0,,,,,,,0
FMR_mfi6<25_pb<=0.25_bw40_both_h3_mid0_s0.1,mean_rev,-1000000000.0,1,21,52.38095238095239,0.2889294670308105,0.17542148855838047,-1.5596365888027153,15.277783866200888,-19.49434464404525,0,,,,,,,0
FMR_mfi14<30_pb<=0.15_squeeze_pb_up_h2_mid0_s0.1,mean_rev,-1000000000.0,1,5,20.0,-6.166804234366226,-7.194246035875662,-28.421719290877135,7.241929282936654,-16.235294117647058,0,,,,,,,0
FMR_mfi14<30_pb<=0.15_squeeze_pb_up_h2_mid0_s0.07,mean_rev,-1000000000.0,1,5,20.0,-6.166804234366226,-7.194246035875662,-28.421719290877135,7.241929282936654,-16.235294117647058,0,,,,,,,0
FMR_mfi14<30_pb<=0.15_squeeze_pb_up_h2_mid1_s0.1,mean_rev,-1000000000.0,1,5,20.0,-6.166804234366226,-7.194246035875662,-28.421719290877135,7.241929282936654,-16.235294117647058,0,,,,,,,0
FMR_mfi14<30_pb<=0.15_squeeze_pb_up_h2_mid1_s0.07,mean_rev,-1000000000.0,1,5,20.0,-6.166804234366226,-7.194246035875662,-28.421719290877135,7.241929282936654,-16.235294117647058,0,,,,,,,0
FMR_mfi6<25_pb<=0.25_squeeze_pb_up_h3_mid0_s0.1,mean_rev,-1000000000.0,1,14,57.14285714285714,0.2513395083082935,2.560289078697109,-5.689129018730399,17.617968646431148,-23.740996791549527,0,,,,,,,0
FMR_mfi6<25_pb<=0.25_squeeze_pb_up_h3_mid0_s0.07,mean_rev,-1000000000.0,1,14,57.14285714285714,0.2513395083082935,2.560289078697109,-5.689129018730399,17.617968646431148,-23.740996791549527,0,,,,,,,0
FMR_mfi14<30_pb<=0.0_bw40_pb_up_h4_mid0_s0.1,mean_rev,-1000000000.0,1,5,60.0,-1.9387785785754619,0.8928809879590327,-13.251553454513287,18.254488484726572,-19.408866995073893,0,,,,,,,0
FMR_mfi14<30_pb<=0.0_bw40_pb_up_h4_mid0_s0.07,mean_rev,-1000000000.0,1,5,60.0,-1.9387785785754619,0.8928809879590327,-13.251553454513287,18.254488484726572,-19.408866995073893,0,,,,,,,0
FMR_mfi14<30_pb<=0.0_bw40_pb_up_h4_mid1_s0.1,mean_rev,-1000000000.0,1,5,20.0,-4.478951982273626,-1.6722319978092703,-22.88708533901852,11.259159664661066,-19.408866995073893,0,,,,,,,0
FMR_mfi14<30_pb<=0.0_bw40_pb_up_h4_mid1_s0.07,mean_rev,-1000000000.0,1,5,20.0,-4.478951982273626,-1.6722319978092703,-22.88708533901852,11.259159664661066,-19.408866995073893,0,,,,,,,0
FMR_mfi14<30_pb<=0.0_bw40_pb_up_h3_mid0_s0.1,mean_rev,-1000000000.0,1,5,40.0,-4.368771049460658,-2.82736781811348,-22.43184613319118,10.32644767655222,-19.408866995073893,0,,,,,,,0
FMR_mfi6<25_pb<=0.25_bw40_both_h2_mid0_s0.07,mean_rev,-1000000000.0,1,21,47.61904761904761,0.11980493681769015,-0.2976055714181247,-3.4374436116121565,14.351855911393162,-15.03659347970725,0,,,,,,,0
FMR_mfi14<30_pb<=0.0_bw40_pb_up_h3_mid1_s0.1,mean_rev,-1000000000.0,1,5,20.0,-4.478951982273626,-1.6722319978092703,-22.88708533901852,11.259159664661066,-19.408866995073893,0,,,,,,,0
FMR_mfi14<30_pb<=0.0_bw40_pb_up_h3_mid1_s0.07,mean_rev,-1000000000.0,1,5,20.0,-4.478951982273626,-1.6722319978092703,-22.88708533901852,11.259159664661066,-19.408866995073893,0,,,,,,,0
FMR_mfi14<30_pb<=0.0_bw40_both_h3_mid0_s0.1,mean_rev,-1000000000.0,1,2,50.0,3.74953992921937,3.74953992921937,7.207113200077586,10.32644767655222,-2.82736781811348,0,,,,,,,0
FMR_mfi14<30_pb<=0.0_bw40_both_h3_mid0_s0.07,mean_rev,-1000000000.0,1,2,50.0,3.74953992921937,3.74953992921937,7.207113200077586,10.32644767655222,-2.82736781811348,0,,,,,,,0
FMR_mfi14<30_pb<=0.0_bw40_both_h3_mid1_s0.1,mean_rev,-1000000000.0,1,2,50.0,5.480777046621471,5.480777046621471,10.928046206786046,11.259159664661066,-0.2976055714181247,0,,,,,,,0
FMR_mfi14<30_pb<=0.0_bw40_both_h3_mid1_s0.07,mean_rev,-1000000000.0,1,2,50.0,5.480777046621471,5.480777046621471,10.928046206786046,11.259159664661066,-0.2976055714181247,0,,,,,,,0
FMR_mfi14<30_pb<=0.0_bw40_both_h2_mid0_s0.1,mean_rev,-1000000000.0,1,2,50.0,5.480777046621471,5.480777046621471,10.928046206786046,11.259159664661066,-0.2976055714181247,0,,,,,,,0
FMR_mfi14<30_pb<=0.0_bw40_both_h2_mid0_s0.07,mean_rev,-1000000000.0,1,2,50.0,5.480777046621471,5.480777046621471,10.928046206786046,11.259159664661066,-0.2976055714181247,0,,,,,,,0
FMR_mfi14<30_pb<=0.0_bw40_both_h2_mid1_s0.1,mean_rev,-1000000000.0,1,2,50.0,5.480777046621471,5.480777046621471,10.928046206786046,11.259159664661066,-0.2976055714181247,0,,,,,,,0
FMR_mfi14<30_pb<=0.0_bw40_both_h2_mid1_s0.07,mean_rev,-1000000000.0,1,2,50.0,5.480777046621471,5.480777046621471,10.928046206786046,11.259159664661066,-0.2976055714181247,0,,,,,,,0
FMR_mfi6<25_pb<=0.25_bw40_both_h2_mid0_s0.1,mean_rev,-1000000000.0,1,21,47.61904761904761,0.34063047862606577,-0.2976055714181247,1.7143206313317005,14.351855911393162,-15.03659347970725,0,,,,,,,0
FMR_mfi14<30_pb<=0.0_bw40_pb_up_h3_mid0_s0.07,mean_rev,-1000000000.0,1,5,40.0,-4.368771049460658,-2.82736781811348,-22.43184613319118,10.32644767655222,-19.408866995073893,0,,,,,,,0
FMR_mfi14<30_pb<=0.15_bw40_both_h4_mid0_s0.07,mean_rev,-1000000000.0,1,27,51.85185185185185,4.444401012119683,0.17542148855838047,150.3415537294238,61.71122994652407,-16.249996662275056,0,,,,,,,0
FMR_mfi14<30_pb<=0.15_bw40_both_h4_mid1_s0.1,mean_rev,-1000000000.0,1,27,48.148148148148145,4.16784633849256,-0.2971539678285562,139.05685282356316,61.71122994652407,-16.249996662275056,0,,,,,,,0
FMR_mfi14<30_pb<=0.15_bw40_both_h4_mid1_s0.07,mean_rev,-1000000000.0,1,27,48.148148148148145,3.441337761292832,-0.2971539678285562,95.56549218556461,61.71122994652407,-16.249996662275056,0,,,,,,,0
FMR_mfi6<25_pb<=0.15_bw40_both_h2_mid0_s0.1,mean_rev,-1000000000.0,1,11,36.36363636363637,-1.4670099773234846,-1.6977888681703468,-17.031019570834506,11.564631937272573,-15.03659347970725,0,,,,,,,0
FMR_mfi6<25_pb<=0.15_bw40_both_h2_mid0_s0.07,mean_rev,-1000000000.0,1,11,36.36363636363637,-1.4670099773234846,-1.6977888681703468,-17.031019570834506,11.564631937272573,-15.03659347970725,0,,,,,,,0
FMR_mfi6<25_pb<=0.15_squeeze_pb_up_h4_mid1_s0.1,mean_rev,-1000000000.0,1,3,66.66666666666666,-2.6512705644316625,2.6170882872589285,-8.706887113342287,3.3379771728147434,-13.90887715336866,0,,,,,,,0
FMR_mfi6<25_pb<=0.15_squeeze_pb_up_h4_mid1_s0.07,mean_rev,-1000000000.0,1,3,66.66666666666666,-2.6512705644316625,2.6170882872589285,-8.706887113342287,3.3379771728147434,-13.90887715336866,0,,,,,,,0
FMR_mfi6<25_pb<=0.15_squeeze_pb_up_h3_mid0_s0.1,mean_rev,-1000000000.0,1,3,66.66666666666666,-6.206806211385104,2.5034898701352892,-19.786131144565246,2.6170882872589285,-23.740996791549527,0,,,,,,,0
FMR_mfi6<25_pb<=0.15_squeeze_pb_up_h3_mid0_s0.07,mean_rev,-1000000000.0,1,3,66.66666666666666,-6.206806211385104,2.5034898701352892,-19.786131144565246,2.6170882872589285,-23.740996791549527,0,,,,,,,0
FMR_mfi6<25_pb<=0.15_squeeze_pb_up_h3_mid1_s0.1,mean_rev,-1000000000.0,1,3,66.66666666666666,-6.206806211385104,2.5034898701352892,-19.786131144565246,2.6170882872589285,-23.740996791549527,0,,,,,,,0
FMR_mfi14<30_pb<=0.15_squeeze_both_h4_mid1_s0.07,mean_rev,-1000000000.0,1,4,75.0,17.280549954199202,10.6599235118207,70.33612964829781,61.71122994652407,-13.90887715336866,0,,,,,,,0
FMR_mfi6<25_pb<=0.15_squeeze_pb_up_h2_mid0_s0.1,mean_rev,-1000000000.0,1,3,33.33333333333333,-2.6690925668957517,-2.203866015555156,-7.977233138629769,1.3908343507435639,-7.194246035875662,0,,,,,,,0
FMR_mfi6<25_pb<=0.15_squeeze_pb_up_h2_mid0_s0.07,mean_rev,-1000000000.0,1,3,33.33333333333333,-2.6690925668957517,-2.203866015555156,-7.977233138629769,1.3908343507435639,-7.194246035875662,0,,,,,,,0
FMR_mfi6<25_pb<=0.15_squeeze_both_h3_mid1_s0.1,mean_rev,-1000000000.0,1,1,0.0,-23.740996791549527,-23.740996791549527,-23.740996791549527,-23.740996791549527,-23.740996791549527,0,,,,,,,0
FMR_mfi6<25_pb<=0.15_squeeze_both_h3_mid1_s0.07,mean_rev,-1000000000.0,1,1,0.0,-23.740996791549527,-23.740996791549527,-23.740996791549527,-23.740996791549527,-23.740996791549527,0,,,,,,,0
FMR_mfi6<25_pb<=0.15_squeeze_both_h2_mid0_s0.1,mean_rev,-1000000000.0,1,1,0.0,-7.194246035875662,-7.194246035875662,-7.194246035875662,-7.194246035875662,-7.194246035875662,0,,,,,,,0
FMR_mfi6<25_pb<=0.15_squeeze_both_h2_mid0_s0.07,mean_rev,-1000000000.0,1,1,0.0,-7.194246035875662,-7.194246035875662,-7.194246035875662,-7.194246035875662,-7.194246035875662,0,,,,,,,0
FMR_mfi6<25_pb<=0.15_squeeze_both_h2_mid1_s0.1,mean_rev,-1000000000.0,1,1,0.0,-7.194246035875662,-7.194246035875662,-7.194246035875662,-7.194246035875662,-7.194246035875662,0,,,,,,,0
FMR_mfi6<25_pb<=0.15_squeeze_both_h2_mid1_s0.07,mean_rev,-1000000000.0,1,1,0.0,-7.194246035875662,-7.194246035875662,-7.194246035875662,-7.194246035875662,-7.194246035875662,0,,,,,,,0
FMR_mfi6<25_pb<=0.15_squeeze_pb_up_h4_mid0_s0.1,mean_rev,-1000000000.0,1,3,66.66666666666666,-2.513536979759097,3.0302890412766237,-8.339283786147966,3.3379771728147434,-13.90887715336866,0,,,,,,,0
FMR_mfi6<25_pb<=0.15_squeeze_pb_up_h4_mid0_s0.07,mean_rev,-1000000000.0,1,3,66.66666666666666,-2.513536979759097,3.0302890412766237,-8.339283786147966,3.3379771728147434,-13.90887715336866,0,,,,,,,0
FMR_mfi14<30_pb<=0.25_squeeze_pb_up_h3_mid1_s0.07,mean_rev,-1000000000.0,1,28,67.85714285714286,8.002004584455245,6.0486614175460645,494.9915783017217,80.29505332165698,-23.740996791549527,0,,,,,,,0
FMR_mfi6<25_pb<=0.15_squeeze_pb_up_h3_mid1_s0.07,mean_rev,-1000000000.0,1,3,66.66666666666666,-6.206806211385104,2.5034898701352892,-19.786131144565246,2.6170882872589285,-23.740996791549527,0,,,,,,,0
FMR_mfi6<25_pb<=0.0_bw40_pb_up_h3_mid1_s0.1,mean_rev,-1000000000.0,1,6,16.666666666666664,0.3419541332650322,-1.0839474735019117,-6.067770633520697,36.201307324813946,-19.408866995073893,0,,,,,,,0
FMR_mfi6<25_pb<=0.0_bw40_pb_up_h3_mid1_s0.07,mean_rev,-1000000000.0,1,6,16.666666666666664,0.3419541332650322,-1.0839474735019117,-6.067770633520697,36.201307324813946,-19.408866995073893,0,,,,,,,0
FMR_mfi6<25_pb<=0.0_bw40_pb_up_h2_mid0_s0.1,mean_rev,-1000000000.0,1,6,33.33333333333333,0.9099012625504518,-0.9849187846136975,-2.850913463435778,36.201307324813946,-19.408866995073893,0,,,,,,,0
FMR_mfi6<25_pb<=0.0_bw40_pb_up_h2_mid0_s0.07,mean_rev,-1000000000.0,1,6,33.33333333333333,0.9099012625504518,-0.9849187846136975,-2.850913463435778,36.201307324813946,-19.408866995073893,0,,,,,,,0
FMR_mfi6<25_pb<=0.0_bw40_pb_up_h2_mid1_s0.1,mean_rev,-1000000000.0,1,6,33.33333333333333,0.9099012625504518,-0.9849187846136975,-2.850913463435778,36.201307324813946,-19.408866995073893,0,,,,,,,0
FMR_mfi6<25_pb<=0.0_bw40_both_h3_mid1_s0.07,mean_rev,-1000000000.0,1,1,0.0,-0.2976055714181247,-0.2976055714181247,-0.2976055714181247,-0.2976055714181247,-0.2976055714181247,0,,,,,,,0
FMR_mfi6<25_pb<=0.0_bw40_both_h2_mid0_s0.1,mean_rev,-1000000000.0,1,1,0.0,-0.2976055714181247,-0.2976055714181247,-0.2976055714181247,-0.2976055714181247,-0.2976055714181247,0,,,,,,,0
FMR_mfi6<25_pb<=0.0_bw40_both_h2_mid0_s0.07,mean_rev,-1000000000.0,1,1,0.0,-0.2976055714181247,-0.2976055714181247,-0.2976055714181247,-0.2976055714181247,-0.2976055714181247,0,,,,,,,0
FMR_mfi6<25_pb<=0.0_bw40_both_h2_mid1_s0.1,mean_rev,-1000000000.0,1,1,0.0,-0.2976055714181247,-0.2976055714181247,-0.2976055714181247,-0.2976055714181247,-0.2976055714181247,0,,,,,,,0
FMR_mfi6<25_pb<=0.0_bw40_both_h2_mid1_s0.07,mean_rev,-1000000000.0,1,1,0.0,-0.2976055714181247,-0.2976055714181247,-0.2976055714181247,-0.2976055714181247,-0.2976055714181247,0,,,,,,,0
FMR_mfi6<25_pb<=0.0_bw40_pb_up_h4_mid0_s0.1,mean_rev,-1000000000.0,1,6,50.0,0.931456265881562,-0.8856536819808303,-2.7481204958355265,36.201307324813946,-19.408866995073893,0,,,,,,,0
FMR_mfi14<30_pb<=0.15_bw40_both_h4_mid0_s0.1,mean_rev,-1000000000.0,1,27,51.85185185185185,5.17090958931941,0.8928809879590327,206.01443688609203,61.71122994652407,-16.249996662275056,0,,,,,,,0
FMR_mfi6<25_pb<=0.0_bw40_pb_up_h4_mid1_s0.1,mean_rev,-1000000000.0,1,6,16.666666666666664,0.3419541332650322,-1.0839474735019117,-6.067770633520697,36.201307324813946,-19.408866995073893,0,,,,,,,0
FMR_mfi14<30_pb<=0.25_squeeze_both_h2_mid1_s0.07,mean_rev,-1000000000.0,1,22,54.54545454545454,4.500276601813605,3.205461140607535,96.63247566357862,80.29505332165698,-16.235294117647058,0,,,,,,,0
FMR_mfi6<25_pb<=0.0_bw40_both_h4_mid0_s0.1,mean_rev,-1000000000.0,1,1,100.0,0.8928809879590327,0.8928809879590327,0.8928809879590327,0.8928809879590327,0.8928809879590327,0,,,,,,,0
FMR_mfi6<25_pb<=0.0_bw40_both_h4_mid0_s0.07,mean_rev,-1000000000.0,1,1,100.0,0.8928809879590327,0.8928809879590327,0.8928809879590327,0.8928809879590327,0.8928809879590327,0,,,,,,,0
FMR_mfi6<25_pb<=0.0_bw40_both_h4_mid1_s0.1,mean_rev,-1000000000.0,1,1,0.0,-0.2976055714181247,-0.2976055714181247,-0.2976055714181247,-0.2976055714181247,-0.2976055714181247,0,,,,,,,0
FMR_mfi6<25_pb<=0.0_bw40_both_h4_mid1_s0.07,mean_rev,-1000000000.0,1,1,0.0,-0.2976055714181247,-0.2976055714181247,-0.2976055714181247,-0.2976055714181247,-0.2976055714181247,0,,,,,,,0
FMR_mfi6<25_pb<=0.0_bw40_both_h3_mid0_s0.1,mean_rev,-1000000000.0,1,1,0.0,-2.82736781811348,-2.82736781811348,-2.82736781811348,-2.82736781811348,-2.82736781811348,0,,,,,,,0
FMR_mfi6<25_pb<=0.0_bw40_both_h3_mid0_s0.07,mean_rev,-1000000000.0,1,1,0.0,-2.82736781811348,-2.82736781811348,-2.82736781811348,-2.82736781811348,-2.82736781811348,0,,,,,,,0
FMR_mfi6<25_pb<=0.0_bw40_both_h3_mid1_s0.1,mean_rev,-1000000000.0,1,1,0.0,-0.2976055714181247,-0.2976055714181247,-0.2976055714181247,-0.2976055714181247,-0.2976055714181247,0,,,,,,,0
FMR_mfi6<25_pb<=0.15_squeeze_pb_up_h2_mid1_s0.1,mean_rev,-1000000000.0,1,3,33.33333333333333,-2.6690925668957517,-2.203866015555156,-7.977233138629769,1.3908343507435639,-7.194246035875662,0,,,,,,,0
FMR_mfi6<25_pb<=0.15_squeeze_pb_up_h2_mid1_s0.07,mean_rev,-1000000000.0,1,3,33.33333333333333,-2.6690925668957517,-2.203866015555156,-7.977233138629769,1.3908343507435639,-7.194246035875662,0,,,,,,,0
FMR_mfi6<25_pb<=0.0_bw40_pb_up_h4_mid0_s0.07,mean_rev,-1000000000.0,1,6,50.0,0.931456265881562,-0.8856536819808303,-2.7481204958355265,36.201307324813946,-19.408866995073893,0,,,,,,,0
FMR_mfi6<25_pb<=0.15_bw40_pb_up_h2_mid0_s0.07,mean_rev,-1000000000.0,1,37,45.94594594594595,1.73974056377868,-0.3591905932929129,43.488007161247836,48.71286666570225,-19.408866995073893,0,,,,,,,0
FMR_mfi6<25_pb<=0.15_bw40_pb_up_h2_mid1_s0.1,mean_rev,-1000000000.0,1,37,45.94594594594595,1.73974056377868,-0.3591905932929129,43.488007161247836,48.71286666570225,-19.408866995073893,0,,,,,,,0
FMR_mfi6<25_pb<=0.15_bw40_pb_up_h2_mid1_s0.07,mean_rev,-1000000000.0,1,37,45.94594594594595,1.73974056377868,-0.3591905932929129,43.488007161247836,48.71286666570225,-19.408866995073893,0,,,,,,,0
FMR_mfi6<25_pb<=0.15_squeeze_both_h4_mid0_s0.1,mean_rev,-1000000000.0,1,1,0.0,-13.90887715336866,-13.90887715336866,-13.90887715336866,-13.90887715336866,-13.90887715336866,0,,,,,,,0
FMR_mfi6<25_pb<=0.15_squeeze_both_h4_mid0_s0.07,mean_rev,-1000000000.0,1,1,0.0,-13.90887715336866,-13.90887715336866,-13.90887715336866,-13.90887715336866,-13.90887715336866,0,,,,,,,0
FMR_mfi6<25_pb<=0.15_bw40_both_h2_mid1_s0.1,mean_rev,-1000000000.0,1,11,36.36363636363637,-1.4670099773234846,-1.6977888681703468,-17.031019570834506,11.564631937272573,-15.03659347970725,0,,,,,,,0
FMR_mfi6<25_pb<=0.15_bw40_both_h2_mid1_s0.07,mean_rev,-1000000000.0,1,11,36.36363636363637,-1.4670099773234846,-1.6977888681703468,-17.031019570834506,11.564631937272573,-15.03659347970725,0,,,,,,,0
FMR_mfi6<25_pb<=0.15_bw40_pb_up_h4_mid0_s0.1,mean_rev,-1000000000.0,1,37,62.16216216216216,4.503057893851762,1.716738197424883,240.59033879694746,69.70297542711185,-19.49434464404525,0,,,,,,,0
FMR_mfi6<25_pb<=0.15_bw40_pb_up_h4_mid0_s0.07,mean_rev,-1000000000.0,1,37,62.16216216216216,4.256495324564814,1.5936075248787818,212.16222530386312,69.70297542711185,-19.49434464404525,0,,,,,,,0
FMR_mfi6<25_pb<=0.15_bw40_pb_up_h4_mid1_s0.1,mean_rev,-1000000000.0,1,37,62.16216216216216,3.9876538882286634,2.6170882872589285,207.35770875766045,48.71286666570225,-19.49434464404525,0,,,,,,,0
FMR_mfi14<30_pb<=0.25_squeeze_pb_up_h2_mid0_s0.1,mean_rev,-1000000000.0,1,28,53.57142857142857,3.6915709196472037,2.051276316470596,104.08546627832393,80.29505332165698,-16.235294117647058,0,,,,,,,0
FMR_mfi6<25_pb<=0.15_bw40_pb_up_h3_mid0_s0.1,mean_rev,-1000000000.0,1,37,45.94594594594595,2.4822073445079913,-0.4638217873002004,69.26288075252496,69.70297542711185,-19.49434464404525,0,,,,,,,0
FMR_mfi6<25_pb<=0.15_bw40_pb_up_h3_mid0_s0.07,mean_rev,-1000000000.0,1,37,45.94594594594595,2.4822073445079913,-0.4638217873002004,69.26288075252496,69.70297542711185,-19.49434464404525,0,,,,,,,0
FMR_mfi14<30_pb<=0.15_squeeze_both_h2_mid1_s0.1,mean_rev,-1000000000.0,1,4,0.0,-9.518987613691946,-8.151778888383177,-33.25532169392653,-5.537098560354369,-16.235294117647058,0,,,,,,,0
FMR_mfi14<30_pb<=0.15_squeeze_both_h2_mid1_s0.07,mean_rev,-1000000000.0,1,4,0.0,-9.518987613691946,-8.151778888383177,-33.25532169392653,-5.537098560354369,-16.235294117647058,0,,,,,,,0
FMR_mfi14<30_pb<=0.15_squeeze_pb_up_h4_mid0_s0.1,mean_rev,-1000000000.0,1,5,80.0,15.024784377910889,7.553678887872328,80.70652758496063,61.71122994652407,-13.90887715336866,0,,,,,,,0
FMR_mfi14<30_pb<=0.15_squeeze_pb_up_h4_mid0_s0.07,mean_rev,-1000000000.0,1,5,80.0,15.33517574093383,7.553678887872328,83.20277391196007,61.71122994652407,-13.90887715336866,0,,,,,,,0
FMR_mfi14<30_pb<=0.15_squeeze_pb_up_h4_mid1_s0.1,mean_rev,-1000000000.0,1,5,80.0,15.024784377910889,7.553678887872328,80.70652758496063,61.71122994652407,-13.90887715336866,0,,,,,,,0
FMR_mfi14<30_pb<=0.15_squeeze_pb_up_h4_mid1_s0.07,mean_rev,-1000000000.0,1,5,80.0,15.33517574093383,7.553678887872328,83.20277391196007,61.71122994652407,-13.90887715336866,0,,,,,,,0
FMR_mfi14<30_pb<=0.15_squeeze_pb_up_h3_mid0_s0.1,mean_rev,-1000000000.0,1,5,80.0,14.13444667475175,13.90013495276654,73.80495932766975,41.176470588235304,-23.740996791549527,0,,,,,,,0
FMR_mfi14<30_pb<=0.15_squeeze_pb_up_h3_mid0_s0.07,mean_rev,-1000000000.0,1,5,80.0,14.13444667475175,13.90013495276654,73.80495932766975,41.176470588235304,-23.740996791549527,0,,,,,,,0
FMR_mfi14<30_pb<=0.15_squeeze_both_h4_mid1_s0.1,mean_rev,-1000000000.0,1,4,75.0,16.892560750420525,9.883945104263347,68.01519897181035,61.71122994652407,-13.90887715336866,0,,,,,,,0
FMR_mfi6<25_pb<=0.15_bw40_pb_up_h4_mid1_s0.07,mean_rev,-1000000000.0,1,37,62.16216216216216,3.7410913189417165,1.5936075248787818,181.70342901971907,48.71286666570225,-19.49434464404525,0,,,,,,,0
FMR_mfi14<30_pb<=0.25_squeeze_pb_up_h2_mid0_s0.07,mean_rev,-1000000000.0,1,28,53.57142857142857,3.6915709196472037,2.051276316470596,104.08546627832393,80.29505332165698,-16.235294117647058,0,,,,,,,0
FMR_mfi14<30_pb<=0.25_squeeze_pb_up_h2_mid1_s0.1,mean_rev,-1000000000.0,1,28,53.57142857142857,3.6915709196472037,2.051276316470596,104.08546627832393,80.29505332165698,-16.235294117647058,0,,,,,,,0
FMR_mfi14<30_pb<=0.25_squeeze_pb_up_h2_mid1_s0.07,mean_rev,-1000000000.0,1,28,53.57142857142857,3.6915709196472037,2.051276316470596,104.08546627832393,80.29505332165698,-16.235294117647058,0,,,,,,,0
FMR_mfi6<25_pb<=0.15_squeeze_both_h3_mid0_s0.1,mean_rev,-1000000000.0,1,1,0.0,-23.740996791549527,-23.740996791549527,-23.740996791549527,-23.740996791549527,-23.740996791549527,0,,,,,,,0
FMR_mfi6<25_pb<=0.15_squeeze_both_h3_mid0_s0.07,mean_rev,-1000000000.0,1,1,0.0,-23.740996791549527,-23.740996791549527,-23.740996791549527,-23.740996791549527,-23.740996791549527,0,,,,,,,0
FMR_mfi14<30_pb<=0.15_bw40_both_h2_mid1_s0.1,mean_rev,-1000000000.0,1,27,37.03703703703704,-0.5521796171549662,-0.6756756756756799,-20.39172109698557,17.7461156449759,-16.249996662275056,0,,,,,,,0
FMR_mfi14<30_pb<=0.15_bw40_both_h2_mid1_s0.07,mean_rev,-1000000000.0,1,27,37.03703703703704,-0.5521796171549662,-0.6756756756756799,-20.39172109698557,17.7461156449759,-16.249996662275056,0,,,,,,,0
FMR_mfi14<30_pb<=0.15_bw40_pb_up_h4_mid0_s0.1,mean_rev,-1000000000.0,1,39,58.97435897435898,4.629604911722049,1.5936075248787818,313.9127409952111,61.71122994652407,-19.408866995073893,0,,,,,,,0
FMR_mfi14<30_pb<=0.15_bw40_pb_up_h4_mid0_s0.07,mean_rev,-1000000000.0,1,39,58.97435897435898,4.126637435199161,1.2987080340064905,238.61003338125548,61.71122994652407,-19.408866995073893,0,,,,,,,0
FMR_mfi14<30_pb<=0.15_bw40_pb_up_h4_mid1_s0.1,mean_rev,-1000000000.0,1,39,53.84615384615385,4.072514789255894,1.2987080340064905,239.15270460571648,61.71122994652407,-19.408866995073893,0,,,,,,,0
FMR_mfi14<30_pb<=0.15_bw40_pb_up_h4_mid1_s0.07,mean_rev,-1000000000.0,1,39,53.84615384615385,3.569547312733006,0.917431192660545,177.4510114179197,61.71122994652407,-19.408866995073893,0,,,,,,,0
FMR_mfi6<25_pb<=0.15_bw40_pb_up_h2_mid0_s0.1,mean_rev,-1000000000.0,1,37,45.94594594594595,1.73974056377868,-0.3591905932929129,43.488007161247836,48.71286666570225,-19.408866995073893,0,,,,,,,0
FMR_mfi14<30_pb<=0.15_bw40_pb_up_h3_mid0_s0.07,mean_rev,-1000000000.0,1,39,48.717948717948715,2.5603108994993464,-1.7957095388432265e-05,100.89075807309693,41.176470588235304,-19.408866995073893,0,,,,,,,0
FMR_mfi6<25_pb<=0.15_squeeze_both_h4_mid1_s0.1,mean_rev,-1000000000.0,1,1,0.0,-13.90887715336866,-13.90887715336866,-13.90887715336866,-13.90887715336866,-13.90887715336866,0,,,,,,,0
FMR_mfi6<25_pb<=0.15_squeeze_both_h4_mid1_s0.07,mean_rev,-1000000000.0,1,1,0.0,-13.90887715336866,-13.90887715336866,-13.90887715336866,-13.90887715336866,-13.90887715336866,0,,,,,,,0
FMR_mfi14<30_pb<=0.15_bw40_both_h3_mid0_s0.1,mean_rev,-1000000000.0,1,27,48.148148148148145,2.9650839586338127,-0.8488934599414466,82.42729135218045,41.176470588235304,-16.249996662275056,0,,,,,,,0
FMR_mfi14<30_pb<=0.15_bw40_both_h3_mid0_s0.07,mean_rev,-1000000000.0,1,27,48.148148148148145,2.9650839586338127,-0.8488934599414466,82.42729135218045,41.176470588235304,-16.249996662275056,0,,,,,,,0
FMR_mfi14<30_pb<=0.15_bw40_both_h3_mid1_s0.1,mean_rev,-1000000000.0,1,27,48.148148148148145,2.3643664680424554,-0.2976055714181247,57.51682285810127,41.176470588235304,-16.249996662275056,0,,,,,,,0
FMR_mfi14<30_pb<=0.15_bw40_both_h3_mid1_s0.07,mean_rev,-1000000000.0,1,27,48.148148148148145,2.3643664680424554,-0.2976055714181247,57.51682285810127,41.176470588235304,-16.249996662275056,0,,,,,,,0
FMR_mfi14<30_pb<=0.15_bw40_both_h2_mid0_s0.1,mean_rev,-1000000000.0,1,27,37.03703703703704,-0.5521796171549662,-0.6756756756756799,-20.39172109698557,17.7461156449759,-16.249996662275056,0,,,,,,,0
FMR_mfi14<30_pb<=0.15_bw40_both_h2_mid0_s0.07,mean_rev,-1000000000.0,1,27,37.03703703703704,-0.5521796171549662,-0.6756756756756799,-20.39172109698557,17.7461156449759,-16.249996662275056,0,,,,,,,0
FMR_mfi6<25_pb<=0.15_bw40_pb_up_h3_mid1_s0.1,mean_rev,-1000000000.0,1,37,51.35135135135135,2.0958221194922193,0.17542148855838047,60.10788361182535,48.71286666570225,-19.49434464404525,0,,,,,,,0
FMR_mfi6<25_pb<=0.15_bw40_pb_up_h3_mid1_s0.07,mean_rev,-1000000000.0,1,37,51.35135135135135,2.0958221194922193,0.17542148855838047,60.10788361182535,48.71286666570225,-19.49434464404525,0,,,,,,,0
FMR_mfi14<30_pb<=0.15_bw40_pb_up_h3_mid0_s0.1,mean_rev,-1000000000.0,1,39,48.717948717948715,2.5603108994993464,-1.7957095388432265e-05,100.89075807309693,41.176470588235304,-19.408866995073893,0,,,,,,,0
FMR_mfi13<25_pb<=0.0_none_both_h3_mid1_s0.1,mean_rev,-1000000000.0,1,18,61.111111111111114,-1.4259428951566844,2.0937892021031246,-47.478781970435314,18.835893290218266,-50.0,0,,,,,,,0
FMR_mfi13<25_pb<=0.0_none_both_h3_mid1_s0.07,mean_rev,-1000000000.0,1,18,61.111111111111114,-1.4259428951566844,2.0937892021031246,-47.478781970435314,18.835893290218266,-50.0,0,,,,,,,0
FMR_mfi13<25_pb<=0.0_none_both_h2_mid0_s0.1,mean_rev,-1000000000.0,1,18,61.111111111111114,-0.9714558469806222,2.0502898342242615,-42.63487736777083,24.494745351657233,-50.0,0,,,,,,,0
FMR_mfi13<25_pb<=0.0_none_both_h2_mid0_s0.07,mean_rev,-1000000000.0,1,18,61.111111111111114,-0.9714558469806222,2.0502898342242615,-42.63487736777083,24.494745351657233,-50.0,0,,,,,,,0
FMR_mfi13<25_pb<=0.0_none_both_h2_mid1_s0.1,mean_rev,-1000000000.0,1,18,61.111111111111114,-0.9714558469806222,2.0502898342242615,-42.63487736777083,24.494745351657233,-50.0,0,,,,,,,0
FMR_mfi13<25_pb<=0.0_none_both_h2_mid1_s0.07,mean_rev,-1000000000.0,1,18,61.111111111111114,-0.9714558469806222,2.0502898342242615,-42.63487736777083,24.494745351657233,-50.0,0,,,,,,,0
FMR_mfi13<30_pb<=0.15_squeeze_pb_up_h2_mid0_s0.1,mean_rev,-1000000000.0,1,5,20.0,-6.166804234366226,-7.194246035875662,-28.421719290877135,7.241929282936654,-16.235294117647058,0,,,,,,,0
FMR_mfi13<30_pb<=0.15_squeeze_pb_up_h2_mid0_s0.07,mean_rev,-1000000000.0,1,5,20.0,-6.166804234366226,-7.194246035875662,-28.421719290877135,7.241929282936654,-16.235294117647058,0,,,,,,,0
FMR_mfi13<30_pb<=0.15_squeeze_pb_up_h2_mid1_s0.1,mean_rev,-1000000000.0,1,5,20.0,-6.166804234366226,-7.194246035875662,-28.421719290877135,7.241929282936654,-16.235294117647058,0,,,,,,,0
FMR_mfi13<30_pb<=0.15_squeeze_pb_up_h2_mid1_s0.07,mean_rev,-1000000000.0,1,5,20.0,-6.166804234366226,-7.194246035875662,-28.421719290877135,7.241929282936654,-16.235294117647058,0,,,,,,,0
FMR_mfi6<20_pb<=0.0_squeeze_pb_up_h4_mid1_s0.07,mean_rev,-1000000000.0,1,0,,,,0.0,,,0,,,,,,,0
FMR_mfi13<25_pb<=0.0_none_both_h4_mid0_s0.07,mean_rev,-1000000000.0,1,18,72.22222222222221,1.6886543121457813,4.444961801304769,-12.703918668881043,30.02232142857142,-50.0,0,,,,,,,0
FMR_mfi13<25_pb<=0.0_none_both_h4_mid1_s0.1,mean_rev,-1000000000.0,1,18,66.66666666666666,-0.2308437576538739,2.0937892021031246,-35.01397601640791,18.835893290218266,-50.0,0,,,,,,,0
FMR_mfi13<25_pb<=0.0_none_both_h4_mid1_s0.07,mean_rev,-1000000000.0,1,18,66.66666666666666,-0.2800080238100405,2.0937892021031246,-35.63734387914111,18.835893290218266,-50.0,0,,,,,,,0
FMR_mfi13<30_pb<=0.15_squeeze_pb_up_h4_mid0_s0.1,mean_rev,-1000000000.0,1,5,80.0,15.024784377910889,7.553678887872328,80.70652758496063,61.71122994652407,-13.90887715336866,0,,,,,,,0
FMR_mfi13<30_pb<=0.15_squeeze_pb_up_h4_mid0_s0.07,mean_rev,-1000000000.0,1,5,80.0,15.33517574093383,7.553678887872328,83.20277391196007,61.71122994652407,-13.90887715336866,0,,,,,,,0
FMR_mfi13<30_pb<=0.15_squeeze_pb_up_h4_mid1_s0.1,mean_rev,-1000000000.0,1,5,80.0,15.024784377910889,7.553678887872328,80.70652758496063,61.71122994652407,-13.90887715336866,0,,,,,,,0
FMR_mfi13<30_pb<=0.15_squeeze_pb_up_h4_mid1_s0.07,mean_rev,-1000000000.0,1,5,80.0,15.33517574093383,7.553678887872328,83.20277391196007,61.71122994652407,-13.90887715336866,0,,,,,,,0
FMR_mfi13<30_pb<=0.15_squeeze_pb_up_h3_mid0_s0.1,mean_rev,-1000000000.0,1,5,80.0,14.13444667475175,13.90013495276654,73.80495932766975,41.176470588235304,-23.740996791549527,0,,,,,,,0
FMR_mfi13<30_pb<=0.15_squeeze_pb_up_h3_mid0_s0.07,mean_rev,-1000000000.0,1,5,80.0,14.13444667475175,13.90013495276654,73.80495932766975,41.176470588235304,-23.740996791549527,0,,,,,,,0
FMR_mfi13<30_pb<=0.15_squeeze_pb_up_h3_mid1_s0.1,mean_rev,-1000000000.0,1,5,80.0,14.13444667475175,13.90013495276654,73.80495932766975,41.176470588235304,-23.740996791549527,0,,,,,,,0
FMR_mfi13<30_pb<=0.15_squeeze_pb_up_h3_mid1_s0.07,mean_rev,-1000000000.0,1,5,80.0,14.13444667475175,13.90013495276654,73.80495932766975,41.176470588235304,-23.740996791549527,0,,,,,,,0
FMR_mfi13<25_pb<=0.0_none_both_h4_mid0_s0.1,mean_rev,-1000000000.0,1,18,72.22222222222221,1.737818578301948,4.444961801304769,-11.858435046480832,30.02232142857142,-50.0,0,,,,,,,0
FMR_mfi13<20_pb<=0.25_bw40_pb_up_h4_mid1_s0.1,mean_rev,-1000000000.0,1,26,46.15384615384615,0.5486292930997685,-1.09672590868245,-1.4979124546817713,31.735546458016707,-19.712528904890945,0,,,,,,,0
FMR_mfi13<20_pb<=0.25_bw40_pb_up_h4_mid1_s0.07,mean_rev,-1000000000.0,1,26,46.15384615384615,0.5187182148615979,-1.09672590868245,-1.4887784192850972,31.735546458016707,-14.857136499722301,0,,,,,,,0
FMR_mfi13<20_pb<=0.25_bw40_pb_up_h3_mid0_s0.1,mean_rev,-1000000000.0,1,26,34.61538461538461,-2.3459880764303107,-2.24795493919685,-50.812996434041665,17.7461156449759,-18.172475409706614,0,,,,,,,0
FMR_mfi13<20_pb<=0.25_bw40_pb_up_h3_mid0_s0.07,mean_rev,-1000000000.0,1,26,34.61538461538461,-2.216209925969913,-2.24795493919685,-48.7173519821633,17.7461156449759,-14.857136499722301,0,,,,,,,0
FMR_mfi13<20_pb<=0.25_bw40_pb_up_h3_mid1_s0.1,mean_rev,-1000000000.0,1,26,34.61538461538461,-2.240893188644226,-2.24795493919685,-49.609179091956314,17.7461156449759,-18.172475409706614,0,,,,,,,0
FMR_mfi13<20_pb<=0.25_bw40_pb_up_h3_mid1_s0.07,mean_rev,-1000000000.0,1,26,34.61538461538461,-2.1111150381838284,-2.24795493919685,-47.462245215003804,17.7461156449759,-14.857136499722301,0,,,,,,,0
FMR_mfi13<20_pb<=0.25_bw40_both_h3_mid0_s0.1,mean_rev,-1000000000.0,1,20,35.0,-3.1047994102510406,-5.46308734157977,-50.992144475386226,17.7461156449759,-18.172475409706614,0,,,,,,,0
FMR_mfi13<20_pb<=0.25_bw40_both_h3_mid0_s0.07,mean_rev,-1000000000.0,1,20,35.0,-2.9360878146525238,-5.46308734157977,-48.90413274295993,17.7461156449759,-14.857136499722301,0,,,,,,,0
FMR_mfi13<20_pb<=0.25_bw40_both_h3_mid1_s0.1,mean_rev,-1000000000.0,1,20,35.0,-3.0786739462767714,-5.46308734157977,-50.81215501038585,17.7461156449759,-18.172475409706614,0,,,,,,,0
FMR_mfi13<20_pb<=0.25_bw40_both_h3_mid1_s0.07,mean_rev,-1000000000.0,1,20,35.0,-2.9099623506782546,-5.46308734157977,-48.716474709102386,17.7461156449759,-14.857136499722301,0,,,,,,,0
FMR_mfi13<20_pb<=0.25_bw40_both_h2_mid0_s0.1,mean_rev,-1000000000.0,1,20,40.0,-1.4527168156624586,-3.861918449909507,-29.76196095164234,17.7461156449759,-14.857136499722301,0,,,,,,,0
FMR_mfi13<25_pb<=0.0_none_both_h3_mid0_s0.07,mean_rev,-1000000000.0,1,18,61.111111111111114,-1.5918461528646122,2.0937892021031246,-48.94783238583715,18.835893290218266,-50.0,0,,,,,,,0
FMR_mfi13<20_pb<=0.25_bw40_both_h2_mid1_s0.1,mean_rev,-1000000000.0,1,20,40.0,-1.4527168156624586,-3.861918449909507,-29.76196095164234,17.7461156449759,-14.857136499722301,0,,,,,,,0
FMR_mfi13<20_pb<=0.25_bw40_both_h2_mid1_s0.07,mean_rev,-1000000000.0,1,20,40.0,-1.684583634561253,-3.861918449909507,-33.319471986645574,17.7461156449759,-14.857136499722301,0,,,,,,,0
FMR_mfi13<30_pb<=0.15_bw40_both_h2_mid0_s0.1,mean_rev,-1000000000.0,1,29,34.48275862068966,-2.136277040603725,-1.6977888681703468,-52.91090344233105,17.7461156449759,-26.192619261926197,0,,,,,,,0
FMR_mfi13<30_pb<=0.15_bw40_both_h2_mid0_s0.07,mean_rev,-1000000000.0,1,29,34.48275862068966,-2.136277040603725,-1.6977888681703468,-52.91090344233105,17.7461156449759,-26.192619261926197,0,,,,,,,0
FMR_mfi13<30_pb<=0.15_bw40_both_h2_mid1_s0.1,mean_rev,-1000000000.0,1,29,34.48275862068966,-2.136277040603725,-1.6977888681703468,-52.91090344233105,17.7461156449759,-26.192619261926197,0,,,,,,,0
FMR_mfi13<30_pb<=0.15_bw40_both_h2_mid1_s0.07,mean_rev,-1000000000.0,1,29,34.48275862068966,-2.136277040603725,-1.6977888681703468,-52.91090344233105,17.7461156449759,-26.192619261926197,0,,,,,,,0
FMR_mfi13<20_pb<=0.25_bw40_both_h4_mid0_s0.1,mean_rev,-1000000000.0,1,20,40.0,-0.607000694088603,-2.820971785269549,-23.032633621759192,31.735546458016707,-19.712528904890945,0,,,,,,,0
FMR_mfi13<20_pb<=0.25_bw40_both_h4_mid0_s0.07,mean_rev,-1000000000.0,1,20,40.0,-0.6458850957982248,-3.4964613972918057,-23.02549648724348,31.735546458016707,-14.857136499722301,0,,,,,,,0
FMR_mfi13<20_pb<=0.25_bw40_both_h4_mid1_s0.1,mean_rev,-1000000000.0,1,20,40.0,-0.7388725934594442,-2.820971785269549,-25.023623703178664,31.735546458016707,-19.712528904890945,0,,,,,,,0
FMR_mfi13<20_pb<=0.25_bw40_both_h4_mid1_s0.07,mean_rev,-1000000000.0,1,20,40.0,-0.777756995169066,-3.4964613972918057,-25.016671191896133,31.735546458016707,-14.857136499722301,0,,,,,,,0
FMR_mfi13<25_pb<=0.0_none_both_h3_mid0_s0.1,mean_rev,-1000000000.0,1,18,61.111111111111114,-1.5918461528646122,2.0937892021031246,-48.94783238583715,18.835893290218266,-50.0,0,,,,,,,0
FMR_mfi13<20_pb<=0.25_bw40_both_h2_mid0_s0.07,mean_rev,-1000000000.0,1,20,40.0,-1.684583634561253,-3.861918449909507,-33.319471986645574,17.7461156449759,-14.857136499722301,0,,,,,,,0
FMR_mfi13<30_pb<=0.0_bw40_both_h4_mid0_s0.07,mean_rev,-1000000000.0,1,2,100.0,9.573684736342802,9.573684736342802,19.310360329814902,18.254488484726572,0.8928809879590327,0,,,,,,,0
FMR_mfi13<30_pb<=0.0_bw40_both_h4_mid1_s0.1,mean_rev,-1000000000.0,1,2,50.0,5.480777046621471,5.480777046621471,10.928046206786046,11.259159664661066,-0.2976055714181247,0,,,,,,,0
FMR_mfi13<30_pb<=0.0_bw40_both_h4_mid1_s0.07,mean_rev,-1000000000.0,1,2,50.0,5.480777046621471,5.480777046621471,10.928046206786046,11.259159664661066,-0.2976055714181247,0,,,,,,,0
FMR_mfi13<30_pb<=0.0_bw40_both_h3_mid0_s0.1,mean_rev,-1000000000.0,1,2,50.0,3.74953992921937,3.74953992921937,7.207113200077586,10.32644767655222,-2.82736781811348,0,,,,,,,0
FMR_mfi13<30_pb<=0.0_bw40_both_h3_mid0_s0.07,mean_rev,-1000000000.0,1,2,50.0,3.74953992921937,3.74953992921937,7.207113200077586,10.32644767655222,-2.82736781811348,0,,,,,,,0
FMR_mfi13<30_pb<=0.0_bw40_pb_up_h4_mid1_s0.1,mean_rev,-1000000000.0,1,4,25.0,-0.45233096691988106,-0.39663426030633886,-3.1709464791138564,11.259159664661066,-12.275215011727914,0,,,,,,,0
FMR_mfi13<30_pb<=0.0_bw40_pb_up_h4_mid1_s0.07,mean_rev,-1000000000.0,1,4,25.0,-0.45233096691988106,-0.39663426030633886,-3.1709464791138564,11.259159664661066,-12.275215011727914,0,,,,,,,0
FMR_mfi13<30_pb<=0.0_bw40_pb_up_h3_mid0_s0.1,mean_rev,-1000000000.0,1,4,25.0,-1.3179495256209317,-1.6615153836540164,-6.418947625573834,10.32644767655222,-12.275215011727914,0,,,,,,,0
FMR_mfi13<30_pb<=0.0_bw40_pb_up_h3_mid0_s0.07,mean_rev,-1000000000.0,1,4,25.0,-1.3179495256209317,-1.6615153836540164,-6.418947625573834,10.32644767655222,-12.275215011727914,0,,,,,,,0
FMR_mfi13<30_pb<=0.0_bw40_pb_up_h3_mid1_s0.1,mean_rev,-1000000000.0,1,4,25.0,-0.45233096691988106,-0.39663426030633886,-3.1709464791138564,11.259159664661066,-12.275215011727914,0,,,,,,,0
FMR_mfi13<30_pb<=0.0_bw40_pb_up_h3_mid1_s0.07,mean_rev,-1000000000.0,1,4,25.0,-0.45233096691988106,-0.39663426030633886,-3.1709464791138564,11.259159664661066,-12.275215011727914,0,,,,,,,0
FMR_mfi13<30_pb<=0.15_squeeze_both_h3_mid0_s0.1,mean_rev,-1000000000.0,1,4,75.0,15.779638621471603,22.84154034460032,61.598339661506344,41.176470588235304,-23.740996791549527,0,,,,,,,0
FMR_mfi13<30_pb<=0.0_bw40_pb_up_h2_mid0_s0.07,mean_rev,-1000000000.0,1,4,50.0,0.39958972700824824,1.3072071275499197,0.14511699762882468,11.259159664661066,-12.275215011727914,0,,,,,,,0
FMR_mfi13<25_pb<=0.0_squeeze_none_h3_mid1_s0.1,mean_rev,-1000000000.0,1,16,43.75,2.9925717924960398,-0.9547393801431159,32.796280853355576,51.540535420927846,-22.87581699346405,0,,,,,,,0
FMR_mfi13<25_pb<=0.0_squeeze_none_h3_mid1_s0.07,mean_rev,-1000000000.0,1,16,37.5,-1.2760091971633858,-2.103469754557902,-27.05322973453692,26.46370309298156,-22.87581699346405,0,,,,,,,0
FMR_mfi13<25_pb<=0.0_squeeze_none_h2_mid0_s0.1,mean_rev,-1000000000.0,1,16,31.25,3.100247607081498,-1.2841743888982293,40.92299563588371,51.540535420927846,-9.281430250948631,0,,,,,,,0
FMR_mfi13<25_pb<=0.0_squeeze_none_h2_mid0_s0.07,mean_rev,-1000000000.0,1,16,25.0,-1.1683333825779276,-2.5785909074380555,-22.58911679067628,26.46370309298156,-16.756760413622963,0,,,,,,,0
FMR_mfi13<25_pb<=0.0_squeeze_none_h2_mid1_s0.1,mean_rev,-1000000000.0,1,16,31.25,3.100247607081498,-1.2841743888982293,40.92299563588371,51.540535420927846,-9.281430250948631,0,,,,,,,0
FMR_mfi13<25_pb<=0.0_squeeze_none_h2_mid1_s0.07,mean_rev,-1000000000.0,1,16,25.0,-1.1683333825779276,-2.5785909074380555,-22.58911679067628,26.46370309298156,-16.756760413622963,0,,,,,,,0
FMR_mfi13<30_pb<=0.0_bw40_pb_up_h4_mid0_s0.1,mean_rev,-1000000000.0,1,4,50.0,1.0519915272592495,-0.8856536819808303,1.8762908016893842,18.254488484726572,-12.275215011727914,0,,,,,,,0
FMR_mfi13<30_pb<=0.0_bw40_pb_up_h4_mid0_s0.07,mean_rev,-1000000000.0,1,4,50.0,1.0519915272592495,-0.8856536819808303,1.8762908016893842,18.254488484726572,-12.275215011727914,0,,,,,,,0
FMR_mfi13<25_pb<=0.0_squeeze_pb_up_h2_mid1_s0.1,mean_rev,-1000000000.0,1,0,,,,0.0,,,0,,,,,,,0
FMR_mfi13<25_pb<=0.0_squeeze_pb_up_h2_mid1_s0.07,mean_rev,-1000000000.0,1,0,,,,0.0,,,0,,,,,,,0
FMR_mfi13<30_pb<=0.0_bw40_pb_up_h2_mid0_s0.1,mean_rev,-1000000000.0,1,4,50.0,0.39958972700824824,1.3072071275499197,0.14511699762882468,11.259159664661066,-12.275215011727914,0,,,,,,,0
FMR_mfi13<30_pb<=0.15_squeeze_both_h3_mid0_s0.07,mean_rev,-1000000000.0,1,4,75.0,15.779638621471603,22.84154034460032,61.598339661506344,41.176470588235304,-23.740996791549527,0,,,,,,,0
FMR_mfi13<30_pb<=0.15_squeeze_both_h3_mid1_s0.1,mean_rev,-1000000000.0,1,4,75.0,15.779638621471603,22.84154034460032,61.598339661506344,41.176470588235304,-23.740996791549527,0,,,,,,,0
FMR_mfi13<30_pb<=0.15_squeeze_both_h3_mid1_s0.07,mean_rev,-1000000000.0,1,4,75.0,15.779638621471603,22.84154034460032,61.598339661506344,41.176470588235304,-23.740996791549527,0,,,,,,,0
FMR_mfi13<30_pb<=0.15_squeeze_both_h2_mid0_s0.1,mean_rev,-1000000000.0,1,4,0.0,-9.518987613691946,-8.151778888383177,-33.25532169392653,-5.537098560354369,-16.235294117647058,0,,,,,,,0
FMR_mfi13<30_pb<=0.15_squeeze_both_h2_mid0_s0.07,mean_rev,-1000000000.0,1,4,0.0,-9.518987613691946,-8.151778888383177,-33.25532169392653,-5.537098560354369,-16.235294117647058,0,,,,,,,0
FMR_mfi13<30_pb<=0.15_squeeze_both_h2_mid1_s0.1,mean_rev,-1000000000.0,1,4,0.0,-9.518987613691946,-8.151778888383177,-33.25532169392653,-5.537098560354369,-16.235294117647058,0,,,,,,,0
FMR_mfi13<30_pb<=0.15_squeeze_both_h2_mid1_s0.07,mean_rev,-1000000000.0,1,4,0.0,-9.518987613691946,-8.151778888383177,-33.25532169392653,-5.537098560354369,-16.235294117647058,0,,,,,,,0
FMR_mfi13<25_pb<=0.0_squeeze_both_h3_mid1_s0.1,mean_rev,-1000000000.0,1,0,,,,0.0,,,0,,,,,,,0
FMR_mfi13<25_pb<=0.0_squeeze_both_h3_mid1_s0.07,mean_rev,-1000000000.0,1,0,,,,0.0,,,0,,,,,,,0
FMR_mfi13<25_pb<=0.0_squeeze_both_h2_mid0_s0.1,mean_rev,-1000000000.0,1,0,,,,0.0,,,0,,,,,,,0
FMR_mfi13<25_pb<=0.0_squeeze_both_h2_mid0_s0.07,mean_rev,-1000000000.0,1,0,,,,0.0,,,0,,,,,,,0
FMR_mfi13<30_pb<=0.0_bw40_both_h4_mid0_s0.1,mean_rev,-1000000000.0,1,2,100.0,9.573684736342802,9.573684736342802,19.310360329814902,18.254488484726572,0.8928809879590327,0,,,,,,,0
FMR_mfi13<25_pb<=0.0_squeeze_both_h2_mid1_s0.07,mean_rev,-1000000000.0,1,0,,,,0.0,,,0,,,,,,,0
FMR_mfi13<25_pb<=0.0_squeeze_pb_up_h4_mid0_s0.1,mean_rev,-1000000000.0,1,0,,,,0.0,,,0,,,,,,,0
FMR_mfi13<25_pb<=0.0_squeeze_pb_up_h4_mid0_s0.07,mean_rev,-1000000000.0,1,0,,,,0.0,,,0,,,,,,,0
FMR_mfi13<30_pb<=0.0_bw40_both_h3_mid1_s0.1,mean_rev,-1000000000.0,1,2,50.0,5.480777046621471,5.480777046621471,10.928046206786046,11.259159664661066,-0.2976055714181247,0,,,,,,,0
FMR_mfi13<30_pb<=0.0_bw40_both_h3_mid1_s0.07,mean_rev,-1000000000.0,1,2,50.0,5.480777046621471,5.480777046621471,10.928046206786046,11.259159664661066,-0.2976055714181247,0,,,,,,,0
FMR_mfi13<30_pb<=0.0_bw40_both_h2_mid0_s0.1,mean_rev,-1000000000.0,1,2,50.0,5.480777046621471,5.480777046621471,10.928046206786046,11.259159664661066,-0.2976055714181247,0,,,,,,,0
FMR_mfi13<30_pb<=0.0_bw40_both_h2_mid0_s0.07,mean_rev,-1000000000.0,1,2,50.0,5.480777046621471,5.480777046621471,10.928046206786046,11.259159664661066,-0.2976055714181247,0,,,,,,,0
FMR_mfi13<30_pb<=0.0_bw40_both_h2_mid1_s0.1,mean_rev,-1000000000.0,1,2,50.0,5.480777046621471,5.480777046621471,10.928046206786046,11.259159664661066,-0.2976055714181247,0,,,,,,,0
FMR_mfi13<30_pb<=0.0_bw40_both_h2_mid1_s0.07,mean_rev,-1000000000.0,1,2,50.0,5.480777046621471,5.480777046621471,10.928046206786046,11.259159664661066,-0.2976055714181247,0,,,,,,,0
FMR_mfi13<25_pb<=0.0_squeeze_both_h3_mid0_s0.1,mean_rev,-1000000000.0,1,0,,,,0.0,,,0,,,,,,,0
FMR_mfi13<25_pb<=0.0_squeeze_both_h3_mid0_s0.07,mean_rev,-1000000000.0,1,0,,,,0.0,,,0,,,,,,,0
FMR_mfi13<25_pb<=0.0_squeeze_both_h2_mid1_s0.1,mean_rev,-1000000000.0,1,0,,,,0.0,,,0,,,,,,,0
FMR_mfi13<20_pb<=0.25_squeeze_none_h3_mid1_s0.07,mean_rev,-1000000000.0,1,35,54.285714285714285,-0.3329287114594681,0.5181526195626063,-22.10471893906989,17.56097778335557,-21.170607502592574,0,,,,,,,0
FMR_mfi13<20_pb<=0.25_squeeze_none_h2_mid0_s0.1,mean_rev,-1000000000.0,1,35,54.285714285714285,0.9930831068231326,1.0344786468528655,29.4874222674919,13.137254901960782,-15.653775322283614,0,,,,,,,0
FMR_mfi13<20_pb<=0.25_squeeze_none_h2_mid0_s0.07,mean_rev,-1000000000.0,1,35,54.285714285714285,0.9930831068231326,1.0344786468528655,29.4874222674919,13.137254901960782,-15.653775322283614,0,,,,,,,0
FMR_mfi13<20_pb<=0.25_squeeze_none_h2_mid1_s0.1,mean_rev,-1000000000.0,1,35,54.285714285714285,0.9930831068231326,1.0344786468528655,29.4874222674919,13.137254901960782,-15.653775322283614,0,,,,,,,0
FMR_mfi13<20_pb<=0.25_squeeze_none_h2_mid1_s0.07,mean_rev,-1000000000.0,1,35,54.285714285714285,0.9930831068231326,1.0344786468528655,29.4874222674919,13.137254901960782,-15.653775322283614,0,,,,,,,0
FMR_mfi13<20_pb<=0.15_bw40_pb_up_h4_mid1_s0.07,mean_rev,-1000000000.0,1,11,45.45454545454545,3.3574218706544,-0.495662949194553,32.00996336085482,31.735546458016707,-14.473674046774976,0,,,,,,,0
FMR_mfi13<20_pb<=0.25_squeeze_none_h4_mid0_s0.1,mean_rev,-1000000000.0,1,35,54.285714285714285,2.5637619440855626,0.9049817517667424,79.4492219187403,48.28432354004492,-21.170607502592574,0,,,,,,,0
FMR_mfi13<20_pb<=0.25_squeeze_none_h4_mid0_s0.07,mean_rev,-1000000000.0,1,35,54.285714285714285,2.6972472051173066,0.9049817517667424,89.17926343997715,48.28432354004492,-21.170607502592574,0,,,,,,,0
FMR_mfi13<20_pb<=0.25_squeeze_none_h4_mid1_s0.1,mean_rev,-1000000000.0,1,35,54.285714285714285,0.030446400913867983,0.5181526195626063,-13.26149751383392,17.56097778335557,-21.170607502592574,0,,,,,,,0
FMR_mfi13<20_pb<=0.25_squeeze_none_h4_mid1_s0.07,mean_rev,-1000000000.0,1,35,54.285714285714285,0.16393166194561232,0.5181526195626063,-8.558388625111746,17.56097778335557,-21.170607502592574,0,,,,,,,0
FMR_mfi13<20_pb<=0.25_bw40_pb_up_h4_mid0_s0.07,mean_rev,-1000000000.0,1,26,46.15384615384615,0.45175493723613136,-1.75654090593107,-3.0853217964595947,31.735546458016707,-14.857136499722301,0,,,,,,,0
FMR_mfi13<20_pb<=0.25_squeeze_none_h3_mid0_s0.07,mean_rev,-1000000000.0,1,35,48.57142857142857,-0.4242266265076149,-0.17241164566962341,-24.543987495858065,17.56097778335557,-21.170607502592574,0,,,,,,,0
FMR_mfi13<20_pb<=0.25_squeeze_none_h3_mid1_s0.1,mean_rev,-1000000000.0,1,35,54.285714285714285,-0.6086692252508643,0.5181526195626063,-30.322621951120755,17.56097778335557,-21.170607502592574,0,,,,,,,0
FMR_mfi13<20_pb<=0.15_bw40_both_h3_mid1_s0.07,mean_rev,-1000000000.0,1,8,37.5,-0.291701678866875,-3.151527966912915,-5.478365179761468,17.7461156449759,-12.819447904934766,0,,,,,,,0
FMR_mfi13<20_pb<=0.15_bw40_both_h2_mid0_s0.1,mean_rev,-1000000000.0,1,8,50.0,1.8783054929268768,-0.6836013466028412,13.405991150696517,17.7461156449759,-6.602770586696927,0,,,,,,,0
FMR_mfi13<20_pb<=0.15_bw40_both_h2_mid0_s0.07,mean_rev,-1000000000.0,1,8,50.0,1.8783054929268768,-0.6836013466028412,13.405991150696517,17.7461156449759,-6.602770586696927,0,,,,,,,0
FMR_mfi13<20_pb<=0.15_bw40_both_h2_mid1_s0.1,mean_rev,-1000000000.0,1,8,50.0,1.8783054929268768,-0.6836013466028412,13.405991150696517,17.7461156449759,-6.602770586696927,0,,,,,,,0
FMR_mfi13<20_pb<=0.15_bw40_both_h2_mid1_s0.07,mean_rev,-1000000000.0,1,8,50.0,1.8783054929268768,-0.6836013466028412,13.405991150696517,17.7461156449759,-6.602770586696927,0,,,,,,,0
FMR_mfi13<20_pb<=0.15_bw40_pb_up_h4_mid0_s0.1,mean_rev,-1000000000.0,1,11,45.45454545454545,4.191357009406977,-0.8488934599414466,45.9246395372154,31.735546458016707,-14.473674046774976,0,,,,,,,0
FMR_mfi13<20_pb<=0.15_bw40_pb_up_h4_mid0_s0.07,mean_rev,-1000000000.0,1,11,45.45454545454545,3.237455507518287,-0.8488934599414466,30.24817096609782,31.735546458016707,-14.473674046774976,0,,,,,,,0
FMR_mfi13<20_pb<=0.15_bw40_pb_up_h4_mid1_s0.1,mean_rev,-1000000000.0,1,11,45.45454545454545,4.31132337254309,-0.495662949194553,47.89847854192006,31.735546458016707,-14.473674046774976,0,,,,,,,0
FMR_mfi13<30_pb<=0.25_squeeze_pb_up_h2_mid1_s0.07,mean_rev,-1000000000.0,1,33,60.60606060606061,3.575767561406775,3.0898944050931076,132.6754092182763,80.29505332165698,-16.235294117647058,0,,,,,,,0
FMR_mfi13<20_pb<=0.25_squeeze_none_h3_mid0_s0.1,mean_rev,-1000000000.0,1,35,48.57142857142857,-0.6999671402990113,-0.17241164566962341,-32.504549213969014,17.56097778335557,-21.170607502592574,0,,,,,,,0
FMR_mfi13<30_pb<=0.25_squeeze_both_h3_mid1_s0.07,mean_rev,-1000000000.0,1,26,73.07692307692307,8.126978724618752,6.968356835668454,416.1747460136166,80.29505332165698,-23.740996791549527,0,,,,,,,0
FMR_mfi13<30_pb<=0.25_squeeze_both_h2_mid0_s0.1,mean_rev,-1000000000.0,1,26,61.53846153846154,4.1725050747713155,3.205461140607535,113.10310864885058,80.29505332165698,-16.235294117647058,0,,,,,,,0
FMR_mfi13<30_pb<=0.25_squeeze_both_h2_mid0_s0.07,mean_rev,-1000000000.0,1,26,61.53846153846154,4.1725050747713155,3.205461140607535,113.10310864885058,80.29505332165698,-16.235294117647058,0,,,,,,,0
FMR_mfi13<30_pb<=0.25_squeeze_both_h2_mid1_s0.1,mean_rev,-1000000000.0,1,26,61.53846153846154,4.1725050747713155,3.205461140607535,113.10310864885058,80.29505332165698,-16.235294117647058,0,,,,,,,0
FMR_mfi13<30_pb<=0.25_squeeze_both_h2_mid1_s0.07,mean_rev,-1000000000.0,1,26,61.53846153846154,4.1725050747713155,3.205461140607535,113.10310864885058,80.29505332165698,-16.235294117647058,0,,,,,,,0
FMR_mfi13<30_pb<=0.25_squeeze_pb_up_h4_mid0_s0.1,mean_rev,-1000000000.0,1,33,72.72727272727273,6.565740049488827,6.97116051077995,403.9920906191349,80.29505332165698,-19.712528904890945,0,,,,,,,0
FMR_mfi13<30_pb<=0.25_squeeze_pb_up_h4_mid0_s0.07,mean_rev,-1000000000.0,1,33,72.72727272727273,7.367756109711294,6.97116051077995,581.561335273181,80.29505332165698,-18.33648393194707,0,,,,,,,0
FMR_mfi13<30_pb<=0.25_squeeze_pb_up_h4_mid1_s0.1,mean_rev,-1000000000.0,1,33,69.6969696969697,6.193794212562696,6.4903882525616075,352.73056044546706,80.29505332165698,-19.712528904890945,0,,,,,,,0
FMR_mfi13<20_pb<=0.15_squeeze_both_h2_mid1_s0.07,mean_rev,-1000000000.0,1,0,,,,0.0,,,0,,,,,,,0
FMR_mfi13<30_pb<=0.25_squeeze_both_h4_mid0_s0.1,mean_rev,-1000000000.0,1,26,73.07692307692307,7.942635007350049,7.144702828205707,361.4306202962478,80.29505332165698,-19.712528904890945,0,,,,,,,0
FMR_mfi13<30_pb<=0.25_squeeze_both_h4_mid0_s0.07,mean_rev,-1000000000.0,1,26,73.07692307692307,8.96057846840164,7.144702828205707,524.0043753835504,80.29505332165698,-18.33648393194707,0,,,,,,,0
FMR_mfi13<20_pb<=0.15_squeeze_both_h2_mid1_s0.1,mean_rev,-1000000000.0,1,0,,,,0.0,,,0,,,,,,,0
FMR_mfi13<30_pb<=0.25_squeeze_both_h4_mid1_s0.07,mean_rev,-1000000000.0,1,26,73.07692307692307,8.357888160422997,6.968356835668454,444.08485039092545,80.29505332165698,-18.33648393194707,0,,,,,,,0
FMR_mfi13<30_pb<=0.25_squeeze_both_h3_mid0_s0.1,mean_rev,-1000000000.0,1,26,73.07692307692307,8.280882089708415,7.005416426811095,418.1524665826977,80.29505332165698,-23.740996791549527,0,,,,,,,0
FMR_mfi13<30_pb<=0.25_squeeze_both_h3_mid0_s0.07,mean_rev,-1000000000.0,1,26,73.07692307692307,8.847410023848083,7.005416426811095,513.5475030080099,80.29505332165698,-23.740996791549527,0,,,,,,,0
FMR_mfi13<30_pb<=0.25_squeeze_both_h3_mid1_s0.1,mean_rev,-1000000000.0,1,26,73.07692307692307,7.560450790479085,6.968356835668454,335.9193322821838,80.29505332165698,-23.740996791549527,0,,,,,,,0
FMR_mfi13<20_pb<=0.15_squeeze_both_h4_mid1_s0.07,mean_rev,-1000000000.0,1,0,,,,0.0,,,0,,,,,,,0
FMR_mfi13<20_pb<=0.15_squeeze_both_h3_mid0_s0.1,mean_rev,-1000000000.0,1,0,,,,0.0,,,0,,,,,,,0
FMR_mfi13<20_pb<=0.15_squeeze_both_h3_mid0_s0.07,mean_rev,-1000000000.0,1,0,,,,0.0,,,0,,,,,,,0
FMR_mfi13<20_pb<=0.15_squeeze_both_h3_mid1_s0.1,mean_rev,-1000000000.0,1,0,,,,0.0,,,0,,,,,,,0
FMR_mfi13<20_pb<=0.15_squeeze_both_h3_mid1_s0.07,mean_rev,-1000000000.0,1,0,,,,0.0,,,0,,,,,,,0
FMR_mfi13<20_pb<=0.15_squeeze_both_h2_mid0_s0.1,mean_rev,-1000000000.0,1,0,,,,0.0,,,0,,,,,,,0
FMR_mfi13<20_pb<=0.15_squeeze_both_h2_mid0_s0.07,mean_rev,-1000000000.0,1,0,,,,0.0,,,0,,,,,,,0
FMR_mfi13<30_pb<=0.25_squeeze_both_h4_mid1_s0.1,mean_rev,-1000000000.0,1,26,73.07692307692307,7.339944699371405,6.968356835668454,302.3327718741732,80.29505332165698,-19.712528904890945,0,,,,,,,0
FMR_mfi13<20_pb<=0.25_squeeze_both_h2_mid1_s0.1,mean_rev,-1000000000.0,1,4,50.0,-1.05091771996956,-2.715831510957317,-6.012361330500216,13.137254901960782,-11.909262759924388,0,,,,,,,0
FMR_mfi13<20_pb<=0.25_squeeze_both_h2_mid1_s0.07,mean_rev,-1000000000.0,1,4,50.0,-1.05091771996956,-2.715831510957317,-6.012361330500216,13.137254901960782,-11.909262759924388,0,,,,,,,0
FMR_mfi13<20_pb<=0.25_squeeze_pb_up_h4_mid0_s0.1,mean_rev,-1000000000.0,1,5,60.0,-2.8316616770290226,5.606934582530521,-17.542922497175383,10.98039215686275,-19.712528904890945,0,,,,,,,0
FMR_mfi13<20_pb<=0.25_squeeze_pb_up_h4_mid0_s0.07,mean_rev,-1000000000.0,1,5,60.0,-0.5934673814523816,5.606934582530521,-6.049537665180993,10.98039215686275,-18.33648393194707,0,,,,,,,0
FMR_mfi13<20_pb<=0.25_squeeze_pb_up_h4_mid1_s0.1,mean_rev,-1000000000.0,1,5,60.0,-3.2429857894507212,3.0898944050931076,-19.241169344484867,13.137254901960782,-19.712528904890945,0,,,,,,,0
FMR_mfi13<20_pb<=0.25_squeeze_pb_up_h4_mid1_s0.07,mean_rev,-1000000000.0,1,5,60.0,-1.0047914938740798,3.0898944050931076,-7.984496813568331,13.137254901960782,-18.33648393194707,0,,,,,,,0
FMR_mfi13<20_pb<=0.25_squeeze_both_h4_mid0_s0.1,mean_rev,-1000000000.0,1,4,50.0,-4.941310741918908,-5.516553109823718,-21.920773641634838,10.98039215686275,-19.712528904890945,0,,,,,,,0
FMR_mfi13<20_pb<=0.25_squeeze_both_h4_mid0_s0.07,mean_rev,-1000000000.0,1,4,50.0,-2.143567872448107,-0.609089857354056,-11.0376011705956,10.98039215686275,-18.33648393194707,0,,,,,,,0
FMR_mfi13<20_pb<=0.25_squeeze_both_h4_mid1_s0.1,mean_rev,-1000000000.0,1,4,50.0,-5.455465882446031,-7.62329476342698,-23.528856343800886,13.137254901960782,-19.712528904890945,0,,,,,,,0
FMR_mfi13<20_pb<=0.25_squeeze_both_h4_mid1_s0.07,mean_rev,-1000000000.0,1,4,50.0,-2.65772301297523,-2.715831510957317,-12.869828529562433,13.137254901960782,-18.33648393194707,0,,,,,,,0
FMR_mfi13<20_pb<=0.25_squeeze_both_h3_mid0_s0.1,mean_rev,-1000000000.0,1,4,50.0,-6.167333320282243,-6.537218097010166,-25.035481386801905,6.741586844838432,-18.33648393194707,0,,,,,,,0
FMR_mfi13<20_pb<=0.15_bw40_both_h4_mid0_s0.1,mean_rev,-1000000000.0,1,8,37.5,3.876463780371227,-1.587712422050308,27.033654092584626,31.735546458016707,-14.473674046774976,0,,,,,,,0
FMR_mfi13<20_pb<=0.25_squeeze_both_h3_mid1_s0.1,mean_rev,-1000000000.0,1,4,50.0,-5.0704525086499475,-7.541290502306753,-22.062006654028465,13.137254901960782,-18.33648393194707,0,,,,,,,0
FMR_mfi13<20_pb<=0.25_squeeze_both_h3_mid1_s0.07,mean_rev,-1000000000.0,1,4,50.0,-2.65772301297523,-2.715831510957317,-12.869828529562433,13.137254901960782,-18.33648393194707,0,,,,,,,0
FMR_mfi13<20_pb<=0.25_bw40_pb_up_h2_mid0_s0.1,mean_rev,-1000000000.0,1,26,42.30769230769231,-0.6581496780126308,-2.044122321512204,-21.347993689496946,17.7461156449759,-14.857136499722301,0,,,,,,,0
FMR_mfi13<20_pb<=0.25_bw40_pb_up_h2_mid0_s0.07,mean_rev,-1000000000.0,1,26,42.30769230769231,-0.8365087694732419,-2.044122321512204,-25.331666698678156,17.7461156449759,-14.857136499722301,0,,,,,,,0
FMR_mfi13<20_pb<=0.25_bw40_pb_up_h2_mid1_s0.1,mean_rev,-1000000000.0,1,26,42.30769230769231,-0.6581496780126308,-2.044122321512204,-21.347993689496946,17.7461156449759,-14.857136499722301,0,,,,,,,0
FMR_mfi13<20_pb<=0.25_bw40_pb_up_h2_mid1_s0.07,mean_rev,-1000000000.0,1,26,42.30769230769231,-0.8365087694732419,-2.044122321512204,-25.331666698678156,17.7461156449759,-14.857136499722301,0,,,,,,,0
FMR_mfi13<30_pb<=0.15_squeeze_both_h4_mid0_s0.1,mean_rev,-1000000000.0,1,4,75.0,16.892560750420525,9.883945104263347,68.01519897181035,61.71122994652407,-13.90887715336866,0,,,,,,,0
FMR_mfi13<30_pb<=0.15_squeeze_both_h4_mid0_s0.07,mean_rev,-1000000000.0,1,4,75.0,17.280549954199202,10.6599235118207,70.33612964829781,61.71122994652407,-13.90887715336866,0,,,,,,,0
FMR_mfi13<30_pb<=0.15_squeeze_both_h4_mid1_s0.1,mean_rev,-1000000000.0,1,4,75.0,16.892560750420525,9.883945104263347,68.01519897181035,61.71122994652407,-13.90887715336866,0,,,,,,,0
FMR_mfi13<30_pb<=0.15_squeeze_both_h4_mid1_s0.07,mean_rev,-1000000000.0,1,4,75.0,17.280549954199202,10.6599235118207,70.33612964829781,61.71122994652407,-13.90887715336866,0,,,,,,,0
FMR_mfi13<20_pb<=0.25_bw40_pb_up_h4_mid0_s0.1,mean_rev,-1000000000.0,1,26,46.15384615384615,0.481666015474302,-1.587712422050308,-3.0943077991399615,31.735546458016707,-19.712528904890945,0,,,,,,,0
FMR_mfi13<20_pb<=0.25_squeeze_both_h3_mid0_s0.07,mean_rev,-1000000000.0,1,4,50.0,-3.754603824607525,-1.7117591056607318,-16.194001403496895,6.741586844838432,-18.33648393194707,0,,,,,,,0
FMR_mfi13<20_pb<=0.15_bw40_both_h4_mid0_s0.07,mean_rev,-1000000000.0,1,8,37.5,2.5648492152742772,-2.082152823160688,13.386616195679268,31.735546458016707,-14.473674046774976,0,,,,,,,0
FMR_mfi13<20_pb<=0.15_bw40_both_h4_mid1_s0.1,mean_rev,-1000000000.0,1,8,37.5,3.770351854342614,-2.0121601261647584,25.946038538781725,31.735546458016707,-14.473674046774976,0,,,,,,,0
FMR_mfi13<20_pb<=0.15_bw40_both_h4_mid1_s0.07,mean_rev,-1000000000.0,1,8,37.5,2.4587372892456645,-2.506600527275138,12.415841574982146,31.735546458016707,-14.473674046774976,0,,,,,,,0
FMR_mfi13<20_pb<=0.15_bw40_both_h3_mid0_s0.1,mean_rev,-1000000000.0,1,8,37.5,-0.18558975283826246,-2.7270802627984647,-4.662117194560167,17.7461156449759,-12.819447904934766,0,,,,,,,0
FMR_mfi13<20_pb<=0.15_bw40_both_h3_mid0_s0.07,mean_rev,-1000000000.0,1,8,37.5,-0.18558975283826246,-2.7270802627984647,-4.662117194560167,17.7461156449759,-12.819447904934766,0,,,,,,,0
FMR_mfi13<20_pb<=0.15_bw40_both_h3_mid1_s0.1,mean_rev,-1000000000.0,1,8,37.5,-0.291701678866875,-3.151527966912915,-5.478365179761468,17.7461156449759,-12.819447904934766,0,,,,,,,0
FMR_mfi13<30_pb<=0.15_bw40_both_h4_mid0_s0.1,mean_rev,-1000000000.0,1,29,48.275862068965516,3.1371306385715774,-0.8488934599414466,76.61786037219287,61.71122994652407,-26.192619261926197,0,,,,,,,0
FMR_mfi13<30_pb<=0.15_bw40_both_h4_mid0_s0.07,mean_rev,-1000000000.0,1,29,48.275862068965516,2.4607261011787283,-0.8488934599414466,44.48595965555475,61.71122994652407,-26.192619261926197,0,,,,,,,0
FMR_mfi13<30_pb<=0.15_bw40_both_h4_mid1_s0.1,mean_rev,-1000000000.0,1,29,44.827586206896555,2.0902482529992055,-1.0338885697874778,33.44400704663857,61.71122994652407,-26.192619261926197,0,,,,,,,0
FMR_mfi13<30_pb<=0.15_bw40_both_h4_mid1_s0.07,mean_rev,-1000000000.0,1,29,44.827586206896555,1.4138437156063561,-1.0338885697874778,9.166679846449988,61.71122994652407,-26.192619261926197,0,,,,,,,0
FMR_mfi13<30_pb<=0.15_bw40_both_h3_mid0_s0.1,mean_rev,-1000000000.0,1,29,44.827586206896555,1.0011305253099567,-1.0338885697874778,3.6302210331609963,41.176470588235304,-26.192619261926197,0,,,,,,,0
FMR_mfi13<20_pb<=0.25_squeeze_both_h2_mid0_s0.07,mean_rev,-1000000000.0,1,4,50.0,-1.05091771996956,-2.715831510957317,-6.012361330500216,13.137254901960782,-11.909262759924388,0,,,,,,,0
FMR_mfi13<30_pb<=0.15_bw40_both_h3_mid1_s0.1,mean_rev,-1000000000.0,1,29,44.827586206896555,0.6799617944134054,-1.0338885697874778,-4.698830463456072,41.176470588235304,-26.192619261926197,0,,,,,,,0
FMR_mfi13<30_pb<=0.15_bw40_both_h3_mid1_s0.07,mean_rev,-1000000000.0,1,29,44.827586206896555,0.6799617944134054,-1.0338885697874778,-4.698830463456072,41.176470588235304,-26.192619261926197,0,,,,,,,0
FMR_mfi13<20_pb<=0.25_squeeze_pb_up_h3_mid0_s0.1,mean_rev,-1000000000.0,1,5,60.0,-3.8124797397196897,5.098039215686279,-20.832269868050968,6.741586844838432,-18.33648393194707,0,,,,,,,0
FMR_mfi13<20_pb<=0.25_squeeze_pb_up_h3_mid0_s0.07,mean_rev,-1000000000.0,1,5,60.0,-1.882296143179916,5.098039215686279,-11.495053885954508,6.741586844838432,-18.33648393194707,0,,,,,,,0
FMR_mfi13<20_pb<=0.25_squeeze_pb_up_h3_mid1_s0.1,mean_rev,-1000000000.0,1,5,60.0,-2.934975090413854,3.0898944050931076,-17.69207435218285,13.137254901960782,-18.33648393194707,0,,,,,,,0
FMR_mfi13<20_pb<=0.25_squeeze_pb_up_h3_mid1_s0.07,mean_rev,-1000000000.0,1,5,60.0,-1.0047914938740798,3.0898944050931076,-7.984496813568331,13.137254901960782,-18.33648393194707,0,,,,,,,0
FMR_mfi13<20_pb<=0.25_squeeze_pb_up_h2_mid0_s0.1,mean_rev,-1000000000.0,1,5,60.0,0.28065274053045597,3.0898944050931076,-0.7425359146362109,13.137254901960782,-11.909262759924388,0,,,,,,,0
FMR_mfi13<20_pb<=0.25_squeeze_pb_up_h2_mid0_s0.07,mean_rev,-1000000000.0,1,5,60.0,0.28065274053045597,3.0898944050931076,-0.7425359146362109,13.137254901960782,-11.909262759924388,0,,,,,,,0
FMR_mfi13<20_pb<=0.25_squeeze_pb_up_h2_mid1_s0.1,mean_rev,-1000000000.0,1,5,60.0,0.28065274053045597,3.0898944050931076,-0.7425359146362109,13.137254901960782,-11.909262759924388,0,,,,,,,0
FMR_mfi13<20_pb<=0.25_squeeze_pb_up_h2_mid1_s0.07,mean_rev,-1000000000.0,1,5,60.0,0.28065274053045597,3.0898944050931076,-0.7425359146362109,13.137254901960782,-11.909262759924388,0,,,,,,,0
FMR_mfi13<20_pb<=0.25_squeeze_both_h2_mid0_s0.1,mean_rev,-1000000000.0,1,4,50.0,-1.05091771996956,-2.715831510957317,-6.012361330500216,13.137254901960782,-11.909262759924388,0,,,,,,,0
FMR_mfi13<30_pb<=0.15_bw40_both_h3_mid0_s0.07,mean_rev,-1000000000.0,1,29,44.827586206896555,1.0011305253099567,-1.0338885697874778,3.6302210331609963,41.176470588235304,-26.192619261926197,0,,,,,,,0
FMR_mfi13<25_pb<=0.15_squeeze_both_h2_mid0_s0.07,mean_rev,-1000000000.0,1,3,0.0,-9.65554623795903,-7.194246035875662,-26.56598867884121,-5.537098560354369,-16.235294117647058,0,,,,,,,0
FMR_mfi13<25_pb<=0.15_squeeze_pb_up_h2_mid1_s0.1,mean_rev,-1000000000.0,1,3,0.0,-9.65554623795903,-7.194246035875662,-26.56598867884121,-5.537098560354369,-16.235294117647058,0,,,,,,,0
FMR_mfi13<25_pb<=0.15_squeeze_pb_up_h2_mid1_s0.07,mean_rev,-1000000000.0,1,3,0.0,-9.65554623795903,-7.194246035875662,-26.56598867884121,-5.537098560354369,-16.235294117647058,0,,,,,,,0
FMR_mfi13<25_pb<=0.15_bw40_pb_up_h2_mid0_s0.1,mean_rev,-1000000000.0,1,24,37.5,-1.8183968503497687,-0.40231244586694803,-43.00514162934939,17.7461156449759,-26.192619261926197,0,,,,,,,0
FMR_mfi13<25_pb<=0.15_bw40_pb_up_h2_mid0_s0.07,mean_rev,-1000000000.0,1,24,37.5,-1.8183968503497687,-0.40231244586694803,-43.00514162934939,17.7461156449759,-26.192619261926197,0,,,,,,,0
FMR_mfi13<25_pb<=0.15_bw40_pb_up_h2_mid1_s0.1,mean_rev,-1000000000.0,1,24,37.5,-1.8183968503497687,-0.40231244586694803,-43.00514162934939,17.7461156449759,-26.192619261926197,0,,,,,,,0
FMR_mfi13<25_pb<=0.15_bw40_pb_up_h2_mid1_s0.07,mean_rev,-1000000000.0,1,24,37.5,-1.8183968503497687,-0.40231244586694803,-43.00514162934939,17.7461156449759,-26.192619261926197,0,,,,,,,0
FMR_mfi13<25_pb<=0.15_squeeze_both_h4_mid0_s0.1,mean_rev,-1000000000.0,1,3,66.66666666666666,18.40735495467676,7.419712070874862,49.54866358932306,61.71122994652407,-13.90887715336866,0,,,,,,,0
FMR_mfi13<25_pb<=0.15_squeeze_both_h4_mid0_s0.07,mean_rev,-1000000000.0,1,3,66.66666666666666,18.40735495467676,7.419712070874862,49.54866358932306,61.71122994652407,-13.90887715336866,0,,,,,,,0
FMR_mfi13<25_pb<=0.15_bw40_both_h3_mid1_s0.07,mean_rev,-1000000000.0,1,19,47.368421052631575,2.658630086418798,-0.2976055714181247,33.31057524050605,41.176470588235304,-26.192619261926197,0,,,,,,,0
FMR_mfi13<25_pb<=0.0_squeeze_none_h4_mid0_s0.1,mean_rev,-1000000000.0,1,15,53.333333333333336,2.809357261098986,0.12562703816130227,27.33429948073813,51.540535420927846,-22.87581699346405,0,,,,,,,0
FMR_mfi13<25_pb<=0.15_bw40_both_h2_mid0_s0.07,mean_rev,-1000000000.0,1,19,36.84210526315789,-1.6381032287308823,-0.44543429844098315,-34.67335946314254,17.7461156449759,-26.192619261926197,0,,,,,,,0
FMR_mfi13<25_pb<=0.15_bw40_both_h2_mid1_s0.1,mean_rev,-1000000000.0,1,19,36.84210526315789,-1.6381032287308823,-0.44543429844098315,-34.67335946314254,17.7461156449759,-26.192619261926197,0,,,,,,,0
FMR_mfi13<25_pb<=0.15_bw40_both_h2_mid1_s0.07,mean_rev,-1000000000.0,1,19,36.84210526315789,-1.6381032287308823,-0.44543429844098315,-34.67335946314254,17.7461156449759,-26.192619261926197,0,,,,,,,0
FMR_mfi13<25_pb<=0.15_bw40_pb_up_h4_mid0_s0.1,mean_rev,-1000000000.0,1,24,54.166666666666664,4.076376797583085,1.0957945109827616,93.11869149718228,61.71122994652407,-26.192619261926197,0,,,,,,,0
FMR_mfi13<25_pb<=0.15_bw40_pb_up_h4_mid0_s0.07,mean_rev,-1000000000.0,1,24,54.166666666666664,3.6391719425507683,1.0957945109827616,72.37223560493487,61.71122994652407,-26.192619261926197,0,,,,,,,0
FMR_mfi13<25_pb<=0.15_bw40_pb_up_h4_mid1_s0.1,mean_rev,-1000000000.0,1,24,50.0,3.6057617669824515,0.5005512312941829,74.58588123948174,61.71122994652407,-26.192619261926197,0,,,,,,,0
FMR_mfi13<25_pb<=0.15_bw40_both_h4_mid0_s0.1,mean_rev,-1000000000.0,1,19,52.63157894736842,4.974778167800905,0.8928809879590327,90.93659938261989,61.71122994652407,-26.192619261926197,0,,,,,,,0
FMR_mfi13<25_pb<=0.15_bw40_both_h4_mid0_s0.07,mean_rev,-1000000000.0,1,19,52.63157894736842,4.4225194035495585,0.8928809879590327,70.42456242443123,61.71122994652407,-26.192619261926197,0,,,,,,,0
FMR_mfi13<25_pb<=0.15_bw40_both_h4_mid1_s0.1,mean_rev,-1000000000.0,1,19,47.368421052631575,4.266184160582941,-0.2976055714181247,68.85138869502086,61.71122994652407,-26.192619261926197,0,,,,,,,0
FMR_mfi13<25_pb<=0.15_bw40_both_h4_mid1_s0.07,mean_rev,-1000000000.0,1,19,47.368421052631575,3.713925396331594,-0.2976055714181247,50.7119333126967,61.71122994652407,-26.192619261926197,0,,,,,,,0
FMR_mfi13<25_pb<=0.15_bw40_both_h3_mid0_s0.1,mean_rev,-1000000000.0,1,19,47.368421052631575,2.7391191783709674,-0.8488934599414466,35.09981498335411,41.176470588235304,-26.192619261926197,0,,,,,,,0
FMR_mfi13<25_pb<=0.15_bw40_both_h2_mid0_s0.1,mean_rev,-1000000000.0,1,19,36.84210526315789,-1.6381032287308823,-0.44543429844098315,-34.67335946314254,17.7461156449759,-26.192619261926197,0,,,,,,,0
FMR_mfi13<25_pb<=0.0_bw40_pb_up_h3_mid0_s0.07,mean_rev,-1000000000.0,1,3,33.33333333333333,2.334472303081396,-0.495662949194553,6.675727261043729,10.32644767655222,-2.82736781811348,0,,,,,,,0
FMR_mfi13<25_pb<=0.25_squeeze_both_h4_mid1_s0.1,mean_rev,-1000000000.0,1,15,60.0,1.738728191961476,3.0898944050931076,0.939279544060434,61.71122994652407,-19.712528904890945,0,,,,,,,0
FMR_mfi13<25_pb<=0.25_squeeze_both_h4_mid1_s0.07,mean_rev,-1000000000.0,1,15,60.0,3.399699736776588,3.0898944050931076,34.642826601370324,61.71122994652407,-18.33648393194707,0,,,,,,,0
FMR_mfi13<25_pb<=0.25_squeeze_both_h3_mid0_s0.1,mean_rev,-1000000000.0,1,15,60.0,2.6964696508465766,6.741586844838432,18.642658406822687,41.176470588235304,-23.740996791549527,0,,,,,,,0
FMR_mfi13<25_pb<=0.25_squeeze_both_h3_mid0_s0.07,mean_rev,-1000000000.0,1,15,60.0,3.6784514033553304,6.741586844838432,40.48549705035622,41.176470588235304,-23.740996791549527,0,,,,,,,0
FMR_mfi13<25_pb<=0.25_squeeze_both_h3_mid1_s0.1,mean_rev,-1000000000.0,1,15,60.0,2.01747496220714,3.0898944050931076,7.875473883317907,41.176470588235304,-23.740996791549527,0,,,,,,,0
FMR_mfi13<25_pb<=0.25_squeeze_both_h3_mid1_s0.07,mean_rev,-1000000000.0,1,15,60.0,2.999456714715895,3.0898944050931076,27.736008039155124,41.176470588235304,-23.740996791549527,0,,,,,,,0
FMR_mfi13<25_pb<=0.25_squeeze_both_h2_mid0_s0.1,mean_rev,-1000000000.0,1,15,46.666666666666664,-2.3175834797727126,-5.537098560354369,-34.03911291057481,13.137254901960782,-16.235294117647058,0,,,,,,,0
FMR_mfi13<25_pb<=0.25_squeeze_both_h2_mid0_s0.07,mean_rev,-1000000000.0,1,15,46.666666666666664,-2.3175834797727126,-5.537098560354369,-34.03911291057481,13.137254901960782,-16.235294117647058,0,,,,,,,0
FMR_mfi13<25_pb<=0.15_squeeze_both_h2_mid1_s0.1,mean_rev,-1000000000.0,1,3,0.0,-9.65554623795903,-7.194246035875662,-26.56598867884121,-5.537098560354369,-16.235294117647058,0,,,,,,,0
FMR_mfi13<25_pb<=0.15_squeeze_both_h2_mid1_s0.07,mean_rev,-1000000000.0,1,3,0.0,-9.65554623795903,-7.194246035875662,-26.56598867884121,-5.537098560354369,-16.235294117647058,0,,,,,,,0
FMR_mfi13<25_pb<=0.15_squeeze_both_h2_mid0_s0.1,mean_rev,-1000000000.0,1,3,0.0,-9.65554623795903,-7.194246035875662,-26.56598867884121,-5.537098560354369,-16.235294117647058,0,,,,,,,0
FMR_mfi13<25_pb<=0.15_squeeze_pb_up_h4_mid0_s0.07,mean_rev,-1000000000.0,1,3,66.66666666666666,18.40735495467676,7.419712070874862,49.54866358932306,61.71122994652407,-13.90887715336866,0,,,,,,,0
FMR_mfi13<25_pb<=0.15_squeeze_pb_up_h4_mid1_s0.1,mean_rev,-1000000000.0,1,3,66.66666666666666,18.40735495467676,7.419712070874862,49.54866358932306,61.71122994652407,-13.90887715336866,0,,,,,,,0
FMR_mfi13<25_pb<=0.15_squeeze_pb_up_h4_mid1_s0.07,mean_rev,-1000000000.0,1,3,66.66666666666666,18.40735495467676,7.419712070874862,49.54866358932306,61.71122994652407,-13.90887715336866,0,,,,,,,0
FMR_mfi13<25_pb<=0.25_squeeze_both_h4_mid0_s0.1,mean_rev,-1000000000.0,1,15,60.0,2.1457682205396535,1.5904561079933321,6.03191318483971,61.71122994652407,-19.712528904890945,0,,,,,,,0
FMR_mfi13<25_pb<=0.25_squeeze_both_h4_mid0_s0.07,mean_rev,-1000000000.0,1,15,60.0,3.8067397653547657,1.5904561079933321,41.43588666021927,61.71122994652407,-18.33648393194707,0,,,,,,,0
FMR_mfi13<25_pb<=0.15_squeeze_both_h4_mid1_s0.1,mean_rev,-1000000000.0,1,3,66.66666666666666,18.40735495467676,7.419712070874862,49.54866358932306,61.71122994652407,-13.90887715336866,0,,,,,,,0
FMR_mfi13<25_pb<=0.15_squeeze_both_h4_mid1_s0.07,mean_rev,-1000000000.0,1,3,66.66666666666666,18.40735495467676,7.419712070874862,49.54866358932306,61.71122994652407,-13.90887715336866,0,,,,,,,0
FMR_mfi13<25_pb<=0.15_squeeze_both_h3_mid0_s0.1,mean_rev,-1000000000.0,1,3,66.66666666666666,16.406139844373293,31.782945736434097,41.87721527153576,41.176470588235304,-23.740996791549527,0,,,,,,,0
FMR_mfi13<25_pb<=0.15_squeeze_both_h3_mid0_s0.07,mean_rev,-1000000000.0,1,3,66.66666666666666,16.406139844373293,31.782945736434097,41.87721527153576,41.176470588235304,-23.740996791549527,0,,,,,,,0
FMR_mfi13<25_pb<=0.15_squeeze_both_h3_mid1_s0.1,mean_rev,-1000000000.0,1,3,66.66666666666666,16.406139844373293,31.782945736434097,41.87721527153576,41.176470588235304,-23.740996791549527,0,,,,,,,0
FMR_mfi13<25_pb<=0.15_squeeze_both_h3_mid1_s0.07,mean_rev,-1000000000.0,1,3,66.66666666666666,16.406139844373293,31.782945736434097,41.87721527153576,41.176470588235304,-23.740996791549527,0,,,,,,,0
FMR_mfi13<25_pb<=0.15_squeeze_pb_up_h4_mid0_s0.1,mean_rev,-1000000000.0,1,3,66.66666666666666,18.40735495467676,7.419712070874862,49.54866358932306,61.71122994652407,-13.90887715336866,0,,,,,,,0
FMR_mfi6<20_pb<=0.0_squeeze_none_h2_mid0_s0.1,mean_rev,-1000000000.0,1,39,33.33333333333333,-1.5654711878952707,-3.649648257096738,-62.81234379756695,51.540535420927846,-25.252545803898364,0,,,,,,,0
FMR_mfi6<20_pb<=0.0_squeeze_none_h2_mid0_s0.07,mean_rev,-1000000000.0,1,39,30.76923076923077,-3.3166839016017025,-4.232188191858432,-79.57232389131808,26.46370309298156,-25.252545803898364,0,,,,,,,0
FMR_mfi6<20_pb<=0.0_squeeze_none_h2_mid1_s0.1,mean_rev,-1000000000.0,1,39,33.33333333333333,-1.5654711878952707,-3.649648257096738,-62.81234379756695,51.540535420927846,-25.252545803898364,0,,,,,,,0
FMR_mfi6<20_pb<=0.0_squeeze_none_h2_mid1_s0.07,mean_rev,-1000000000.0,1,39,30.76923076923077,-3.3166839016017025,-4.232188191858432,-79.57232389131808,26.46370309298156,-25.252545803898364,0,,,,,,,0
FMR_mfi6<20_pb<=0.0_none_both_h4_mid0_s0.1,mean_rev,-1000000000.0,1,18,72.22222222222221,1.9372167087629486,4.444961801304769,-13.01256396056355,42.6724207403778,-50.0,0,,,,,,,0
FMR_mfi6<20_pb<=0.0_none_both_h4_mid0_s0.07,mean_rev,-1000000000.0,1,18,72.22222222222221,1.888052442606782,4.444961801304769,-13.846976789116228,42.6724207403778,-50.0,0,,,,,,,0
FMR_mfi6<20_pb<=0.0_none_both_h4_mid1_s0.1,mean_rev,-1000000000.0,1,18,66.66666666666666,-0.27739480522697146,2.0937892021031246,-37.28998534700464,31.250006715698532,-50.0,0,,,,,,,0
FMR_mfi6<20_pb<=0.0_squeeze_pb_up_h2_mid1_s0.07,mean_rev,-1000000000.0,1,0,,,,0.0,,,0,,,,,,,0
FMR_mfi6<20_pb<=0.0_squeeze_none_h4_mid0_s0.1,mean_rev,-1000000000.0,1,38,42.10526315789473,-1.3436523814562438,-1.02258049273789,-67.63079849849346,51.540535420927846,-43.40425732013312,0,,,,,,,0
FMR_mfi6<20_pb<=0.0_squeeze_none_h4_mid0_s0.07,mean_rev,-1000000000.0,1,38,39.473684210526315,-3.0909208076685237,-3.4728090714804374,-81.48015169470413,32.17665615141956,-43.40425732013312,0,,,,,,,0
FMR_mfi6<20_pb<=0.0_squeeze_none_h4_mid1_s0.1,mean_rev,-1000000000.0,1,38,42.10526315789473,-1.9333580157224983,-2.000091849613023,-73.75118473577913,51.540535420927846,-43.40425732013312,0,,,,,,,0
FMR_mfi13<25_pb<=0.15_bw40_both_h3_mid0_s0.07,mean_rev,-1000000000.0,1,19,47.368421052631575,2.7391191783709674,-0.8488934599414466,35.09981498335411,41.176470588235304,-26.192619261926197,0,,,,,,,0
FMR_mfi6<20_pb<=0.0_squeeze_none_h3_mid0_s0.1,mean_rev,-1000000000.0,1,39,41.02564102564102,-1.834475144483822,-2.297466674308579,-73.18227868204592,51.540535420927846,-43.40425732013312,0,,,,,,,0
FMR_mfi6<20_pb<=0.0_squeeze_none_h3_mid0_s0.07,mean_rev,-1000000000.0,1,39,38.46153846153847,-3.544712310743963,-3.0558385718778447,-84.70758149380636,26.46370309298156,-43.40425732013312,0,,,,,,,0
FMR_mfi6<20_pb<=0.0_squeeze_none_h3_mid1_s0.1,mean_rev,-1000000000.0,1,39,38.46153846153847,-2.179338563689923,-3.0558385718778447,-76.49321983043988,51.540535420927846,-43.40425732013312,0,,,,,,,0
FMR_mfi13<25_pb<=0.15_bw40_pb_up_h3_mid0_s0.1,mean_rev,-1000000000.0,1,24,37.5,1.2512483523019724,-0.6722782045679998,7.030841950690925,41.176470588235304,-26.192619261926197,0,,,,,,,0
FMR_mfi13<25_pb<=0.15_bw40_pb_up_h3_mid0_s0.07,mean_rev,-1000000000.0,1,24,37.5,1.2512483523019724,-0.6722782045679998,7.030841950690925,41.176470588235304,-26.192619261926197,0,,,,,,,0
FMR_mfi13<25_pb<=0.15_bw40_pb_up_h3_mid1_s0.1,mean_rev,-1000000000.0,1,24,37.5,1.1875278211731712,-0.4797423682473767,5.613343072900023,41.176470588235304,-26.192619261926197,0,,,,,,,0
FMR_mfi13<25_pb<=0.15_bw40_pb_up_h3_mid1_s0.07,mean_rev,-1000000000.0,1,24,37.5,1.1875278211731712,-0.4797423682473767,5.613343072900023,41.176470588235304,-26.192619261926197,0,,,,,,,0
FMR_mfi6<20_pb<=0.0_squeeze_pb_up_h2_mid0_s0.1,mean_rev,-1000000000.0,1,0,,,,0.0,,,0,,,,,,,0
FMR_mfi6<20_pb<=0.0_squeeze_pb_up_h2_mid0_s0.07,mean_rev,-1000000000.0,1,0,,,,0.0,,,0,,,,,,,0
FMR_mfi6<20_pb<=0.0_squeeze_pb_up_h2_mid1_s0.1,mean_rev,-1000000000.0,1,0,,,,0.0,,,0,,,,,,,0
FMR_mfi6<20_pb<=0.0_none_both_h2_mid1_s0.07,mean_rev,-1000000000.0,1,18,61.111111111111114,-0.8472132420703394,2.0502898342242615,-42.094061290322614,31.250006715698532,-50.0,0,,,,,,,0
FMR_mfi6<20_pb<=0.0_squeeze_none_h4_mid1_s0.07,mean_rev,-1000000000.0,1,38,39.473684210526315,-3.6806264419347783,-4.450320428355569,-84.98189469195032,32.17665615141956,-43.40425732013312,0,,,,,,,0
FMR_mfi13<25_pb<=0.15_bw40_both_h3_mid1_s0.1,mean_rev,-1000000000.0,1,19,47.368421052631575,2.658630086418798,-0.2976055714181247,33.31057524050605,41.176470588235304,-26.192619261926197,0,,,,,,,0
FMR_mfi13<25_pb<=0.25_squeeze_pb_up_h3_mid1_s0.1,mean_rev,-1000000000.0,1,18,61.111111111111114,1.8546774532512176,3.8867452530091384,10.710633786549062,41.176470588235304,-23.740996791549527,0,,,,,,,0
FMR_mfi13<25_pb<=0.25_squeeze_pb_up_h3_mid1_s0.07,mean_rev,-1000000000.0,1,18,61.111111111111114,2.6729955803418464,3.8867452530091384,31.093138211145277,41.176470588235304,-23.740996791549527,0,,,,,,,0
FMR_mfi13<25_pb<=0.25_squeeze_pb_up_h2_mid0_s0.1,mean_rev,-1000000000.0,1,18,50.0,-1.7328195784465834,-1.0169673989891659,-31.779044253992783,13.137254901960782,-16.235294117647058,0,,,,,,,0
FMR_mfi13<25_pb<=0.25_squeeze_pb_up_h2_mid0_s0.07,mean_rev,-1000000000.0,1,18,50.0,-1.7328195784465834,-1.0169673989891659,-31.779044253992783,13.137254901960782,-16.235294117647058,0,,,,,,,0
FMR_mfi13<25_pb<=0.25_squeeze_pb_up_h2_mid1_s0.1,mean_rev,-1000000000.0,1,18,50.0,-1.7328195784465834,-1.0169673989891659,-31.779044253992783,13.137254901960782,-16.235294117647058,0,,,,,,,0
FMR_mfi13<25_pb<=0.25_squeeze_pb_up_h2_mid1_s0.07,mean_rev,-1000000000.0,1,18,50.0,-1.7328195784465834,-1.0169673989891659,-31.779044253992783,13.137254901960782,-16.235294117647058,0,,,,,,,0
FMR_mfi13<25_pb<=0.25_squeeze_both_h2_mid1_s0.1,mean_rev,-1000000000.0,1,15,46.666666666666664,-2.3175834797727126,-5.537098560354369,-34.03911291057481,13.137254901960782,-16.235294117647058,0,,,,,,,0
FMR_mfi13<25_pb<=0.25_squeeze_both_h2_mid1_s0.07,mean_rev,-1000000000.0,1,15,46.666666666666664,-2.3175834797727126,-5.537098560354369,-34.03911291057481,13.137254901960782,-16.235294117647058,0,,,,,,,0
FMR_mfi13<25_pb<=0.25_squeeze_pb_up_h4_mid0_s0.1,mean_rev,-1000000000.0,1,18,61.111111111111114,1.7664956714413889,2.1876410320869066,4.9884741027293344,61.71122994652407,-19.712528904890945,0,,,,,,,0
FMR_mfi13<25_pb<=0.25_squeeze_pb_up_h4_mid0_s0.07,mean_rev,-1000000000.0,1,18,61.111111111111114,3.150638625453982,2.1876410320869066,40.04404407885475,61.71122994652407,-18.33648393194707,0,,,,,,,0
FMR_mfi6<20_pb<=0.0_squeeze_none_h3_mid1_s0.07,mean_rev,-1000000000.0,1,39,35.8974358974359,-3.889575729950064,-3.061216563075808,-86.59559789498807,26.46370309298156,-43.40425732013312,0,,,,,,,0
FMR_mfi13<25_pb<=0.25_squeeze_pb_up_h4_mid1_s0.07,mean_rev,-1000000000.0,1,18,61.111111111111114,2.811438601638834,2.9373601806367944,33.31783318022199,61.71122994652407,-18.33648393194707,0,,,,,,,0
FMR_mfi13<25_pb<=0.25_squeeze_pb_up_h3_mid0_s0.1,mean_rev,-1000000000.0,1,18,61.111111111111114,2.420506360450748,5.352486899108399,21.760799127962006,41.176470588235304,-23.740996791549527,0,,,,,,,0
FMR_mfi13<25_pb<=0.25_squeeze_pb_up_h3_mid0_s0.07,mean_rev,-1000000000.0,1,18,61.111111111111114,3.2388244875413768,5.352486899108399,44.17770653861752,41.176470588235304,-23.740996791549527,0,,,,,,,0
FMR_mfi6<20_pb<=0.0_squeeze_pb_up_h4_mid1_s0.1,mean_rev,-1000000000.0,1,0,,,,0.0,,,0,,,,,,,0
FMR_mfi6<20_pb<=0.0_none_both_h3_mid0_s0.1,mean_rev,-1000000000.0,1,18,55.55555555555556,-0.9156332672265479,0.9926739388848471,-45.3227409894264,42.6724207403778,-50.0,0,,,,,,,0
FMR_mfi6<20_pb<=0.0_none_both_h3_mid0_s0.07,mean_rev,-1000000000.0,1,18,55.55555555555556,-0.9156332672265479,0.9926739388848471,-45.3227409894264,42.6724207403778,-50.0,0,,,,,,,0
FMR_mfi6<20_pb<=0.0_none_both_h3_mid1_s0.1,mean_rev,-1000000000.0,1,18,55.55555555555556,-1.4361258991179602,0.9926739388848471,-48.68663426576896,31.250006715698532,-50.0,0,,,,,,,0
FMR_mfi6<20_pb<=0.0_none_both_h3_mid1_s0.07,mean_rev,-1000000000.0,1,18,55.55555555555556,-1.4361258991179602,0.9926739388848471,-48.68663426576896,31.250006715698532,-50.0,0,,,,,,,0
FMR_mfi6<20_pb<=0.0_none_both_h2_mid0_s0.1,mean_rev,-1000000000.0,1,18,61.111111111111114,-0.8472132420703394,2.0502898342242615,-42.094061290322614,31.250006715698532,-50.0,0,,,,,,,0
FMR_mfi6<20_pb<=0.0_none_both_h2_mid0_s0.07,mean_rev,-1000000000.0,1,18,61.111111111111114,-0.8472132420703394,2.0502898342242615,-42.094061290322614,31.250006715698532,-50.0,0,,,,,,,0
FMR_mfi6<20_pb<=0.0_none_both_h2_mid1_s0.1,mean_rev,-1000000000.0,1,18,61.111111111111114,-0.8472132420703394,2.0502898342242615,-42.094061290322614,31.250006715698532,-50.0,0,,,,,,,0
FMR_mfi13<25_pb<=0.25_squeeze_pb_up_h4_mid1_s0.1,mean_rev,-1000000000.0,1,18,61.111111111111114,1.427295647626241,2.9373601806367944,-0.05404393783065009,61.71122994652407,-19.712528904890945,0,,,,,,,0
FMR_mfi13<30_pb<=0.0_squeeze_pb_up_h3_mid0_s0.07,mean_rev,-1000000000.0,1,0,,,,0.0,,,0,,,,,,,0
FMR_mfi13<30_pb<=0.0_squeeze_pb_up_h3_mid1_s0.1,mean_rev,-1000000000.0,1,0,,,,0.0,,,0,,,,,,,0
FMR_mfi13<30_pb<=0.0_squeeze_pb_up_h3_mid1_s0.07,mean_rev,-1000000000.0,1,0,,,,0.0,,,0,,,,,,,0
FMR_mfi13<30_pb<=0.0_squeeze_pb_up_h2_mid0_s0.1,mean_rev,-1000000000.0,1,0,,,,0.0,,,0,,,,,,,0
FMR_mfi13<30_pb<=0.0_squeeze_pb_up_h2_mid0_s0.07,mean_rev,-1000000000.0,1,0,,,,0.0,,,0,,,,,,,0
FMR_mfi13<30_pb<=0.0_squeeze_both_h3_mid1_s0.1,mean_rev,-1000000000.0,1,0,,,,0.0,,,0,,,,,,,0
FMR_mfi13<30_pb<=0.0_squeeze_both_h3_mid1_s0.07,mean_rev,-1000000000.0,1,0,,,,0.0,,,0,,,,,,,0
FMR_mfi13<30_pb<=0.0_squeeze_both_h2_mid0_s0.1,mean_rev,-1000000000.0,1,0,,,,0.0,,,0,,,,,,,0
FMR_mfi13<30_pb<=0.0_squeeze_both_h2_mid0_s0.07,mean_rev,-1000000000.0,1,0,,,,0.0,,,0,,,,,,,0
FMR_mfi13<30_pb<=0.0_squeeze_both_h2_mid1_s0.1,mean_rev,-1000000000.0,1,0,,,,0.0,,,0,,,,,,,0
FMR_mfi13<30_pb<=0.0_squeeze_both_h2_mid1_s0.07,mean_rev,-1000000000.0,1,0,,,,0.0,,,0,,,,,,,0
FMR_mfi13<25_pb<=0.0_bw40_pb_up_h3_mid0_s0.1,mean_rev,-1000000000.0,1,3,33.33333333333333,2.334472303081396,-0.495662949194553,6.675727261043729,10.32644767655222,-2.82736781811348,0,,,,,,,0
FMR_mfi13<30_pb<=0.0_squeeze_pb_up_h4_mid0_s0.07,mean_rev,-1000000000.0,1,0,,,,0.0,,,0,,,,,,,0
FMR_mfi13<30_pb<=0.0_bw40_pb_up_h2_mid1_s0.1,mean_rev,-1000000000.0,1,4,50.0,0.39958972700824824,1.3072071275499197,0.14511699762882468,11.259159664661066,-12.275215011727914,0,,,,,,,0
FMR_mfi13<30_pb<=0.0_bw40_pb_up_h2_mid1_s0.07,mean_rev,-1000000000.0,1,4,50.0,0.39958972700824824,1.3072071275499197,0.14511699762882468,11.259159664661066,-12.275215011727914,0,,,,,,,0
FMR_mfi13<30_pb<=0.0_squeeze_both_h4_mid0_s0.1,mean_rev,-1000000000.0,1,0,,,,0.0,,,0,,,,,,,0
FMR_mfi13<30_pb<=0.0_squeeze_both_h4_mid0_s0.07,mean_rev,-1000000000.0,1,0,,,,0.0,,,0,,,,,,,0
FMR_mfi13<30_pb<=0.0_squeeze_both_h4_mid1_s0.1,mean_rev,-1000000000.0,1,0,,,,0.0,,,0,,,,,,,0
FMR_mfi13<30_pb<=0.0_squeeze_both_h4_mid1_s0.07,mean_rev,-1000000000.0,1,0,,,,0.0,,,0,,,,,,,0
FMR_mfi13<30_pb<=0.0_squeeze_both_h3_mid0_s0.1,mean_rev,-1000000000.0,1,0,,,,0.0,,,0,,,,,,,0
FMR_mfi13<30_pb<=0.0_squeeze_both_h3_mid0_s0.07,mean_rev,-1000000000.0,1,0,,,,0.0,,,0,,,,,,,0
FMR_mfi13<25_pb<=0.0_bw40_both_h2_mid0_s0.1,mean_rev,-1000000000.0,1,2,50.0,5.480777046621471,5.480777046621471,10.928046206786046,11.259159664661066,-0.2976055714181247,0,,,,,,,0
FMR_mfi13<25_pb<=0.0_bw40_both_h2_mid0_s0.07,mean_rev,-1000000000.0,1,2,50.0,5.480777046621471,5.480777046621471,10.928046206786046,11.259159664661066,-0.2976055714181247,0,,,,,,,0
FMR_mfi13<30_pb<=0.0_squeeze_pb_up_h4_mid0_s0.1,mean_rev,-1000000000.0,1,0,,,,0.0,,,0,,,,,,,0
FMR_mfi13<25_pb<=0.0_squeeze_none_h4_mid0_s0.07,mean_rev,-1000000000.0,1,15,46.666666666666664,-1.7437957945377347,-0.12092459593594507,-30.05356903487132,21.238940843037703,-22.87581699346405,0,,,,,,,0
FMR_mfi13<25_pb<=0.0_squeeze_none_h4_mid1_s0.1,mean_rev,-1000000000.0,1,15,53.333333333333336,2.1279109814711505,0.12562703816130227,16.618163274356633,51.540535420927846,-22.87581699346405,0,,,,,,,0
FMR_mfi13<25_pb<=0.0_squeeze_none_h4_mid1_s0.07,mean_rev,-1000000000.0,1,15,46.666666666666664,-2.42524207416557,-5.925479007462542e-06,-35.94008574269647,20.357420357420363,-22.87581699346405,0,,,,,,,0
FMR_mfi13<25_pb<=0.0_squeeze_none_h3_mid0_s0.1,mean_rev,-1000000000.0,1,16,43.75,3.34824757855995,-2.103469754557902,39.66788949247344,51.540535420927846,-22.87581699346405,0,,,,,,,0
FMR_mfi13<25_pb<=0.0_squeeze_none_h3_mid0_s0.07,mean_rev,-1000000000.0,1,16,37.5,-0.9203334110994749,-2.676652623093212,-23.278563354343373,26.46370309298156,-22.87581699346405,0,,,,,,,0
FMR_mfi13<25_pb<=0.0_squeeze_pb_up_h4_mid1_s0.1,mean_rev,-1000000000.0,1,0,,,,0.0,,,0,,,,,,,0
FMR_mfi13<25_pb<=0.0_squeeze_pb_up_h4_mid1_s0.07,mean_rev,-1000000000.0,1,0,,,,0.0,,,0,,,,,,,0
FMR_mfi13<25_pb<=0.0_squeeze_pb_up_h3_mid0_s0.1,mean_rev,-1000000000.0,1,0,,,,0.0,,,0,,,,,,,0
FMR_mfi13<25_pb<=0.0_squeeze_pb_up_h3_mid0_s0.07,mean_rev,-1000000000.0,1,0,,,,0.0,,,0,,,,,,,0
FMR_mfi13<25_pb<=0.0_squeeze_pb_up_h3_mid1_s0.1,mean_rev,-1000000000.0,1,0,,,,0.0,,,0,,,,,,,0
FMR_mfi13<25_pb<=0.0_squeeze_pb_up_h3_mid1_s0.07,mean_rev,-1000000000.0,1,0,,,,0.0,,,0,,,,,,,0
FMR_mfi13<30_pb<=0.0_squeeze_pb_up_h3_mid0_s0.1,mean_rev,-1000000000.0,1,0,,,,0.0,,,0,,,,,,,0
FMR_mfi13<25_pb<=0.0_squeeze_pb_up_h2_mid0_s0.07,mean_rev,-1000000000.0,1,0,,,,0.0,,,0,,,,,,,0
FMR_mfi13<30_pb<=0.0_squeeze_pb_up_h2_mid1_s0.1,mean_rev,-1000000000.0,1,0,,,,0.0,,,0,,,,,,,0
FMR_mfi13<30_pb<=0.0_squeeze_pb_up_h2_mid1_s0.07,mean_rev,-1000000000.0,1,0,,,,0.0,,,0,,,,,,,0
FMR_mfi13<30_pb<=0.0_squeeze_none_h4_mid0_s0.1,mean_rev,-1000000000.0,1,20,50.0,1.1394371169011346,0.002351221112678603,-3.7960618692397308,51.540535420927846,-32.32323296913524,0,,,,,,,0
FMR_mfi13<30_pb<=0.0_squeeze_none_h4_mid0_s0.07,mean_rev,-1000000000.0,1,20,45.0,-2.19552535730614,-0.5299458660430911,-45.141092846892825,21.238940843037703,-25.252545803898364,0,,,,,,,0
FMR_mfi13<30_pb<=0.0_squeeze_none_h4_mid1_s0.1,mean_rev,-1000000000.0,1,20,50.0,0.40404030177683353,0.0628105563411474,-15.606360305245037,51.540535420927846,-32.32323296913524,0,,,,,,,0
FMR_mfi13<30_pb<=0.0_squeeze_none_h4_mid1_s0.07,mean_rev,-1000000000.0,1,20,45.0,-2.9309221724304413,-0.060465260707476265,-51.875745065294495,20.357420357420363,-25.252545803898364,0,,,,,,,0
FMR_mfi13<30_pb<=0.0_squeeze_none_h3_mid0_s0.1,mean_rev,-1000000000.0,1,21,42.857142857142854,1.5040949855571055,-1.9094728348072243,2.8789031150450173,51.540535420927846,-32.32323296913524,0,,,,,,,0
FMR_mfi13<30_pb<=0.0_squeeze_none_h3_mid0_s0.07,mean_rev,-1000000000.0,1,21,38.095238095238095,-1.6720597517831564,-2.297466674308579,-41.33479040815682,26.46370309298156,-25.252545803898364,0,,,,,,,0
FMR_mfi13<30_pb<=0.0_squeeze_pb_up_h4_mid1_s0.1,mean_rev,-1000000000.0,1,0,,,,0.0,,,0,,,,,,,0
FMR_mfi13<30_pb<=0.0_squeeze_pb_up_h4_mid1_s0.07,mean_rev,-1000000000.0,1,0,,,,0.0,,,0,,,,,,,0
FMR_mfi13<25_pb<=0.0_squeeze_pb_up_h2_mid0_s0.1,mean_rev,-1000000000.0,1,0,,,,0.0,,,0,,,,,,,0
FMR_mfi13<25_pb<=0.15_squeeze_pb_up_h2_mid0_s0.07,mean_rev,-1000000000.0,1,3,0.0,-9.65554623795903,-7.194246035875662,-26.56598867884121,-5.537098560354369,-16.235294117647058,0,,,,,,,0
FMR_mfi13<25_pb<=0.0_squeeze_both_h4_mid1_s0.1,mean_rev,-1000000000.0,1,0,,,,0.0,,,0,,,,,,,0
FMR_mfi13<25_pb<=0.0_squeeze_both_h4_mid1_s0.07,mean_rev,-1000000000.0,1,0,,,,0.0,,,0,,,,,,,0
FMR_mfi13<25_pb<=0.0_bw40_both_h4_mid0_s0.1,mean_rev,-1000000000.0,1,2,100.0,9.573684736342802,9.573684736342802,19.310360329814902,18.254488484726572,0.8928809879590327,0,,,,,,,0
FMR_mfi13<25_pb<=0.0_bw40_both_h4_mid0_s0.07,mean_rev,-1000000000.0,1,2,100.0,9.573684736342802,9.573684736342802,19.310360329814902,18.254488484726572,0.8928809879590327,0,,,,,,,0
FMR_mfi13<25_pb<=0.0_bw40_both_h4_mid1_s0.1,mean_rev,-1000000000.0,1,2,50.0,5.480777046621471,5.480777046621471,10.928046206786046,11.259159664661066,-0.2976055714181247,0,,,,,,,0
FMR_mfi13<25_pb<=0.0_bw40_both_h4_mid1_s0.07,mean_rev,-1000000000.0,1,2,50.0,5.480777046621471,5.480777046621471,10.928046206786046,11.259159664661066,-0.2976055714181247,0,,,,,,,0
FMR_mfi13<25_pb<=0.0_bw40_both_h3_mid0_s0.1,mean_rev,-1000000000.0,1,2,50.0,3.74953992921937,3.74953992921937,7.207113200077586,10.32644767655222,-2.82736781811348,0,,,,,,,0
FMR_mfi13<25_pb<=0.0_bw40_both_h3_mid0_s0.07,mean_rev,-1000000000.0,1,2,50.0,3.74953992921937,3.74953992921937,7.207113200077586,10.32644767655222,-2.82736781811348,0,,,,,,,0
FMR_mfi13<25_pb<=0.0_bw40_pb_up_h3_mid1_s0.1,mean_rev,-1000000000.0,1,3,33.33333333333333,3.4886303813494632,-0.2976055714181247,10.378216981473587,11.259159664661066,-0.495662949194553,0,,,,,,,0
FMR_mfi13<25_pb<=0.0_bw40_pb_up_h3_mid1_s0.07,mean_rev,-1000000000.0,1,3,33.33333333333333,3.4886303813494632,-0.2976055714181247,10.378216981473587,11.259159664661066,-0.495662949194553,0,,,,,,,0
FMR_mfi13<30_pb<=0.0_none_both_h2_mid1_s0.1,mean_rev,-1000000000.0,1,21,66.66666666666666,0.19974372584451236,2.2727388439271357,-29.755732664333713,24.494745351657233,-50.0,0,,,,,,,0
FMR_mfi13<25_pb<=0.0_bw40_pb_up_h2_mid0_s0.07,mean_rev,-1000000000.0,1,3,66.66666666666666,4.624524639920303,2.912019826517964,14.158292905496662,11.259159664661066,-0.2976055714181247,0,,,,,,,0
FMR_mfi13<25_pb<=0.0_bw40_pb_up_h2_mid1_s0.1,mean_rev,-1000000000.0,1,3,66.66666666666666,4.624524639920303,2.912019826517964,14.158292905496662,11.259159664661066,-0.2976055714181247,0,,,,,,,0
FMR_mfi13<25_pb<=0.0_bw40_pb_up_h2_mid1_s0.07,mean_rev,-1000000000.0,1,3,66.66666666666666,4.624524639920303,2.912019826517964,14.158292905496662,11.259159664661066,-0.2976055714181247,0,,,,,,,0
FMR_mfi13<25_pb<=0.0_squeeze_both_h4_mid0_s0.1,mean_rev,-1000000000.0,1,0,,,,0.0,,,0,,,,,,,0
FMR_mfi13<25_pb<=0.0_squeeze_both_h4_mid0_s0.07,mean_rev,-1000000000.0,1,0,,,,0.0,,,0,,,,,,,0
FMR_mfi13<25_pb<=0.0_bw40_both_h2_mid1_s0.1,mean_rev,-1000000000.0,1,2,50.0,5.480777046621471,5.480777046621471,10.928046206786046,11.259159664661066,-0.2976055714181247,0,,,,,,,0
FMR_mfi13<25_pb<=0.0_bw40_both_h2_mid1_s0.07,mean_rev,-1000000000.0,1,2,50.0,5.480777046621471,5.480777046621471,10.928046206786046,11.259159664661066,-0.2976055714181247,0,,,,,,,0
FMR_mfi13<25_pb<=0.0_bw40_pb_up_h4_mid0_s0.1,mean_rev,-1000000000.0,1,3,66.66666666666666,5.494393706921637,0.8928809879590327,16.13170760727336,18.254488484726572,-2.6641883519206933,0,,,,,,,0
FMR_mfi13<25_pb<=0.0_bw40_pb_up_h4_mid0_s0.07,mean_rev,-1000000000.0,1,3,66.66666666666666,5.494393706921637,0.8928809879590327,16.13170760727336,18.254488484726572,-2.6641883519206933,0,,,,,,,0
FMR_mfi13<25_pb<=0.0_bw40_pb_up_h4_mid1_s0.1,mean_rev,-1000000000.0,1,3,33.33333333333333,3.4886303813494632,-0.2976055714181247,10.378216981473587,11.259159664661066,-0.495662949194553,0,,,,,,,0
FMR_mfi13<25_pb<=0.0_bw40_pb_up_h4_mid1_s0.07,mean_rev,-1000000000.0,1,3,33.33333333333333,3.4886303813494632,-0.2976055714181247,10.378216981473587,11.259159664661066,-0.495662949194553,0,,,,,,,0
FMR_mfi13<25_pb<=0.0_bw40_pb_up_h2_mid0_s0.1,mean_rev,-1000000000.0,1,3,66.66666666666666,4.624524639920303,2.912019826517964,14.158292905496662,11.259159664661066,-0.2976055714181247,0,,,,,,,0
FMR_mfi13<30_pb<=0.0_none_both_h2_mid1_s0.07,mean_rev,-1000000000.0,1,21,66.66666666666666,0.19974372584451236,2.2727388439271357,-29.755732664333713,24.494745351657233,-50.0,0,,,,,,,0
FMR_mfi13<30_pb<=0.0_none_both_h4_mid1_s0.1,mean_rev,-1000000000.0,1,21,71.42857142857143,0.8345540881245823,2.7072849878734484,-20.4238493299971,18.835893290218266,-50.0,0,,,,,,,0
FMR_mfi13<30_pb<=0.0_none_both_h4_mid1_s0.07,mean_rev,-1000000000.0,1,21,71.42857142857143,0.7924132885621539,2.7072849878734484,-21.187170609357374,18.835893290218266,-50.0,0,,,,,,,0
FMR_mfi13<30_pb<=0.0_none_both_h3_mid0_s0.1,mean_rev,-1000000000.0,1,21,61.904761904761905,-0.5404396143578276,2.7072849878734484,-40.17696156340722,18.835893290218266,-50.0,0,,,,,,,0
FMR_mfi13<30_pb<=0.0_none_both_h3_mid0_s0.07,mean_rev,-1000000000.0,1,21,61.904761904761905,-0.5404396143578276,2.7072849878734484,-40.17696156340722,18.835893290218266,-50.0,0,,,,,,,0
FMR_mfi13<30_pb<=0.0_none_both_h3_mid1_s0.1,mean_rev,-1000000000.0,1,21,66.66666666666666,-0.18981660116354096,2.7072849878734484,-35.687150819567684,18.835893290218266,-50.0,0,,,,,,,0
FMR_mfi13<30_pb<=0.0_none_both_h3_mid1_s0.07,mean_rev,-1000000000.0,1,21,66.66666666666666,-0.18981660116354096,2.7072849878734484,-35.687150819567684,18.835893290218266,-50.0,0,,,,,,,0
FMR_mfi13<30_pb<=0.0_none_both_h2_mid0_s0.1,mean_rev,-1000000000.0,1,21,66.66666666666666,0.19974372584451236,2.2727388439271357,-29.755732664333713,24.494745351657233,-50.0,0,,,,,,,0
FMR_mfi13<30_pb<=0.0_none_both_h2_mid0_s0.07,mean_rev,-1000000000.0,1,21,66.66666666666666,0.19974372584451236,2.2727388439271357,-29.755732664333713,24.494745351657233,-50.0,0,,,,,,,0
FMR_mfi13<30_pb<=0.0_squeeze_none_h3_mid1_s0.1,mean_rev,-1000000000.0,1,21,42.857142857142854,1.1449185711145737,-0.9389671361502372,-3.8986623998224723,51.540535420927846,-32.32323296913524,0,,,,,,,0
FMR_mfi13<30_pb<=0.0_squeeze_none_h3_mid1_s0.07,mean_rev,-1000000000.0,1,21,38.095238095238095,-2.0312361662256877,-1.9094728348072243,-45.19959931856602,26.46370309298156,-25.252545803898364,0,,,,,,,0
FMR_mfi13<25_pb<=0.15_squeeze_pb_up_h2_mid0_s0.1,mean_rev,-1000000000.0,1,3,0.0,-9.65554623795903,-7.194246035875662,-26.56598867884121,-5.537098560354369,-16.235294117647058,0,,,,,,,0
FMR_mfi13<30_pb<=0.0_squeeze_none_h2_mid0_s0.07,mean_rev,-1000000000.0,1,21,28.57142857142857,-1.949197450351053,-1.5075335577793725,-41.845987128191034,26.46370309298156,-25.252545803898364,0,,,,,,,0
FMR_mfi13<30_pb<=0.0_squeeze_none_h2_mid1_s0.1,mean_rev,-1000000000.0,1,21,33.33333333333333,1.3030547322466044,-1.0608152200170862,5.866738143041705,51.540535420927846,-25.252545803898364,0,,,,,,,0
FMR_mfi13<30_pb<=0.0_squeeze_none_h2_mid1_s0.07,mean_rev,-1000000000.0,1,21,28.57142857142857,-1.949197450351053,-1.5075335577793725,-41.845987128191034,26.46370309298156,-25.252545803898364,0,,,,,,,0
FMR_mfi13<30_pb<=0.0_none_both_h4_mid0_s0.1,mean_rev,-1000000000.0,1,21,71.42857142857143,2.2611148223203767,3.644569303607059,2.1833588425473005,30.02232142857142,-50.0,0,,,,,,,0
FMR_mfi13<30_pb<=0.0_none_both_h4_mid0_s0.07,mean_rev,-1000000000.0,1,21,71.42857142857143,2.2189740227579486,3.644569303607059,1.20318159667272,30.02232142857142,-50.0,0,,,,,,,0
FMR_mfi13<25_pb<=0.0_bw40_both_h3_mid1_s0.1,mean_rev,-1000000000.0,1,2,50.0,5.480777046621471,5.480777046621471,10.928046206786046,11.259159664661066,-0.2976055714181247,0,,,,,,,0
FMR_mfi13<25_pb<=0.0_bw40_both_h3_mid1_s0.07,mean_rev,-1000000000.0,1,2,50.0,5.480777046621471,5.480777046621471,10.928046206786046,11.259159664661066,-0.2976055714181247,0,,,,,,,0
FMR_mfi13<25_pb<=0.15_squeeze_pb_up_h3_mid0_s0.1,mean_rev,-1000000000.0,1,3,66.66666666666666,16.406139844373293,31.782945736434097,41.87721527153576,41.176470588235304,-23.740996791549527,0,,,,,,,0
FMR_mfi13<25_pb<=0.15_squeeze_pb_up_h3_mid0_s0.07,mean_rev,-1000000000.0,1,3,66.66666666666666,16.406139844373293,31.782945736434097,41.87721527153576,41.176470588235304,-23.740996791549527,0,,,,,,,0
FMR_mfi13<25_pb<=0.15_squeeze_pb_up_h3_mid1_s0.1,mean_rev,-1000000000.0,1,3,66.66666666666666,16.406139844373293,31.782945736434097,41.87721527153576,41.176470588235304,-23.740996791549527,0,,,,,,,0
FMR_mfi13<25_pb<=0.15_squeeze_pb_up_h3_mid1_s0.07,mean_rev,-1000000000.0,1,3,66.66666666666666,16.406139844373293,31.782945736434097,41.87721527153576,41.176470588235304,-23.740996791549527,0,,,,,,,0
FMR_mfi13<30_pb<=0.0_squeeze_none_h2_mid0_s0.1,mean_rev,-1000000000.0,1,21,33.33333333333333,1.3030547322466044,-1.0608152200170862,5.866738143041705,51.540535420927846,-25.252545803898364,0,,,,,,,0
FMR_mfi14<20_pb<=0.25_bw40_pb_up_h4_mid0_s0.07,mean_rev,-1000000000.0,1,25,48.0,-0.40322294291013083,-0.8488934599414466,-19.002576682946227,17.7461156449759,-14.473674046774976,0,,,,,,,0
FMR_mfi14<20_pb<=0.25_bw40_pb_up_h4_mid1_s0.1,mean_rev,-1000000000.0,1,25,52.0,-0.15515903305390433,2.6153846153846194,-14.971959078246122,17.7461156449759,-19.712528904890945,0,,,,,,,0
FMR_mfi14<20_pb<=0.25_bw40_pb_up_h4_mid1_s0.07,mean_rev,-1000000000.0,1,25,52.0,-0.04653017649671698,2.6153846153846194,-11.422146716894254,17.7461156449759,-14.473674046774976,0,,,,,,,0
FMR_mfi14<20_pb<=0.25_bw40_pb_up_h3_mid0_s0.1,mean_rev,-1000000000.0,1,25,40.0,-2.4801538770903515,-4.605267065655482,-51.76513378319709,17.7461156449759,-18.172475409706614,0,,,,,,,0
FMR_mfi13<20_pb<=0.0_squeeze_none_h4_mid0_s0.07,mean_rev,-1000000000.0,1,5,60.0,3.057823632151415,1.4508929601461995,13.61696707103841,21.238940843037703,-6.639018627651582,0,,,,,,,0
FMR_mfi13<20_pb<=0.0_squeeze_none_h4_mid1_s0.1,mean_rev,-1000000000.0,1,5,60.0,-0.8983413234796145,0.5181526195626063,-4.958512288747996,6.017690724180036,-6.639018627651582,0,,,,,,,0
FMR_mfi13<20_pb<=0.0_squeeze_none_h4_mid1_s0.07,mean_rev,-1000000000.0,1,5,60.0,-0.8983413234796145,0.5181526195626063,-4.958512288747996,6.017690724180036,-6.639018627651582,0,,,,,,,0
FMR_mfi13<20_pb<=0.0_squeeze_none_h3_mid0_s0.1,mean_rev,-1000000000.0,1,5,40.0,-0.7081933921866823,-3.5714344242527285,-4.989699346124321,9.637321352093808,-10.401460407453433,0,,,,,,,0
FMR_mfi13<20_pb<=0.0_squeeze_none_h3_mid0_s0.07,mean_rev,-1000000000.0,1,5,40.0,-0.7081933921866823,-3.5714344242527285,-4.989699346124321,9.637321352093808,-10.401460407453433,0,,,,,,,0
FMR_mfi13<20_pb<=0.0_squeeze_none_h3_mid1_s0.1,mean_rev,-1000000000.0,1,5,40.0,-2.8152140231230205,-3.5714344242527285,-14.04030139621122,6.017690724180036,-10.401460407453433,0,,,,,,,0
FMR_mfi13<30_pb<=0.25_squeeze_pb_up_h2_mid1_s0.1,mean_rev,-1000000000.0,1,33,60.60606060606061,3.575767561406775,3.0898944050931076,132.6754092182763,80.29505332165698,-16.235294117647058,0,,,,,,,0
FMR_mfi14<20_pb<=0.25_bw40_both_h2_mid0_s0.1,mean_rev,-1000000000.0,1,21,42.857142857142854,-0.7929917616773154,-3.7634408602150504,-20.61790641644281,17.7461156449759,-11.46601146601146,0,,,,,,,0
FMR_mfi14<20_pb<=0.25_squeeze_none_h2_mid0_s0.07,mean_rev,-1000000000.0,1,31,58.06451612903226,2.36537519505101,2.2624360584843073,87.82459892961742,18.660959620750518,-11.46601146601146,0,,,,,,,0
FMR_mfi14<20_pb<=0.25_squeeze_none_h2_mid1_s0.1,mean_rev,-1000000000.0,1,31,58.06451612903226,2.36537519505101,2.2624360584843073,87.82459892961742,18.660959620750518,-11.46601146601146,0,,,,,,,0
FMR_mfi14<20_pb<=0.25_squeeze_none_h2_mid1_s0.07,mean_rev,-1000000000.0,1,31,58.06451612903226,2.36537519505101,2.2624360584843073,87.82459892961742,18.660959620750518,-11.46601146601146,0,,,,,,,0
FMR_mfi14<20_pb<=0.25_squeeze_none_h4_mid0_s0.07,mean_rev,-1000000000.0,1,31,58.06451612903226,4.440287567520061,2.784825956180481,197.9642331996891,48.28432354004492,-21.170607502592574,0,,,,,,,0
FMR_mfi14<20_pb<=0.25_squeeze_none_h4_mid1_s0.1,mean_rev,-1000000000.0,1,31,58.06451612903226,1.700745906519762,2.784825956180481,42.33222632382672,20.357420357420363,-21.170607502592574,0,,,,,,,0
FMR_mfi14<20_pb<=0.25_squeeze_none_h4_mid1_s0.07,mean_rev,-1000000000.0,1,31,58.06451612903226,2.2764220490181817,2.784825956180481,74.98325714692248,20.357420357420363,-21.170607502592574,0,,,,,,,0
FMR_mfi14<20_pb<=0.25_squeeze_none_h3_mid0_s0.1,mean_rev,-1000000000.0,1,31,51.61290322580645,0.7093734723242272,0.2008025402817637,8.055055143530732,20.357420357420363,-21.170607502592574,0,,,,,,,0
FMR_mfi14<20_pb<=0.25_squeeze_none_h3_mid0_s0.07,mean_rev,-1000000000.0,1,31,51.61290322580645,1.18452593321556,0.2008025402817637,27.948651307105333,20.357420357420363,-21.170607502592574,0,,,,,,,0
FMR_mfi14<20_pb<=0.25_squeeze_none_h3_mid1_s0.1,mean_rev,-1000000000.0,1,31,58.06451612903226,1.232461329764734,2.790178571428581,25.710197720552586,20.357420357420363,-21.170607502592574,0,,,,,,,0
FMR_mfi14<20_pb<=0.25_squeeze_none_h3_mid1_s0.07,mean_rev,-1000000000.0,1,31,58.06451612903226,1.7076137906560669,2.790178571428581,48.854213553721216,20.357420357420363,-21.170607502592574,0,,,,,,,0
FMR_mfi13<20_pb<=0.0_squeeze_none_h3_mid1_s0.07,mean_rev,-1000000000.0,1,5,40.0,-2.8152140231230205,-3.5714344242527285,-14.04030139621122,6.017690724180036,-10.401460407453433,0,,,,,,,0
FMR_mfi14<20_pb<=0.25_bw40_both_h3_mid0_s0.07,mean_rev,-1000000000.0,1,21,33.33333333333333,-2.897984468017237,-6.362007168458783,-50.01741719557884,17.7461156449759,-13.07966856139744,0,,,,,,,0
FMR_mfi14<20_pb<=0.25_bw40_both_h3_mid1_s0.1,mean_rev,-1000000000.0,1,21,38.095238095238095,-2.9526586684195046,-4.605267065655482,-51.402538490770986,17.7461156449759,-18.172475409706614,0,,,,,,,0
FMR_mfi14<20_pb<=0.25_bw40_both_h3_mid1_s0.07,mean_rev,-1000000000.0,1,21,38.095238095238095,-2.472068672721627,-4.605267065655482,-45.37004288957495,17.7461156449759,-13.07966856139744,0,,,,,,,0
FMR_mfi13<20_pb<=0.0_squeeze_both_h4_mid0_s0.1,mean_rev,-1000000000.0,1,0,,,,0.0,,,0,,,,,,,0
FMR_mfi14<20_pb<=0.25_squeeze_both_h4_mid0_s0.07,mean_rev,-1000000000.0,1,5,40.0,-2.340370272027361,-8.521557427007743,-12.918125123280754,9.433971108154516,-10.81081081081081,0,,,,,,,0
FMR_mfi14<20_pb<=0.25_squeeze_both_h4_mid1_s0.1,mean_rev,-1000000000.0,1,5,40.0,-6.883299147998997,-11.46601146601146,-32.448494394232405,9.433971108154516,-19.712528904890945,0,,,,,,,0
FMR_mfi14<20_pb<=0.25_squeeze_both_h4_mid1_s0.07,mean_rev,-1000000000.0,1,5,40.0,-3.3141070645087956,-8.521557427007743,-16.952170415836065,9.433971108154516,-11.46601146601146,0,,,,,,,0
FMR_mfi14<20_pb<=0.25_squeeze_both_h3_mid0_s0.1,mean_rev,-1000000000.0,1,5,40.0,-5.398673703045864,-10.81081081081081,-26.84274363928456,9.433971108154516,-18.172475409706614,0,,,,,,,0
FMR_mfi14<20_pb<=0.25_squeeze_both_h3_mid0_s0.07,mean_rev,-1000000000.0,1,5,40.0,-2.452728445519601,-8.521557427007743,-13.374045552536096,9.433971108154516,-10.81081081081081,0,,,,,,,0
FMR_mfi14<20_pb<=0.25_squeeze_both_h3_mid1_s0.1,mean_rev,-1000000000.0,1,5,40.0,-6.260052322035059,-11.46601146601146,-29.864537737655382,9.433971108154516,-18.172475409706614,0,,,,,,,0
FMR_mfi14<20_pb<=0.25_squeeze_both_h3_mid1_s0.07,mean_rev,-1000000000.0,1,5,40.0,-3.3141070645087956,-8.521557427007743,-16.952170415836065,9.433971108154516,-11.46601146601146,0,,,,,,,0
FMR_mfi14<20_pb<=0.25_bw40_pb_up_h4_mid0_s0.1,mean_rev,-1000000000.0,1,25,48.0,-0.5118517994673182,-0.8488934599414466,-22.248598615873018,17.7461156449759,-19.712528904890945,0,,,,,,,0
FMR_mfi14<20_pb<=0.25_bw40_pb_up_h3_mid0_s0.07,mean_rev,-1000000000.0,1,25,40.0,-2.0764582807041343,-4.605267065655482,-45.777647827333254,17.7461156449759,-13.07966856139744,0,,,,,,,0
FMR_mfi14<20_pb<=0.25_bw40_pb_up_h3_mid1_s0.1,mean_rev,-1000000000.0,1,25,44.0,-2.0339862969239264,-1.8292682926829285,-46.187618294494385,17.7461156449759,-18.172475409706614,0,,,,,,,0
FMR_mfi14<20_pb<=0.25_bw40_pb_up_h3_mid1_s0.07,mean_rev,-1000000000.0,1,25,44.0,-1.6302907005377092,-1.8292682926829285,-39.50778470140236,17.7461156449759,-13.07966856139744,0,,,,,,,0
FMR_mfi14<20_pb<=0.25_bw40_pb_up_h2_mid0_s0.1,mean_rev,-1000000000.0,1,25,48.0,-0.062105861936315954,-0.3591905932929129,-8.163424634094286,17.7461156449759,-11.46601146601146,0,,,,,,,0
FMR_mfi14<20_pb<=0.25_bw40_pb_up_h2_mid0_s0.07,mean_rev,-1000000000.0,1,25,48.0,-0.2475993170553514,-0.3591905932929129,-12.814887498201088,17.7461156449759,-13.07966856139744,0,,,,,,,0
FMR_mfi14<20_pb<=0.25_bw40_pb_up_h2_mid1_s0.1,mean_rev,-1000000000.0,1,25,48.0,-0.062105861936315954,-0.3591905932929129,-8.163424634094286,17.7461156449759,-11.46601146601146,0,,,,,,,0
FMR_mfi14<20_pb<=0.25_bw40_pb_up_h2_mid1_s0.07,mean_rev,-1000000000.0,1,25,48.0,-0.2475993170553514,-0.3591905932929129,-12.814887498201088,17.7461156449759,-13.07966856139744,0,,,,,,,0
FMR_mfi14<20_pb<=0.25_squeeze_both_h4_mid0_s0.1,mean_rev,-1000000000.0,1,5,40.0,-5.909562355517563,-10.81081081081081,-29.167182473638466,9.433971108154516,-19.712528904890945,0,,,,,,,0
FMR_mfi14<20_pb<=0.25_bw40_both_h2_mid0_s0.07,mean_rev,-1000000000.0,1,21,42.857142857142854,-1.013817303485691,-3.7634408602150504,-24.638557871571486,17.7461156449759,-13.07966856139744,0,,,,,,,0
FMR_mfi14<20_pb<=0.25_bw40_both_h2_mid1_s0.1,mean_rev,-1000000000.0,1,21,42.857142857142854,-0.7929917616773154,-3.7634408602150504,-20.61790641644281,17.7461156449759,-11.46601146601146,0,,,,,,,0
FMR_mfi14<20_pb<=0.25_bw40_both_h2_mid1_s0.07,mean_rev,-1000000000.0,1,21,42.857142857142854,-1.013817303485691,-3.7634408602150504,-24.638557871571486,17.7461156449759,-13.07966856139744,0,,,,,,,0
FMR_mfi14<20_pb<=0.25_squeeze_both_h2_mid0_s0.1,mean_rev,-1000000000.0,1,5,40.0,-3.3141070645087956,-8.521557427007743,-16.952170415836065,9.433971108154516,-11.46601146601146,0,,,,,,,0
FMR_mfi13<20_pb<=0.0_bw40_pb_up_h3_mid0_s0.1,mean_rev,-1000000000.0,1,1,0.0,-0.495662949194553,-0.495662949194553,-0.495662949194553,-0.495662949194553,-0.495662949194553,0,,,,,,,0
FMR_mfi13<20_pb<=0.0_bw40_pb_up_h3_mid0_s0.07,mean_rev,-1000000000.0,1,1,0.0,-0.495662949194553,-0.495662949194553,-0.495662949194553,-0.495662949194553,-0.495662949194553,0,,,,,,,0
FMR_mfi13<20_pb<=0.0_bw40_pb_up_h3_mid1_s0.1,mean_rev,-1000000000.0,1,1,0.0,-0.495662949194553,-0.495662949194553,-0.495662949194553,-0.495662949194553,-0.495662949194553,0,,,,,,,0
FMR_mfi13<20_pb<=0.0_bw40_pb_up_h3_mid1_s0.07,mean_rev,-1000000000.0,1,1,0.0,-0.495662949194553,-0.495662949194553,-0.495662949194553,-0.495662949194553,-0.495662949194553,0,,,,,,,0
FMR_mfi13<20_pb<=0.0_bw40_pb_up_h2_mid0_s0.1,mean_rev,-1000000000.0,1,1,100.0,2.912019826517964,2.912019826517964,2.912019826517964,2.912019826517964,2.912019826517964,0,,,,,,,0
FMR_mfi13<20_pb<=0.0_bw40_pb_up_h2_mid0_s0.07,mean_rev,-1000000000.0,1,1,100.0,2.912019826517964,2.912019826517964,2.912019826517964,2.912019826517964,2.912019826517964,0,,,,,,,0
FMR_mfi13<20_pb<=0.0_bw40_pb_up_h2_mid1_s0.1,mean_rev,-1000000000.0,1,1,100.0,2.912019826517964,2.912019826517964,2.912019826517964,2.912019826517964,2.912019826517964,0,,,,,,,0
FMR_mfi13<20_pb<=0.0_bw40_pb_up_h2_mid1_s0.07,mean_rev,-1000000000.0,1,1,100.0,2.912019826517964,2.912019826517964,2.912019826517964,2.912019826517964,2.912019826517964,0,,,,,,,0
FMR_mfi13<20_pb<=0.0_bw40_both_h2_mid0_s0.1,mean_rev,-1000000000.0,1,0,,,,0.0,,,0,,,,,,,0
FMR_mfi13<20_pb<=0.0_bw40_both_h2_mid0_s0.07,mean_rev,-1000000000.0,1,0,,,,0.0,,,0,,,,,,,0
FMR_mfi13<20_pb<=0.0_bw40_both_h2_mid1_s0.1,mean_rev,-1000000000.0,1,0,,,,0.0,,,0,,,,,,,0
FMR_mfi14<20_pb<=0.25_squeeze_none_h2_mid0_s0.1,mean_rev,-1000000000.0,1,31,58.06451612903226,2.36537519505101,2.2624360584843073,87.82459892961742,18.660959620750518,-11.46601146601146,0,,,,,,,0
FMR_mfi13<20_pb<=0.0_bw40_pb_up_h4_mid0_s0.1,mean_rev,-1000000000.0,1,1,0.0,-2.6641883519206933,-2.6641883519206933,-2.6641883519206933,-2.6641883519206933,-2.6641883519206933,0,,,,,,,0
FMR_mfi13<20_pb<=0.0_bw40_pb_up_h4_mid0_s0.07,mean_rev,-1000000000.0,1,1,0.0,-2.6641883519206933,-2.6641883519206933,-2.6641883519206933,-2.6641883519206933,-2.6641883519206933,0,,,,,,,0
FMR_mfi13<20_pb<=0.0_bw40_pb_up_h4_mid1_s0.1,mean_rev,-1000000000.0,1,1,0.0,-0.495662949194553,-0.495662949194553,-0.495662949194553,-0.495662949194553,-0.495662949194553,0,,,,,,,0
FMR_mfi13<20_pb<=0.0_bw40_pb_up_h4_mid1_s0.07,mean_rev,-1000000000.0,1,1,0.0,-0.495662949194553,-0.495662949194553,-0.495662949194553,-0.495662949194553,-0.495662949194553,0,,,,,,,0
FMR_mfi13<20_pb<=0.0_bw40_both_h3_mid0_s0.1,mean_rev,-1000000000.0,1,0,,,,0.0,,,0,,,,,,,0
FMR_mfi13<20_pb<=0.0_bw40_both_h3_mid0_s0.07,mean_rev,-1000000000.0,1,0,,,,0.0,,,0,,,,,,,0
FMR_mfi13<20_pb<=0.0_bw40_both_h3_mid1_s0.1,mean_rev,-1000000000.0,1,0,,,,0.0,,,0,,,,,,,0
FMR_mfi13<20_pb<=0.0_bw40_both_h3_mid1_s0.07,mean_rev,-1000000000.0,1,0,,,,0.0,,,0,,,,,,,0
FMR_mfi14<20_pb<=0.15_squeeze_both_h2_mid0_s0.1,mean_rev,-1000000000.0,1,0,,,,0.0,,,0,,,,,,,0
FMR_mfi14<20_pb<=0.15_squeeze_both_h2_mid0_s0.07,mean_rev,-1000000000.0,1,0,,,,0.0,,,0,,,,,,,0
FMR_mfi14<20_pb<=0.15_squeeze_both_h2_mid1_s0.1,mean_rev,-1000000000.0,1,0,,,,0.0,,,0,,,,,,,0
FMR_mfi13<20_pb<=0.0_bw40_both_h2_mid1_s0.07,mean_rev,-1000000000.0,1,0,,,,0.0,,,0,,,,,,,0
FMR_mfi14<20_pb<=0.25_squeeze_pb_up_h3_mid0_s0.07,mean_rev,-1000000000.0,1,7,57.14285714285714,-0.2818730777346163,4.683596100925169,-4.232290029525842,9.433971108154516,-10.81081081081081,0,,,,,,,0
FMR_mfi14<20_pb<=0.25_squeeze_pb_up_h3_mid1_s0.1,mean_rev,-1000000000.0,1,7,57.14285714285714,-3.001390132388515,3.0898944050931076,-22.463046422664902,9.433971108154516,-18.172475409706614,0,,,,,,,0
FMR_mfi14<20_pb<=0.25_squeeze_pb_up_h3_mid1_s0.07,mean_rev,-1000000000.0,1,7,57.14285714285714,-0.8971435198697555,3.0898944050931076,-8.188019306419115,9.433971108154516,-11.46601146601146,0,,,,,,,0
FMR_mfi14<20_pb<=0.25_squeeze_pb_up_h2_mid0_s0.1,mean_rev,-1000000000.0,1,7,57.14285714285714,-1.4215632160236247,1.0126582278480845,-11.407588462271889,9.433971108154516,-11.46601146601146,0,,,,,,,0
FMR_mfi14<20_pb<=0.25_squeeze_pb_up_h2_mid0_s0.07,mean_rev,-1000000000.0,1,7,57.14285714285714,-1.4215632160236247,1.0126582278480845,-11.407588462271889,9.433971108154516,-11.46601146601146,0,,,,,,,0
FMR_mfi14<20_pb<=0.25_squeeze_pb_up_h2_mid1_s0.1,mean_rev,-1000000000.0,1,7,57.14285714285714,-1.4215632160236247,1.0126582278480845,-11.407588462271889,9.433971108154516,-11.46601146601146,0,,,,,,,0
FMR_mfi14<20_pb<=0.25_squeeze_pb_up_h2_mid1_s0.07,mean_rev,-1000000000.0,1,7,57.14285714285714,-1.4215632160236247,1.0126582278480845,-11.407588462271889,9.433971108154516,-11.46601146601146,0,,,,,,,0
FMR_mfi14<20_pb<=0.25_squeeze_none_h4_mid0_s0.1,mean_rev,-1000000000.0,1,31,58.06451612903226,3.864611425021641,2.784825956180481,142.36554609664535,48.28432354004492,-21.170607502592574,0,,,,,,,0
FMR_mfi14<20_pb<=0.25_squeeze_both_h2_mid0_s0.07,mean_rev,-1000000000.0,1,5,40.0,-3.3141070645087956,-8.521557427007743,-16.952170415836065,9.433971108154516,-11.46601146601146,0,,,,,,,0
FMR_mfi14<20_pb<=0.25_squeeze_both_h2_mid1_s0.1,mean_rev,-1000000000.0,1,5,40.0,-3.3141070645087956,-8.521557427007743,-16.952170415836065,9.433971108154516,-11.46601146601146,0,,,,,,,0
FMR_mfi14<20_pb<=0.25_squeeze_both_h2_mid1_s0.07,mean_rev,-1000000000.0,1,5,40.0,-3.3141070645087956,-8.521557427007743,-16.952170415836065,9.433971108154516,-11.46601146601146,0,,,,,,,0
FMR_mfi14<20_pb<=0.15_bw40_both_h3_mid1_s0.07,mean_rev,-1000000000.0,1,8,25.0,-2.170933774029757,-5.483637117057133,-18.828052713577947,17.7461156449759,-12.819447904934766,0,,,,,,,0
FMR_mfi14<20_pb<=0.25_squeeze_pb_up_h4_mid0_s0.07,mean_rev,-1000000000.0,1,7,57.14285714285714,-0.4728701173465434,2.784825956180481,-5.474450137262843,9.433971108154516,-10.81081081081081,0,,,,,,,0
FMR_mfi14<20_pb<=0.25_squeeze_pb_up_h4_mid1_s0.1,mean_rev,-1000000000.0,1,7,57.14285714285714,-3.717819314469141,2.784825956180481,-26.67425660643381,9.433971108154516,-19.712528904890945,0,,,,,,,0
FMR_mfi14<20_pb<=0.25_squeeze_pb_up_h4_mid1_s0.07,mean_rev,-1000000000.0,1,7,57.14285714285714,-1.1683963976904252,2.784825956180481,-9.853321745043564,9.433971108154516,-11.46601146601146,0,,,,,,,0
FMR_mfi14<20_pb<=0.25_squeeze_pb_up_h3_mid0_s0.1,mean_rev,-1000000000.0,1,7,57.14285714285714,-2.386119690253376,4.683596100925169,-19.122358257678805,9.433971108154516,-18.172475409706614,0,,,,,,,0
FMR_mfi14<20_pb<=0.15_bw40_both_h4_mid0_s0.1,mean_rev,-1000000000.0,1,8,25.0,-1.1639252962213327,-2.820971785269549,-11.85024989012431,17.7461156449759,-14.473674046774976,0,,,,,,,0
FMR_mfi14<20_pb<=0.15_bw40_both_h4_mid0_s0.07,mean_rev,-1000000000.0,1,8,25.0,-2.475539861318282,-3.4964613972918057,-21.320047393354848,17.7461156449759,-14.473674046774976,0,,,,,,,0
FMR_mfi14<20_pb<=0.15_bw40_both_h4_mid1_s0.1,mean_rev,-1000000000.0,1,8,25.0,-1.270037222249945,-2.820971785269549,-12.604955719600518,17.7461156449759,-14.473674046774976,0,,,,,,,0
FMR_mfi14<20_pb<=0.15_bw40_both_h4_mid1_s0.07,mean_rev,-1000000000.0,1,8,25.0,-2.5816517873468947,-3.4964613972918057,-21.993676289876174,17.7461156449759,-14.473674046774976,0,,,,,,,0
FMR_mfi14<20_pb<=0.15_bw40_both_h3_mid0_s0.1,mean_rev,-1000000000.0,1,8,25.0,-2.064821848001144,-5.483637117057133,-18.127086860062892,17.7461156449759,-12.819447904934766,0,,,,,,,0
FMR_mfi14<20_pb<=0.15_bw40_both_h3_mid0_s0.07,mean_rev,-1000000000.0,1,8,25.0,-2.064821848001144,-5.483637117057133,-18.127086860062892,17.7461156449759,-12.819447904934766,0,,,,,,,0
FMR_mfi14<20_pb<=0.15_bw40_both_h3_mid1_s0.1,mean_rev,-1000000000.0,1,8,25.0,-2.170933774029757,-5.483637117057133,-18.828052713577947,17.7461156449759,-12.819447904934766,0,,,,,,,0
FMR_mfi14<20_pb<=0.25_squeeze_pb_up_h4_mid0_s0.1,mean_rev,-1000000000.0,1,7,57.14285714285714,-3.0222930341252594,2.784825956180481,-23.11246129593555,9.433971108154516,-19.712528904890945,0,,,,,,,0
FMR_mfi14<25_pb<=0.0_squeeze_both_h2_mid0_s0.07,mean_rev,-1000000000.0,1,0,,,,0.0,,,0,,,,,,,0
FMR_mfi14<25_pb<=0.0_squeeze_both_h2_mid1_s0.1,mean_rev,-1000000000.0,1,0,,,,0.0,,,0,,,,,,,0
FMR_mfi14<25_pb<=0.0_squeeze_both_h2_mid1_s0.07,mean_rev,-1000000000.0,1,0,,,,0.0,,,0,,,,,,,0
FMR_mfi14<25_pb<=0.0_squeeze_pb_up_h4_mid0_s0.1,mean_rev,-1000000000.0,1,0,,,,0.0,,,0,,,,,,,0
FMR_mfi14<25_pb<=0.0_bw40_pb_up_h2_mid0_s0.07,mean_rev,-1000000000.0,1,1,0.0,-12.275215011727914,-12.275215011727914,-12.275215011727914,-12.275215011727914,-12.275215011727914,0,,,,,,,0
FMR_mfi14<25_pb<=0.0_bw40_pb_up_h2_mid1_s0.1,mean_rev,-1000000000.0,1,1,0.0,-12.275215011727914,-12.275215011727914,-12.275215011727914,-12.275215011727914,-12.275215011727914,0,,,,,,,0
FMR_mfi14<25_pb<=0.0_bw40_pb_up_h2_mid1_s0.07,mean_rev,-1000000000.0,1,1,0.0,-12.275215011727914,-12.275215011727914,-12.275215011727914,-12.275215011727914,-12.275215011727914,0,,,,,,,0
FMR_mfi14<25_pb<=0.0_squeeze_both_h4_mid0_s0.1,mean_rev,-1000000000.0,1,0,,,,0.0,,,0,,,,,,,0
FMR_mfi14<25_pb<=0.0_squeeze_both_h4_mid0_s0.07,mean_rev,-1000000000.0,1,0,,,,0.0,,,0,,,,,,,0
FMR_mfi14<25_pb<=0.0_squeeze_both_h4_mid1_s0.1,mean_rev,-1000000000.0,1,0,,,,0.0,,,0,,,,,,,0
FMR_mfi14<25_pb<=0.0_squeeze_both_h4_mid1_s0.07,mean_rev,-1000000000.0,1,0,,,,0.0,,,0,,,,,,,0
FMR_mfi14<20_pb<=0.25_bw40_both_h3_mid0_s0.1,mean_rev,-1000000000.0,1,21,33.33333333333333,-3.378574463715115,-6.362007168458783,-55.53672797033593,17.7461156449759,-18.172475409706614,0,,,,,,,0
FMR_mfi14<25_pb<=0.0_none_pb_up_h3_mid0_s0.07,mean_rev,-1000000000.0,1,33,66.66666666666666,0.7927824866664179,2.5454545454545396,-18.296638695920663,19.194312796208536,-50.0,0,,,,,,,0
FMR_mfi14<25_pb<=0.0_none_pb_up_h3_mid1_s0.1,mean_rev,-1000000000.0,1,33,63.63636363636363,0.2704818905123758,2.5454545454545396,-31.8899022173185,21.49068348559977,-50.0,0,,,,,,,0
FMR_mfi14<25_pb<=0.0_none_pb_up_h3_mid1_s0.07,mean_rev,-1000000000.0,1,33,63.63636363636363,0.2704818905123758,2.5454545454545396,-31.8899022173185,21.49068348559977,-50.0,0,,,,,,,0
FMR_mfi14<25_pb<=0.0_none_pb_up_h2_mid0_s0.1,mean_rev,-1000000000.0,1,33,60.60606060606061,0.6822224656761777,1.8278408245213873,-21.105945822630357,24.494745351657233,-50.0,0,,,,,,,0
FMR_mfi14<25_pb<=0.0_none_pb_up_h2_mid0_s0.07,mean_rev,-1000000000.0,1,33,60.60606060606061,0.6822224656761777,1.8278408245213873,-21.105945822630357,24.494745351657233,-50.0,0,,,,,,,0
FMR_mfi14<25_pb<=0.0_none_pb_up_h2_mid1_s0.1,mean_rev,-1000000000.0,1,33,60.60606060606061,0.6822224656761777,1.8278408245213873,-21.105945822630357,24.494745351657233,-50.0,0,,,,,,,0
FMR_mfi14<25_pb<=0.0_none_pb_up_h2_mid1_s0.07,mean_rev,-1000000000.0,1,33,60.60606060606061,0.6822224656761777,1.8278408245213873,-21.105945822630357,24.494745351657233,-50.0,0,,,,,,,0
FMR_mfi14<20_pb<=0.25_bw40_both_h4_mid0_s0.1,mean_rev,-1000000000.0,1,21,38.095238095238095,-2.0943654114152395,-3.315412186379929,-42.17211557810165,17.7461156449759,-19.712528904890945,0,,,,,,,0
FMR_mfi14<25_pb<=0.0_none_both_h2_mid0_s0.07,mean_rev,-1000000000.0,1,13,69.23076923076923,-0.8926754049601372,3.214897990419141,-39.548922516849785,24.494745351657233,-50.0,0,,,,,,,0
FMR_mfi14<25_pb<=0.0_none_both_h2_mid1_s0.1,mean_rev,-1000000000.0,1,13,69.23076923076923,-0.8926754049601372,3.214897990419141,-39.548922516849785,24.494745351657233,-50.0,0,,,,,,,0
FMR_mfi14<25_pb<=0.0_none_both_h2_mid1_s0.07,mean_rev,-1000000000.0,1,13,69.23076923076923,-0.8926754049601372,3.214897990419141,-39.548922516849785,24.494745351657233,-50.0,0,,,,,,,0
FMR_mfi14<25_pb<=0.0_squeeze_both_h3_mid0_s0.1,mean_rev,-1000000000.0,1,0,,,,0.0,,,0,,,,,,,0
FMR_mfi13<20_pb<=0.0_squeeze_none_h2_mid0_s0.07,mean_rev,-1000000000.0,1,5,40.0,-1.73270880927064,-3.649648257096738,-8.846550582359347,6.017690724180036,-6.639018627651582,0,,,,,,,0
FMR_mfi13<20_pb<=0.0_squeeze_none_h2_mid1_s0.1,mean_rev,-1000000000.0,1,5,40.0,-1.73270880927064,-3.649648257096738,-8.846550582359347,6.017690724180036,-6.639018627651582,0,,,,,,,0
FMR_mfi13<20_pb<=0.0_squeeze_none_h2_mid1_s0.07,mean_rev,-1000000000.0,1,5,40.0,-1.73270880927064,-3.649648257096738,-8.846550582359347,6.017690724180036,-6.639018627651582,0,,,,,,,0
FMR_mfi13<20_pb<=0.0_none_both_h4_mid0_s0.1,mean_rev,-1000000000.0,1,11,81.81818181818183,1.693956749984592,7.388395234865164,-20.373762213986414,30.02232142857142,-50.0,0,,,,,,,0
FMR_mfi14<25_pb<=0.0_squeeze_pb_up_h2_mid0_s0.07,mean_rev,-1000000000.0,1,0,,,,0.0,,,0,,,,,,,0
FMR_mfi14<25_pb<=0.0_squeeze_pb_up_h2_mid1_s0.1,mean_rev,-1000000000.0,1,0,,,,0.0,,,0,,,,,,,0
FMR_mfi14<25_pb<=0.0_squeeze_pb_up_h2_mid1_s0.07,mean_rev,-1000000000.0,1,0,,,,0.0,,,0,,,,,,,0
FMR_mfi14<25_pb<=0.0_squeeze_none_h4_mid0_s0.1,mean_rev,-1000000000.0,1,6,83.33333333333334,9.800293578048556,8.806254560881177,68.90293842166832,26.46370309298156,-6.639018627651582,0,,,,,,,0
FMR_mfi14<25_pb<=0.0_squeeze_none_h4_mid0_s0.07,mean_rev,-1000000000.0,1,6,83.33333333333334,9.800293578048556,8.806254560881177,68.90293842166832,26.46370309298156,-6.639018627651582,0,,,,,,,0
FMR_mfi14<25_pb<=0.0_squeeze_none_h4_mid1_s0.1,mean_rev,-1000000000.0,1,6,83.33333333333334,7.962719257539646,3.7342918421631177,53.032487178814634,26.46370309298156,-6.639018627651582,0,,,,,,,0
FMR_mfi14<25_pb<=0.0_squeeze_none_h4_mid1_s0.07,mean_rev,-1000000000.0,1,6,83.33333333333334,7.962719257539646,3.7342918421631177,53.032487178814634,26.46370309298156,-6.639018627651582,0,,,,,,,0
FMR_mfi14<25_pb<=0.0_squeeze_both_h2_mid0_s0.1,mean_rev,-1000000000.0,1,0,,,,0.0,,,0,,,,,,,0
FMR_mfi14<25_pb<=0.0_squeeze_pb_up_h4_mid0_s0.07,mean_rev,-1000000000.0,1,0,,,,0.0,,,0,,,,,,,0
FMR_mfi14<25_pb<=0.0_squeeze_pb_up_h4_mid1_s0.1,mean_rev,-1000000000.0,1,0,,,,0.0,,,0,,,,,,,0
FMR_mfi14<25_pb<=0.0_squeeze_pb_up_h4_mid1_s0.07,mean_rev,-1000000000.0,1,0,,,,0.0,,,0,,,,,,,0
FMR_mfi14<25_pb<=0.0_squeeze_pb_up_h3_mid0_s0.1,mean_rev,-1000000000.0,1,0,,,,0.0,,,0,,,,,,,0
FMR_mfi14<25_pb<=0.0_squeeze_pb_up_h3_mid0_s0.07,mean_rev,-1000000000.0,1,0,,,,0.0,,,0,,,,,,,0
FMR_mfi14<25_pb<=0.0_squeeze_pb_up_h3_mid1_s0.1,mean_rev,-1000000000.0,1,0,,,,0.0,,,0,,,,,,,0
FMR_mfi14<25_pb<=0.0_squeeze_pb_up_h3_mid1_s0.07,mean_rev,-1000000000.0,1,0,,,,0.0,,,0,,,,,,,0
FMR_mfi14<25_pb<=0.0_squeeze_pb_up_h2_mid0_s0.1,mean_rev,-1000000000.0,1,0,,,,0.0,,,0,,,,,,,0
FMR_mfi14<25_pb<=0.0_squeeze_both_h3_mid0_s0.07,mean_rev,-1000000000.0,1,0,,,,0.0,,,0,,,,,,,0
FMR_mfi14<25_pb<=0.0_squeeze_both_h3_mid1_s0.1,mean_rev,-1000000000.0,1,0,,,,0.0,,,0,,,,,,,0
FMR_mfi14<25_pb<=0.0_squeeze_both_h3_mid1_s0.07,mean_rev,-1000000000.0,1,0,,,,0.0,,,0,,,,,,,0
FMR_mfi14<25_pb<=0.0_squeeze_none_h3_mid0_s0.1,mean_rev,-1000000000.0,1,6,66.66666666666666,7.487281214736237,4.156508444959906,48.50892880141553,26.46370309298156,-6.639018627651582,0,,,,,,,0
FMR_mfi13<20_pb<=0.0_squeeze_pb_up_h2_mid0_s0.07,mean_rev,-1000000000.0,1,0,,,,0.0,,,0,,,,,,,0
FMR_mfi13<20_pb<=0.0_squeeze_pb_up_h2_mid1_s0.1,mean_rev,-1000000000.0,1,0,,,,0.0,,,0,,,,,,,0
FMR_mfi13<20_pb<=0.0_squeeze_pb_up_h2_mid1_s0.07,mean_rev,-1000000000.0,1,0,,,,0.0,,,0,,,,,,,0
FMR_mfi13<20_pb<=0.0_squeeze_none_h4_mid0_s0.1,mean_rev,-1000000000.0,1,5,60.0,3.057823632151415,1.4508929601461995,13.61696707103841,21.238940843037703,-6.639018627651582,0,,,,,,,0
FMR_mfi13<20_pb<=0.0_squeeze_both_h2_mid0_s0.07,mean_rev,-1000000000.0,1,0,,,,0.0,,,0,,,,,,,0
FMR_mfi13<20_pb<=0.0_squeeze_both_h2_mid1_s0.1,mean_rev,-1000000000.0,1,0,,,,0.0,,,0,,,,,,,0
FMR_mfi13<20_pb<=0.0_squeeze_both_h2_mid1_s0.07,mean_rev,-1000000000.0,1,0,,,,0.0,,,0,,,,,,,0
FMR_mfi13<20_pb<=0.0_squeeze_pb_up_h4_mid0_s0.1,mean_rev,-1000000000.0,1,0,,,,0.0,,,0,,,,,,,0
FMR_mfi13<20_pb<=0.0_squeeze_pb_up_h4_mid0_s0.07,mean_rev,-1000000000.0,1,0,,,,0.0,,,0,,,,,,,0
FMR_mfi13<20_pb<=0.0_squeeze_pb_up_h4_mid1_s0.1,mean_rev,-1000000000.0,1,0,,,,0.0,,,0,,,,,,,0
FMR_mfi13<20_pb<=0.0_squeeze_pb_up_h4_mid1_s0.07,mean_rev,-1000000000.0,1,0,,,,0.0,,,0,,,,,,,0
FMR_mfi14<25_pb<=0.0_none_pb_up_h4_mid0_s0.1,mean_rev,-1000000000.0,1,33,69.6969696969697,2.5038538009788702,3.644569303607059,37.13206962385813,30.02232142857142,-50.0,0,,,,,,,0
FMR_mfi13<20_pb<=0.0_squeeze_both_h4_mid0_s0.07,mean_rev,-1000000000.0,1,0,,,,0.0,,,0,,,,,,,0
FMR_mfi13<20_pb<=0.0_squeeze_both_h4_mid1_s0.1,mean_rev,-1000000000.0,1,0,,,,0.0,,,0,,,,,,,0
FMR_mfi13<20_pb<=0.0_squeeze_both_h4_mid1_s0.07,mean_rev,-1000000000.0,1,0,,,,0.0,,,0,,,,,,,0
FMR_mfi13<20_pb<=0.0_squeeze_both_h3_mid0_s0.1,mean_rev,-1000000000.0,1,0,,,,0.0,,,0,,,,,,,0
FMR_mfi13<20_pb<=0.0_squeeze_both_h3_mid0_s0.07,mean_rev,-1000000000.0,1,0,,,,0.0,,,0,,,,,,,0
FMR_mfi13<20_pb<=0.0_squeeze_both_h3_mid1_s0.1,mean_rev,-1000000000.0,1,0,,,,0.0,,,0,,,,,,,0
FMR_mfi13<20_pb<=0.0_squeeze_both_h3_mid1_s0.07,mean_rev,-1000000000.0,1,0,,,,0.0,,,0,,,,,,,0
FMR_mfi13<20_pb<=0.0_squeeze_both_h2_mid0_s0.1,mean_rev,-1000000000.0,1,0,,,,0.0,,,0,,,,,,,0
FMR_mfi14<20_pb<=0.25_bw40_both_h4_mid0_s0.07,mean_rev,-1000000000.0,1,21,38.095238095238095,-1.9650453440852547,-3.6775106082036824,-39.757875090771265,17.7461156449759,-14.473674046774976,0,,,,,,,0
FMR_mfi14<20_pb<=0.25_bw40_both_h4_mid1_s0.1,mean_rev,-1000000000.0,1,21,42.857142857142854,-1.7749672515398809,-2.3265313841591695,-38.04415545492187,17.7461156449759,-19.712528904890945,0,,,,,,,0
FMR_mfi14<20_pb<=0.25_bw40_both_h4_mid1_s0.07,mean_rev,-1000000000.0,1,21,42.857142857142854,-1.6456471842098956,-3.315412186379929,-35.45757789250922,17.7461156449759,-14.473674046774976,0,,,,,,,0
FMR_mfi13<20_pb<=0.0_squeeze_pb_up_h3_mid0_s0.1,mean_rev,-1000000000.0,1,0,,,,0.0,,,0,,,,,,,0
FMR_mfi14<25_pb<=0.0_none_pb_up_h4_mid0_s0.07,mean_rev,-1000000000.0,1,33,69.6969696969697,2.3703469004956847,3.644569303607059,30.71441008589946,30.02232142857142,-50.0,0,,,,,,,0
FMR_mfi14<25_pb<=0.0_none_pb_up_h4_mid1_s0.1,mean_rev,-1000000000.0,1,33,69.6969696969697,1.0903924809533128,2.7072849878734484,-11.157267155235617,21.49068348559977,-50.0,0,,,,,,,0
FMR_mfi14<25_pb<=0.0_none_pb_up_h4_mid1_s0.07,mean_rev,-1000000000.0,1,33,69.6969696969697,0.9568855804701271,2.7072849878734484,-15.315028453401913,21.49068348559977,-50.0,0,,,,,,,0
FMR_mfi14<25_pb<=0.0_none_pb_up_h3_mid0_s0.1,mean_rev,-1000000000.0,1,33,66.66666666666666,0.7927824866664179,2.5454545454545396,-18.296638695920663,19.194312796208536,-50.0,0,,,,,,,0
FMR_mfi14<25_pb<=0.0_none_both_h4_mid0_s0.07,mean_rev,-1000000000.0,1,13,76.92307692307693,2.09916548821659,7.388395234865164,-14.669089199420004,30.02232142857142,-50.0,0,,,,,,,0
FMR_mfi14<25_pb<=0.0_none_both_h4_mid1_s0.1,mean_rev,-1000000000.0,1,13,76.92307692307693,-0.12412177102186016,3.644569303607059,-33.51102245062682,18.835893290218266,-50.0,0,,,,,,,0
FMR_mfi14<25_pb<=0.0_none_both_h4_mid1_s0.07,mean_rev,-1000000000.0,1,13,76.92307692307693,-0.19219537031501382,3.644569303607059,-34.14880715092996,18.835893290218266,-50.0,0,,,,,,,0
FMR_mfi14<25_pb<=0.0_none_both_h3_mid0_s0.1,mean_rev,-1000000000.0,1,13,61.53846153846154,-1.9688251914527142,2.7072849878734484,-47.68719406634081,18.835893290218266,-50.0,0,,,,,,,0
FMR_mfi14<25_pb<=0.0_none_both_h3_mid0_s0.07,mean_rev,-1000000000.0,1,13,61.53846153846154,-1.9688251914527142,2.7072849878734484,-47.68719406634081,18.835893290218266,-50.0,0,,,,,,,0
FMR_mfi14<25_pb<=0.0_none_both_h3_mid1_s0.1,mean_rev,-1000000000.0,1,13,61.53846153846154,-1.9201766744961417,2.7072849878734484,-47.39337179674946,18.835893290218266,-50.0,0,,,,,,,0
FMR_mfi14<25_pb<=0.0_none_both_h3_mid1_s0.07,mean_rev,-1000000000.0,1,13,61.53846153846154,-1.9201766744961417,2.7072849878734484,-47.39337179674946,18.835893290218266,-50.0,0,,,,,,,0
FMR_mfi13<20_pb<=0.0_squeeze_pb_up_h2_mid0_s0.1,mean_rev,-1000000000.0,1,0,,,,0.0,,,0,,,,,,,0
FMR_mfi14<25_pb<=0.0_squeeze_none_h3_mid0_s0.07,mean_rev,-1000000000.0,1,6,66.66666666666666,7.487281214736237,4.156508444959906,48.50892880141553,26.46370309298156,-6.639018627651582,0,,,,,,,0
FMR_mfi14<25_pb<=0.0_squeeze_none_h3_mid1_s0.1,mean_rev,-1000000000.0,1,6,66.66666666666666,7.251292144377823,3.448541233884661,46.551637459899254,26.46370309298156,-6.639018627651582,0,,,,,,,0
FMR_mfi14<25_pb<=0.0_squeeze_none_h3_mid1_s0.07,mean_rev,-1000000000.0,1,6,66.66666666666666,7.251292144377823,3.448541233884661,46.551637459899254,26.46370309298156,-6.639018627651582,0,,,,,,,0
FMR_mfi14<25_pb<=0.0_squeeze_none_h2_mid0_s0.1,mean_rev,-1000000000.0,1,6,50.0,5.166905450615781,2.2550785832003317,30.80372317842548,26.46370309298156,-6.639018627651582,0,,,,,,,0
FMR_mfi14<25_pb<=0.0_squeeze_none_h2_mid0_s0.07,mean_rev,-1000000000.0,1,6,50.0,5.166905450615781,2.2550785832003317,30.80372317842548,26.46370309298156,-6.639018627651582,0,,,,,,,0
FMR_mfi14<25_pb<=0.0_squeeze_none_h2_mid1_s0.1,mean_rev,-1000000000.0,1,6,50.0,5.166905450615781,2.2550785832003317,30.80372317842548,26.46370309298156,-6.639018627651582,0,,,,,,,0
FMR_mfi14<25_pb<=0.0_squeeze_none_h2_mid1_s0.07,mean_rev,-1000000000.0,1,6,50.0,5.166905450615781,2.2550785832003317,30.80372317842548,26.46370309298156,-6.639018627651582,0,,,,,,,0
FMR_mfi14<25_pb<=0.0_none_both_h4_mid0_s0.1,mean_rev,-1000000000.0,1,13,76.92307692307693,2.1672390875097434,7.388395234865164,-13.842638728032508,30.02232142857142,-50.0,0,,,,,,,0
FMR_mfi13<20_pb<=0.0_squeeze_pb_up_h3_mid0_s0.07,mean_rev,-1000000000.0,1,0,,,,0.0,,,0,,,,,,,0
FMR_mfi13<20_pb<=0.0_squeeze_pb_up_h3_mid1_s0.1,mean_rev,-1000000000.0,1,0,,,,0.0,,,0,,,,,,,0
FMR_mfi13<20_pb<=0.0_squeeze_pb_up_h3_mid1_s0.07,mean_rev,-1000000000.0,1,0,,,,0.0,,,0,,,,,,,0
FMR_mfi14<25_pb<=0.0_none_both_h2_mid0_s0.1,mean_rev,-1000000000.0,1,13,69.23076923076923,-0.8926754049601372,3.214897990419141,-39.548922516849785,24.494745351657233,-50.0,0,,,,,,,0
FMR_mfi14<20_pb<=0.0_squeeze_none_h2_mid0_s0.1,mean_rev,-1000000000.0,1,3,66.66666666666666,3.651994557946673,6.017690724180036,10.43828183165203,11.577311577311566,-6.639018627651582,0,,,,,,,0
FMR_mfi14<20_pb<=0.0_squeeze_none_h2_mid0_s0.07,mean_rev,-1000000000.0,1,3,66.66666666666666,3.651994557946673,6.017690724180036,10.43828183165203,11.577311577311566,-6.639018627651582,0,,,,,,,0
FMR_mfi14<20_pb<=0.0_squeeze_none_h2_mid1_s0.1,mean_rev,-1000000000.0,1,3,66.66666666666666,3.651994557946673,6.017690724180036,10.43828183165203,11.577311577311566,-6.639018627651582,0,,,,,,,0
FMR_mfi14<20_pb<=0.0_squeeze_none_h2_mid1_s0.07,mean_rev,-1000000000.0,1,3,66.66666666666666,3.651994557946673,6.017690724180036,10.43828183165203,11.577311577311566,-6.639018627651582,0,,,,,,,0
FMR_mfi14<20_pb<=0.0_none_both_h4_mid0_s0.1,mean_rev,-1000000000.0,1,6,66.66666666666666,-7.432324757082864,2.3856649334936697,-55.84608516101952,30.02232142857142,-50.0,0,,,,,,,0
FMR_mfi14<20_pb<=0.0_none_both_h4_mid0_s0.07,mean_rev,-1000000000.0,1,6,66.66666666666666,-7.432324757082864,2.3856649334936697,-55.84608516101952,30.02232142857142,-50.0,0,,,,,,,0
FMR_mfi14<20_pb<=0.0_none_both_h4_mid1_s0.1,mean_rev,-1000000000.0,1,6,66.66666666666666,-10.58832838199328,2.3856649334936697,-62.27419739573428,13.169642857142861,-50.0,0,,,,,,,0
FMR_mfi14<20_pb<=0.0_squeeze_pb_up_h2_mid1_s0.07,mean_rev,-1000000000.0,1,0,,,,0.0,,,0,,,,,,,0
FMR_mfi14<20_pb<=0.0_squeeze_none_h4_mid0_s0.1,mean_rev,-1000000000.0,1,3,66.66666666666666,10.253846125667424,16.161616161616156,31.483176487854614,21.238940843037703,-6.639018627651582,0,,,,,,,0
FMR_mfi14<20_pb<=0.0_squeeze_none_h4_mid0_s0.07,mean_rev,-1000000000.0,1,3,66.66666666666666,10.253846125667424,16.161616161616156,31.483176487854614,21.238940843037703,-6.639018627651582,0,,,,,,,0
FMR_mfi14<20_pb<=0.15_squeeze_both_h2_mid1_s0.07,mean_rev,-1000000000.0,1,0,,,,0.0,,,0,,,,,,,0
FMR_mfi14<20_pb<=0.0_squeeze_none_h4_mid1_s0.07,mean_rev,-1000000000.0,1,3,66.66666666666666,6.578697484649605,6.017690724180036,19.1287594409673,20.357420357420363,-6.639018627651582,0,,,,,,,0
FMR_mfi14<20_pb<=0.0_squeeze_none_h3_mid0_s0.1,mean_rev,-1000000000.0,1,3,66.66666666666666,7.050675625366436,7.433625146330525,20.71980061540102,20.357420357420363,-6.639018627651582,0,,,,,,,0
FMR_mfi14<20_pb<=0.0_squeeze_none_h3_mid0_s0.07,mean_rev,-1000000000.0,1,3,66.66666666666666,7.050675625366436,7.433625146330525,20.71980061540102,20.357420357420363,-6.639018627651582,0,,,,,,,0
FMR_mfi14<20_pb<=0.0_squeeze_none_h3_mid1_s0.1,mean_rev,-1000000000.0,1,3,66.66666666666666,6.578697484649605,6.017690724180036,19.1287594409673,20.357420357420363,-6.639018627651582,0,,,,,,,0
FMR_mfi14<20_pb<=0.0_squeeze_pb_up_h4_mid1_s0.07,mean_rev,-1000000000.0,1,0,,,,0.0,,,0,,,,,,,0
FMR_mfi14<20_pb<=0.0_squeeze_pb_up_h3_mid0_s0.1,mean_rev,-1000000000.0,1,0,,,,0.0,,,0,,,,,,,0
FMR_mfi14<20_pb<=0.0_squeeze_pb_up_h3_mid0_s0.07,mean_rev,-1000000000.0,1,0,,,,0.0,,,0,,,,,,,0
FMR_mfi14<20_pb<=0.0_squeeze_pb_up_h3_mid1_s0.1,mean_rev,-1000000000.0,1,0,,,,0.0,,,0,,,,,,,0
FMR_mfi14<20_pb<=0.0_squeeze_pb_up_h3_mid1_s0.07,mean_rev,-1000000000.0,1,0,,,,0.0,,,0,,,,,,,0
FMR_mfi14<20_pb<=0.0_squeeze_pb_up_h2_mid0_s0.1,mean_rev,-1000000000.0,1,0,,,,0.0,,,0,,,,,,,0
FMR_mfi14<20_pb<=0.0_squeeze_pb_up_h2_mid0_s0.07,mean_rev,-1000000000.0,1,0,,,,0.0,,,0,,,,,,,0
FMR_mfi14<20_pb<=0.0_squeeze_none_h4_mid1_s0.1,mean_rev,-1000000000.0,1,3,66.66666666666666,6.578697484649605,6.017690724180036,19.1287594409673,20.357420357420363,-6.639018627651582,0,,,,,,,0
FMR_mfi14<20_pb<=0.0_squeeze_both_h4_mid1_s0.07,mean_rev,-1000000000.0,1,0,,,,0.0,,,0,,,,,,,0
FMR_mfi14<20_pb<=0.0_squeeze_both_h3_mid0_s0.1,mean_rev,-1000000000.0,1,0,,,,0.0,,,0,,,,,,,0
FMR_mfi14<20_pb<=0.0_squeeze_both_h3_mid0_s0.07,mean_rev,-1000000000.0,1,0,,,,0.0,,,0,,,,,,,0
FMR_mfi14<20_pb<=0.0_squeeze_both_h3_mid1_s0.1,mean_rev,-1000000000.0,1,0,,,,0.0,,,0,,,,,,,0
FMR_mfi14<20_pb<=0.0_bw40_none_h4_mid1_s0.07,mean_rev,-1000000000.0,1,32,62.5,1.8309555768898658,2.7696727644925256,59.740244848904055,20.357420357420363,-16.184978683994434,0,,,,,,,0
FMR_mfi14<20_pb<=0.0_bw40_none_h3_mid0_s0.1,mean_rev,-1000000000.0,1,32,71.875,2.5349006129211378,3.2347140977176503,100.12775128254133,20.357420357420363,-12.175633124298347,0,,,,,,,0
FMR_mfi14<20_pb<=0.0_bw40_none_h3_mid0_s0.07,mean_rev,-1000000000.0,1,32,68.75,2.36112449029849,3.1560034530399905,90.2105887003247,20.357420357420363,-10.557939914163095,0,,,,,,,0
FMR_mfi14<20_pb<=0.0_bw40_none_h3_mid1_s0.1,mean_rev,-1000000000.0,1,32,68.75,2.027368303625654,2.5321184911027528,70.62200752986647,20.357420357420363,-12.175633124298347,0,,,,,,,0
FMR_mfi14<20_pb<=0.0_bw40_none_h3_mid1_s0.07,mean_rev,-1000000000.0,1,32,65.625,1.8535921810030065,1.9512694448288403,62.166977290761906,20.357420357420363,-10.557939914163095,0,,,,,,,0
FMR_mfi14<20_pb<=0.0_bw40_none_h2_mid0_s0.1,mean_rev,-1000000000.0,1,32,56.25,1.70977211583793,1.7173544929629414,61.31833289765232,13.306719893546237,-8.891878589837788,0,,,,,,,0
FMR_mfi14<20_pb<=0.0_bw40_none_h2_mid0_s0.07,mean_rev,-1000000000.0,1,32,56.25,1.70977211583793,1.7173544929629414,61.31833289765232,13.306719893546237,-8.891878589837788,0,,,,,,,0
FMR_mfi14<20_pb<=0.0_squeeze_none_h3_mid1_s0.07,mean_rev,-1000000000.0,1,3,66.66666666666666,6.578697484649605,6.017690724180036,19.1287594409673,20.357420357420363,-6.639018627651582,0,,,,,,,0
FMR_mfi14<20_pb<=0.0_bw40_pb_up_h3_mid1_s0.07,mean_rev,-1000000000.0,1,0,,,,0.0,,,0,,,,,,,0
FMR_mfi14<20_pb<=0.0_bw40_pb_up_h2_mid0_s0.1,mean_rev,-1000000000.0,1,0,,,,0.0,,,0,,,,,,,0
FMR_mfi14<20_pb<=0.0_bw40_pb_up_h2_mid0_s0.07,mean_rev,-1000000000.0,1,0,,,,0.0,,,0,,,,,,,0
FMR_mfi14<20_pb<=0.0_bw40_pb_up_h2_mid1_s0.1,mean_rev,-1000000000.0,1,0,,,,0.0,,,0,,,,,,,0
FMR_mfi14<20_pb<=0.0_bw40_pb_up_h2_mid1_s0.07,mean_rev,-1000000000.0,1,0,,,,0.0,,,0,,,,,,,0
FMR_mfi14<20_pb<=0.0_bw40_none_h4_mid0_s0.1,mean_rev,-1000000000.0,1,32,65.625,2.9651031390450857,2.948039818292847,120.91566906978186,21.56862400078159,-16.184978683994434,0,,,,,,,0
FMR_mfi14<20_pb<=0.0_bw40_none_h4_mid0_s0.07,mean_rev,-1000000000.0,1,32,65.625,3.0200143440061926,2.948039818292847,125.3776358996066,21.56862400078159,-16.184978683994434,0,,,,,,,0
FMR_mfi14<20_pb<=0.0_bw40_none_h4_mid1_s0.1,mean_rev,-1000000000.0,1,32,62.5,1.7760443719287589,2.7696727644925256,56.57774972795344,20.357420357420363,-16.184978683994434,0,,,,,,,0
FMR_mfi14<20_pb<=0.0_bw40_pb_up_h3_mid0_s0.1,mean_rev,-1000000000.0,1,0,,,,0.0,,,0,,,,,,,0
FMR_mfi14<20_pb<=0.0_bw40_pb_up_h3_mid0_s0.07,mean_rev,-1000000000.0,1,0,,,,0.0,,,0,,,,,,,0
FMR_mfi14<20_pb<=0.0_bw40_pb_up_h3_mid1_s0.1,mean_rev,-1000000000.0,1,0,,,,0.0,,,0,,,,,,,0
FMR_mfi14<20_pb<=0.0_bw40_none_h2_mid1_s0.1,mean_rev,-1000000000.0,1,32,56.25,1.70977211583793,1.7173544929629414,61.31833289765232,13.306719893546237,-8.891878589837788,0,,,,,,,0
FMR_mfi14<20_pb<=0.0_none_both_h2_mid1_s0.07,mean_rev,-1000000000.0,1,6,50.0,-12.160759472349882,-2.331628337576136,-65.68699282436282,13.169642857142861,-50.0,0,,,,,,,0
FMR_mfi14<20_pb<=0.0_none_pb_up_h4_mid0_s0.1,mean_rev,-1000000000.0,1,18,66.66666666666666,0.7446676090592501,3.540201249856001,-26.163202189357882,30.02232142857142,-50.0,0,,,,,,,0
FMR_mfi14<20_pb<=0.0_none_pb_up_h4_mid0_s0.07,mean_rev,-1000000000.0,1,18,66.66666666666666,0.7446676090592501,3.540201249856001,-26.163202189357882,30.02232142857142,-50.0,0,,,,,,,0
FMR_mfi14<20_pb<=0.0_none_pb_up_h4_mid1_s0.1,mean_rev,-1000000000.0,1,18,66.66666666666666,-1.2947739018304105,3.0473672311404854,-47.50046915397774,21.49068348559977,-50.0,0,,,,,,,0
FMR_mfi14<20_pb<=0.0_none_pb_up_h4_mid1_s0.07,mean_rev,-1000000000.0,1,18,66.66666666666666,-1.2947739018304105,3.0473672311404854,-47.50046915397774,21.49068348559977,-50.0,0,,,,,,,0
FMR_mfi14<20_pb<=0.0_none_pb_up_h3_mid0_s0.1,mean_rev,-1000000000.0,1,18,61.111111111111114,-1.3163219815371738,2.5824901749239015,-47.00449331362125,19.194312796208536,-50.0,0,,,,,,,0
FMR_mfi14<20_pb<=0.0_none_pb_up_h3_mid0_s0.07,mean_rev,-1000000000.0,1,18,61.111111111111114,-1.3163219815371738,2.5824901749239015,-47.00449331362125,19.194312796208536,-50.0,0,,,,,,,0
FMR_mfi14<20_pb<=0.0_none_pb_up_h3_mid1_s0.1,mean_rev,-1000000000.0,1,18,55.55555555555556,-2.2738730744862505,1.679909157122983,-55.82153433053693,21.49068348559977,-50.0,0,,,,,,,0
FMR_mfi14<20_pb<=0.0_none_both_h4_mid1_s0.07,mean_rev,-1000000000.0,1,6,66.66666666666666,-10.58832838199328,2.3856649334936697,-62.27419739573428,13.169642857142861,-50.0,0,,,,,,,0
FMR_mfi14<20_pb<=0.0_none_both_h3_mid0_s0.1,mean_rev,-1000000000.0,1,6,33.33333333333333,-13.78805330126584,-6.897294464106291,-68.97806512614464,12.500018474305442,-50.0,0,,,,,,,0
FMR_mfi14<20_pb<=0.0_none_both_h3_mid0_s0.07,mean_rev,-1000000000.0,1,6,33.33333333333333,-13.78805330126584,-6.897294464106291,-68.97806512614464,12.500018474305442,-50.0,0,,,,,,,0
FMR_mfi14<20_pb<=0.0_squeeze_pb_up_h2_mid1_s0.1,mean_rev,-1000000000.0,1,0,,,,0.0,,,0,,,,,,,0
FMR_mfi14<20_pb<=0.0_none_both_h3_mid1_s0.07,mean_rev,-1000000000.0,1,6,33.33333333333333,-13.682648181193265,-6.897294464106291,-68.80382604358978,13.169642857142861,-50.0,0,,,,,,,0
FMR_mfi14<20_pb<=0.0_none_both_h2_mid0_s0.1,mean_rev,-1000000000.0,1,6,50.0,-12.160759472349882,-2.331628337576136,-65.68699282436282,13.169642857142861,-50.0,0,,,,,,,0
FMR_mfi14<20_pb<=0.0_none_both_h2_mid0_s0.07,mean_rev,-1000000000.0,1,6,50.0,-12.160759472349882,-2.331628337576136,-65.68699282436282,13.169642857142861,-50.0,0,,,,,,,0
FMR_mfi14<20_pb<=0.0_none_both_h2_mid1_s0.1,mean_rev,-1000000000.0,1,6,50.0,-12.160759472349882,-2.331628337576136,-65.68699282436282,13.169642857142861,-50.0,0,,,,,,,0
FMR_mfi13<30_pb<=0.25_squeeze_pb_up_h4_mid1_s0.07,mean_rev,-1000000000.0,1,33,69.6969696969697,6.995810272785162,6.4903882525616075,512.2390629526141,80.29505332165698,-18.33648393194707,0,,,,,,,0
FMR_mfi13<30_pb<=0.25_squeeze_pb_up_h3_mid0_s0.1,mean_rev,-1000000000.0,1,33,72.72727272727273,7.074626776999532,6.97116051077995,510.96121256206703,80.29505332165698,-23.740996791549527,0,,,,,,,0
FMR_mfi13<30_pb<=0.25_squeeze_pb_up_h3_mid0_s0.07,mean_rev,-1000000000.0,1,33,72.72727272727273,7.5209821190489645,6.97116051077995,623.4429064372218,80.29505332165698,-23.740996791549527,0,,,,,,,0
FMR_mfi13<30_pb<=0.25_squeeze_pb_up_h3_mid1_s0.1,mean_rev,-1000000000.0,1,33,69.6969696969697,6.473940555482827,6.4903882525616075,408.419414503523,80.29505332165698,-23.740996791549527,0,,,,,,,0
FMR_mfi13<30_pb<=0.25_squeeze_pb_up_h3_mid1_s0.07,mean_rev,-1000000000.0,1,33,69.6969696969697,6.920295897532261,6.4903882525616075,502.0225365455158,80.29505332165698,-23.740996791549527,0,,,,,,,0
FMR_mfi13<30_pb<=0.25_squeeze_pb_up_h2_mid0_s0.1,mean_rev,-1000000000.0,1,33,60.60606060606061,3.575767561406775,3.0898944050931076,132.6754092182763,80.29505332165698,-16.235294117647058,0,,,,,,,0
FMR_mfi13<30_pb<=0.25_squeeze_pb_up_h2_mid0_s0.07,mean_rev,-1000000000.0,1,33,60.60606060606061,3.575767561406775,3.0898944050931076,132.6754092182763,80.29505332165698,-16.235294117647058,0,,,,,,,0
FMR_mfi14<20_pb<=0.0_none_both_h3_mid1_s0.1,mean_rev,-1000000000.0,1,6,33.33333333333333,-13.682648181193265,-6.897294464106291,-68.80382604358978,13.169642857142861,-50.0,0,,,,,,,0
FMR_mfi14<20_pb<=0.0_squeeze_both_h3_mid1_s0.07,mean_rev,-1000000000.0,1,0,,,,0.0,,,0,,,,,,,0
FMR_mfi14<20_pb<=0.0_squeeze_both_h2_mid0_s0.1,mean_rev,-1000000000.0,1,0,,,,0.0,,,0,,,,,,,0
FMR_mfi14<20_pb<=0.0_squeeze_both_h2_mid0_s0.07,mean_rev,-1000000000.0,1,0,,,,0.0,,,0,,,,,,,0
FMR_mfi14<20_pb<=0.0_squeeze_both_h2_mid1_s0.1,mean_rev,-1000000000.0,1,0,,,,0.0,,,0,,,,,,,0
FMR_mfi14<20_pb<=0.0_squeeze_both_h2_mid1_s0.07,mean_rev,-1000000000.0,1,0,,,,0.0,,,0,,,,,,,0
FMR_mfi14<20_pb<=0.0_squeeze_pb_up_h4_mid0_s0.1,mean_rev,-1000000000.0,1,0,,,,0.0,,,0,,,,,,,0
FMR_mfi14<20_pb<=0.0_squeeze_pb_up_h4_mid0_s0.07,mean_rev,-1000000000.0,1,0,,,,0.0,,,0,,,,,,,0
FMR_mfi14<20_pb<=0.0_squeeze_pb_up_h4_mid1_s0.1,mean_rev,-1000000000.0,1,0,,,,0.0,,,0,,,,,,,0
FMR_mfi13<20_pb<=0.15_bw40_pb_up_h3_mid1_s0.07,mean_rev,-1000000000.0,1,11,27.27272727272727,-0.9821298760635665,-1.6977888681703468,-13.446812032845179,17.7461156449759,-12.819447904934766,0,,,,,,,0
FMR_mfi13<20_pb<=0.15_bw40_pb_up_h2_mid0_s0.1,mean_rev,-1000000000.0,1,11,45.45454545454545,1.3808015819805457,-0.3591905932929129,13.509348846851887,17.7461156449759,-6.602770586696927,0,,,,,,,0
FMR_mfi13<20_pb<=0.15_bw40_pb_up_h2_mid0_s0.07,mean_rev,-1000000000.0,1,11,45.45454545454545,1.3808015819805457,-0.3591905932929129,13.509348846851887,17.7461156449759,-6.602770586696927,0,,,,,,,0
FMR_mfi13<20_pb<=0.15_bw40_pb_up_h3_mid1_s0.1,mean_rev,-1000000000.0,1,11,27.27272727272727,-0.9821298760635665,-1.6977888681703468,-13.446812032845179,17.7461156449759,-12.819447904934766,0,,,,,,,0
FMR_mfi13<20_pb<=0.15_bw40_pb_up_h2_mid1_s0.07,mean_rev,-1000000000.0,1,11,45.45454545454545,1.3808015819805457,-0.3591905932929129,13.509348846851887,17.7461156449759,-6.602770586696927,0,,,,,,,0
FMR_mfi13<20_pb<=0.15_squeeze_both_h4_mid0_s0.1,mean_rev,-1000000000.0,1,0,,,,0.0,,,0,,,,,,,0
FMR_mfi13<20_pb<=0.15_squeeze_both_h4_mid0_s0.07,mean_rev,-1000000000.0,1,0,,,,0.0,,,0,,,,,,,0
FMR_mfi13<20_pb<=0.15_squeeze_both_h4_mid1_s0.1,mean_rev,-1000000000.0,1,0,,,,0.0,,,0,,,,,,,0
FMR_mfi14<20_pb<=0.0_none_pb_up_h3_mid1_s0.07,mean_rev,-1000000000.0,1,18,55.55555555555556,-2.2738730744862505,1.679909157122983,-55.82153433053693,21.49068348559977,-50.0,0,,,,,,,0
FMR_mfi14<20_pb<=0.0_none_pb_up_h2_mid0_s0.1,mean_rev,-1000000000.0,1,18,55.55555555555556,-1.9871248864602398,0.831293009948153,-53.12994535723241,21.49068348559977,-50.0,0,,,,,,,0
FMR_mfi14<20_pb<=0.0_none_pb_up_h2_mid0_s0.07,mean_rev,-1000000000.0,1,18,55.55555555555556,-1.9871248864602398,0.831293009948153,-53.12994535723241,21.49068348559977,-50.0,0,,,,,,,0
FMR_mfi14<20_pb<=0.0_none_pb_up_h2_mid1_s0.1,mean_rev,-1000000000.0,1,18,55.55555555555556,-1.9871248864602398,0.831293009948153,-53.12994535723241,21.49068348559977,-50.0,0,,,,,,,0
FMR_mfi14<20_pb<=0.0_none_pb_up_h2_mid1_s0.07,mean_rev,-1000000000.0,1,18,55.55555555555556,-1.9871248864602398,0.831293009948153,-53.12994535723241,21.49068348559977,-50.0,0,,,,,,,0
FMR_mfi13<20_pb<=0.15_bw40_pb_up_h3_mid0_s0.1,mean_rev,-1000000000.0,1,11,27.27272727272727,-0.9049575662245756,-0.8488934599414466,-12.699376110632233,17.7461156449759,-12.819447904934766,0,,,,,,,0
FMR_mfi13<20_pb<=0.15_bw40_pb_up_h3_mid0_s0.07,mean_rev,-1000000000.0,1,11,27.27272727272727,-0.9049575662245756,-0.8488934599414466,-12.699376110632233,17.7461156449759,-12.819447904934766,0,,,,,,,0
FMR_mfi13<20_pb<=0.15_bw40_pb_up_h2_mid1_s0.1,mean_rev,-1000000000.0,1,11,45.45454545454545,1.3808015819805457,-0.3591905932929129,13.509348846851887,17.7461156449759,-6.602770586696927,0,,,,,,,0
FMR_mfi14<20_pb<=0.15_bw40_pb_up_h4_mid0_s0.1,mean_rev,-1000000000.0,1,9,33.33333333333333,0.7613772575309102,-2.3265313841591695,2.39809737971588,17.7461156449759,-14.473674046774976,0,,,,,,,0
FMR_mfi14<20_pb<=0.15_bw40_pb_up_h4_mid0_s0.07,mean_rev,-1000000000.0,1,9,33.33333333333333,-0.4045023558886005,-3.315412186379929,-8.6023790333574,17.7461156449759,-14.473674046774976,0,,,,,,,0
FMR_mfi14<20_pb<=0.15_bw40_pb_up_h4_mid1_s0.1,mean_rev,-1000000000.0,1,9,33.33333333333333,0.667055545505477,-2.3265313841591695,1.5214024268269677,17.7461156449759,-14.473674046774976,0,,,,,,,0
FMR_mfi14<20_pb<=0.15_bw40_pb_up_h4_mid1_s0.07,mean_rev,-1000000000.0,1,9,33.33333333333333,-0.49882406791403383,-3.315412186379929,-9.384891941877305,17.7461156449759,-14.473674046774976,0,,,,,,,0
FMR_mfi14<20_pb<=0.15_squeeze_none_h2_mid0_s0.1,mean_rev,-1000000000.0,1,16,62.5,4.528587496663503,4.648683930226927,96.68060186626401,18.660959620750518,-6.639018627651582,0,,,,,,,0
FMR_mfi14<20_pb<=0.15_squeeze_none_h2_mid0_s0.07,mean_rev,-1000000000.0,1,16,62.5,4.528587496663503,4.648683930226927,96.68060186626401,18.660959620750518,-6.639018627651582,0,,,,,,,0
FMR_mfi14<20_pb<=0.15_squeeze_none_h2_mid1_s0.1,mean_rev,-1000000000.0,1,16,62.5,4.528587496663503,4.648683930226927,96.68060186626401,18.660959620750518,-6.639018627651582,0,,,,,,,0
FMR_mfi14<20_pb<=0.15_squeeze_none_h2_mid1_s0.07,mean_rev,-1000000000.0,1,16,62.5,4.528587496663503,4.648683930226927,96.68060186626401,18.660959620750518,-6.639018627651582,0,,,,,,,0
FMR_mfi14<20_pb<=0.15_squeeze_none_h4_mid0_s0.1,mean_rev,-1000000000.0,1,16,68.75,9.587769757258021,4.695372699456824,277.22792683675135,48.28432354004492,-6.639018627651582,0,,,,,,,0
FMR_mfi14<20_pb<=0.15_squeeze_none_h4_mid0_s0.07,mean_rev,-1000000000.0,1,16,68.75,9.587769757258021,4.695372699456824,277.22792683675135,48.28432354004492,-6.639018627651582,0,,,,,,,0
FMR_mfi14<20_pb<=0.15_squeeze_none_h4_mid1_s0.1,mean_rev,-1000000000.0,1,16,68.75,5.547745683149357,6.049996713395522,126.24414026103992,20.357420357420363,-6.639018627651582,0,,,,,,,0
FMR_mfi14<20_pb<=0.0_squeeze_both_h4_mid1_s0.1,mean_rev,-1000000000.0,1,0,,,,0.0,,,0,,,,,,,0
FMR_mfi14<20_pb<=0.15_squeeze_none_h3_mid0_s0.1,mean_rev,-1000000000.0,1,16,56.25,3.315619320726695,3.0996197844921025,61.48845336931252,20.357420357420363,-6.639018627651582,0,,,,,,,0
FMR_mfi14<20_pb<=0.15_squeeze_none_h3_mid0_s0.07,mean_rev,-1000000000.0,1,16,56.25,3.315619320726695,3.0996197844921025,61.48845336931252,20.357420357420363,-6.639018627651582,0,,,,,,,0
FMR_mfi14<20_pb<=0.15_squeeze_none_h3_mid1_s0.1,mean_rev,-1000000000.0,1,16,68.75,4.5982828629518,3.9331175612933866,95.96866820274519,20.357420357420363,-6.639018627651582,0,,,,,,,0
FMR_mfi14<20_pb<=0.15_squeeze_none_h3_mid1_s0.07,mean_rev,-1000000000.0,1,16,68.75,4.5982828629518,3.9331175612933866,95.96866820274519,20.357420357420363,-6.639018627651582,0,,,,,,,0
FMR_mfi14<20_pb<=0.15_squeeze_pb_up_h3_mid0_s0.1,mean_rev,-1000000000.0,1,0,,,,0.0,,,0,,,,,,,0
FMR_mfi14<20_pb<=0.15_squeeze_pb_up_h3_mid0_s0.07,mean_rev,-1000000000.0,1,0,,,,0.0,,,0,,,,,,,0
FMR_mfi14<20_pb<=0.15_squeeze_pb_up_h3_mid1_s0.1,mean_rev,-1000000000.0,1,0,,,,0.0,,,0,,,,,,,0
FMR_mfi14<20_pb<=0.15_squeeze_pb_up_h3_mid1_s0.07,mean_rev,-1000000000.0,1,0,,,,0.0,,,0,,,,,,,0
FMR_mfi14<20_pb<=0.15_squeeze_pb_up_h2_mid0_s0.1,mean_rev,-1000000000.0,1,0,,,,0.0,,,0,,,,,,,0
FMR_mfi14<20_pb<=0.15_squeeze_pb_up_h2_mid0_s0.07,mean_rev,-1000000000.0,1,0,,,,0.0,,,0,,,,,,,0
FMR_mfi14<20_pb<=0.15_squeeze_pb_up_h2_mid1_s0.1,mean_rev,-1000000000.0,1,0,,,,0.0,,,0,,,,,,,0
FMR_mfi14<20_pb<=0.15_squeeze_none_h4_mid1_s0.07,mean_rev,-1000000000.0,1,16,68.75,5.547745683149357,6.049996713395522,126.24414026103992,20.357420357420363,-6.639018627651582,0,,,,,,,0
FMR_mfi14<20_pb<=0.15_squeeze_pb_up_h4_mid0_s0.1,mean_rev,-1000000000.0,1,0,,,,0.0,,,0,,,,,,,0
FMR_mfi14<20_pb<=0.15_squeeze_pb_up_h4_mid0_s0.07,mean_rev,-1000000000.0,1,0,,,,0.0,,,0,,,,,,,0
FMR_mfi14<20_pb<=0.15_squeeze_pb_up_h4_mid1_s0.1,mean_rev,-1000000000.0,1,0,,,,0.0,,,0,,,,,,,0
FMR_mfi14<20_pb<=0.15_squeeze_pb_up_h4_mid1_s0.07,mean_rev,-1000000000.0,1,0,,,,0.0,,,0,,,,,,,0
FMR_mfi14<20_pb<=0.15_squeeze_both_h4_mid0_s0.1,mean_rev,-1000000000.0,1,0,,,,0.0,,,0,,,,,,,0
FMR_mfi14<20_pb<=0.15_squeeze_both_h4_mid0_s0.07,mean_rev,-1000000000.0,1,0,,,,0.0,,,0,,,,,,,0
FMR_mfi14<20_pb<=0.15_squeeze_both_h4_mid1_s0.1,mean_rev,-1000000000.0,1,0,,,,0.0,,,0,,,,,,,0
FMR_mfi14<20_pb<=0.15_squeeze_both_h4_mid1_s0.07,mean_rev,-1000000000.0,1,0,,,,0.0,,,0,,,,,,,0
FMR_mfi14<20_pb<=0.15_squeeze_both_h3_mid0_s0.1,mean_rev,-1000000000.0,1,0,,,,0.0,,,0,,,,,,,0
FMR_mfi14<20_pb<=0.15_squeeze_both_h3_mid0_s0.07,mean_rev,-1000000000.0,1,0,,,,0.0,,,0,,,,,,,0
FMR_mfi14<20_pb<=0.15_squeeze_both_h3_mid1_s0.1,mean_rev,-1000000000.0,1,0,,,,0.0,,,0,,,,,,,0
FMR_mfi14<20_pb<=0.15_bw40_both_h2_mid1_s0.07,mean_rev,-1000000000.0,1,8,37.5,0.7635364517158225,-2.730614864192699,3.325596499981587,17.7461156449759,-8.587566154723769,0,,,,,,,0
FMR_mfi14<20_pb<=0.15_bw40_pb_up_h3_mid0_s0.1,mean_rev,-1000000000.0,1,9,22.22222222222222,-2.7214121203870496,-6.362007168458783,-24.6557429087334,17.7461156449759,-12.819447904934766,0,,,,,,,0
FMR_mfi14<20_pb<=0.15_bw40_pb_up_h3_mid0_s0.07,mean_rev,-1000000000.0,1,9,22.22222222222222,-2.7214121203870496,-6.362007168458783,-24.6557429087334,17.7461156449759,-12.819447904934766,0,,,,,,,0
FMR_mfi14<20_pb<=0.15_bw40_pb_up_h3_mid1_s0.1,mean_rev,-1000000000.0,1,9,22.22222222222222,-2.8157338324124828,-6.362007168458783,-25.300812803695727,17.7461156449759,-12.819447904934766,0,,,,,,,0
FMR_mfi14<20_pb<=0.15_bw40_pb_up_h3_mid1_s0.07,mean_rev,-1000000000.0,1,9,22.22222222222222,-2.8157338324124828,-6.362007168458783,-25.300812803695727,17.7461156449759,-12.819447904934766,0,,,,,,,0
FMR_mfi14<20_pb<=0.15_bw40_pb_up_h2_mid0_s0.1,mean_rev,-1000000000.0,1,9,33.33333333333333,0.6387890022704074,-1.6977888681703468,2.9544606768898696,17.7461156449759,-8.587566154723769,0,,,,,,,0
FMR_mfi14<20_pb<=0.15_bw40_pb_up_h2_mid0_s0.07,mean_rev,-1000000000.0,1,9,33.33333333333333,0.6387890022704074,-1.6977888681703468,2.9544606768898696,17.7461156449759,-8.587566154723769,0,,,,,,,0
FMR_mfi14<20_pb<=0.15_bw40_pb_up_h2_mid1_s0.1,mean_rev,-1000000000.0,1,9,33.33333333333333,0.6387890022704074,-1.6977888681703468,2.9544606768898696,17.7461156449759,-8.587566154723769,0,,,,,,,0
FMR_mfi14<20_pb<=0.15_bw40_pb_up_h2_mid1_s0.07,mean_rev,-1000000000.0,1,9,33.33333333333333,0.6387890022704074,-1.6977888681703468,2.9544606768898696,17.7461156449759,-8.587566154723769,0,,,,,,,0
FMR_mfi14<20_pb<=0.15_bw40_both_h2_mid0_s0.1,mean_rev,-1000000000.0,1,8,37.5,0.7635364517158225,-2.730614864192699,3.325596499981587,17.7461156449759,-8.587566154723769,0,,,,,,,0
FMR_mfi14<20_pb<=0.15_bw40_both_h2_mid0_s0.07,mean_rev,-1000000000.0,1,8,37.5,0.7635364517158225,-2.730614864192699,3.325596499981587,17.7461156449759,-8.587566154723769,0,,,,,,,0
FMR_mfi14<20_pb<=0.15_bw40_both_h2_mid1_s0.1,mean_rev,-1000000000.0,1,8,37.5,0.7635364517158225,-2.730614864192699,3.325596499981587,17.7461156449759,-8.587566154723769,0,,,,,,,0
FMR_mfi14<20_pb<=0.15_squeeze_both_h3_mid1_s0.07,mean_rev,-1000000000.0,1,0,,,,0.0,,,0,,,,,,,0
FMR_mfi13<20_pb<=0.15_squeeze_pb_up_h2_mid1_s0.1,mean_rev,-1000000000.0,1,0,,,,0.0,,,0,,,,,,,0
FMR_mfi13<20_pb<=0.15_squeeze_pb_up_h2_mid1_s0.07,mean_rev,-1000000000.0,1,0,,,,0.0,,,0,,,,,,,0
FMR_mfi13<20_pb<=0.15_squeeze_none_h4_mid0_s0.1,mean_rev,-1000000000.0,1,18,55.55555555555556,5.75085596568147,1.0702746105585748,131.64893375432146,48.28432354004492,-12.784810126582279,0,,,,,,,0
FMR_mfi13<20_pb<=0.15_squeeze_none_h4_mid0_s0.07,mean_rev,-1000000000.0,1,18,55.55555555555556,5.3886900022496835,1.0702746105585748,114.33410053465889,48.28432354004492,-19.303797468354432,0,,,,,,,0
FMR_mfi13<20_pb<=0.15_squeeze_none_h4_mid1_s0.1,mean_rev,-1000000000.0,1,18,55.55555555555556,1.0846837756067687,0.7763156332077359,16.706305512246566,13.392857142857139,-12.784810126582279,0,,,,,,,0
FMR_mfi13<20_pb<=0.15_squeeze_none_h4_mid1_s0.07,mean_rev,-1000000000.0,1,18,55.55555555555556,0.7225178121749826,0.7763156332077359,7.982974984117797,13.392857142857139,-19.303797468354432,0,,,,,,,0
FMR_mfi13<20_pb<=0.15_squeeze_none_h3_mid0_s0.1,mean_rev,-1000000000.0,1,18,38.88888888888889,-0.8428614201230484,-1.3186412965907113,-18.330982510368944,12.928929614461149,-19.303797468354432,0,,,,,,,0
FMR_mfi13<20_pb<=0.15_squeeze_pb_up_h4_mid0_s0.07,mean_rev,-1000000000.0,1,0,,,,0.0,,,0,,,,,,,0
FMR_mfi13<20_pb<=0.15_squeeze_pb_up_h4_mid1_s0.1,mean_rev,-1000000000.0,1,0,,,,0.0,,,0,,,,,,,0
FMR_mfi13<20_pb<=0.15_squeeze_pb_up_h4_mid1_s0.07,mean_rev,-1000000000.0,1,0,,,,0.0,,,0,,,,,,,0
FMR_mfi13<20_pb<=0.15_squeeze_pb_up_h3_mid0_s0.1,mean_rev,-1000000000.0,1,0,,,,0.0,,,0,,,,,,,0
FMR_mfi14<20_pb<=0.15_squeeze_pb_up_h2_mid1_s0.07,mean_rev,-1000000000.0,1,0,,,,0.0,,,0,,,,,,,0
FMR_mfi13<20_pb<=0.15_squeeze_pb_up_h3_mid1_s0.1,mean_rev,-1000000000.0,1,0,,,,0.0,,,0,,,,,,,0
FMR_mfi13<20_pb<=0.15_squeeze_pb_up_h3_mid1_s0.07,mean_rev,-1000000000.0,1,0,,,,0.0,,,0,,,,,,,0
FMR_mfi13<20_pb<=0.15_squeeze_pb_up_h2_mid0_s0.1,mean_rev,-1000000000.0,1,0,,,,0.0,,,0,,,,,,,0
FMR_mfi13<20_pb<=0.0_bw40_both_h4_mid0_s0.1,mean_rev,-1000000000.0,1,0,,,,0.0,,,0,,,,,,,0
FMR_mfi13<20_pb<=0.0_bw40_both_h4_mid0_s0.07,mean_rev,-1000000000.0,1,0,,,,0.0,,,0,,,,,,,0
FMR_mfi13<20_pb<=0.0_bw40_both_h4_mid1_s0.1,mean_rev,-1000000000.0,1,0,,,,0.0,,,0,,,,,,,0
FMR_mfi13<20_pb<=0.0_bw40_both_h4_mid1_s0.07,mean_rev,-1000000000.0,1,0,,,,0.0,,,0,,,,,,,0
FMR_mfi13<20_pb<=0.15_squeeze_pb_up_h4_mid0_s0.1,mean_rev,-1000000000.0,1,0,,,,0.0,,,0,,,,,,,0
FMR_mfi14<20_pb<=0.0_bw40_none_h2_mid1_s0.07,mean_rev,-1000000000.0,1,32,56.25,1.70977211583793,1.7173544929629414,61.31833289765232,13.306719893546237,-8.891878589837788,0,,,,,,,0
FMR_mfi14<20_pb<=0.0_squeeze_both_h4_mid0_s0.1,mean_rev,-1000000000.0,1,0,,,,0.0,,,0,,,,,,,0
FMR_mfi14<20_pb<=0.0_squeeze_both_h4_mid0_s0.07,mean_rev,-1000000000.0,1,0,,,,0.0,,,0,,,,,,,0
FMR_mfi13<20_pb<=0.15_squeeze_pb_up_h3_mid0_s0.07,mean_rev,-1000000000.0,1,0,,,,0.0,,,0,,,,,,,0
FMR_mfi14<20_pb<=0.0_bw40_pb_up_h4_mid0_s0.1,mean_rev,-1000000000.0,1,0,,,,0.0,,,0,,,,,,,0
FMR_mfi14<20_pb<=0.0_bw40_pb_up_h4_mid0_s0.07,mean_rev,-1000000000.0,1,0,,,,0.0,,,0,,,,,,,0
FMR_mfi14<20_pb<=0.0_bw40_pb_up_h4_mid1_s0.1,mean_rev,-1000000000.0,1,0,,,,0.0,,,0,,,,,,,0
FMR_mfi14<20_pb<=0.0_bw40_pb_up_h4_mid1_s0.07,mean_rev,-1000000000.0,1,0,,,,0.0,,,0,,,,,,,0
FMR_mfi14<20_pb<=0.0_bw40_both_h3_mid0_s0.1,mean_rev,-1000000000.0,1,0,,,,0.0,,,0,,,,,,,0
FMR_mfi14<20_pb<=0.0_bw40_both_h3_mid0_s0.07,mean_rev,-1000000000.0,1,0,,,,0.0,,,0,,,,,,,0
FMR_mfi14<20_pb<=0.0_bw40_both_h3_mid1_s0.1,mean_rev,-1000000000.0,1,0,,,,0.0,,,0,,,,,,,0
FMR_mfi14<20_pb<=0.0_bw40_both_h3_mid1_s0.07,mean_rev,-1000000000.0,1,0,,,,0.0,,,0,,,,,,,0
FMR_mfi14<20_pb<=0.0_bw40_both_h2_mid0_s0.1,mean_rev,-1000000000.0,1,0,,,,0.0,,,0,,,,,,,0
FMR_mfi14<20_pb<=0.0_bw40_both_h2_mid0_s0.07,mean_rev,-1000000000.0,1,0,,,,0.0,,,0,,,,,,,0
FMR_mfi14<20_pb<=0.0_bw40_both_h2_mid1_s0.1,mean_rev,-1000000000.0,1,0,,,,0.0,,,0,,,,,,,0
FMR_mfi13<20_pb<=0.15_squeeze_pb_up_h2_mid0_s0.07,mean_rev,-1000000000.0,1,0,,,,0.0,,,0,,,,,,,0
FMR_mfi14<20_pb<=0.0_bw40_both_h4_mid0_s0.1,mean_rev,-1000000000.0,1,0,,,,0.0,,,0,,,,,,,0
FMR_mfi14<20_pb<=0.0_bw40_both_h4_mid0_s0.07,mean_rev,-1000000000.0,1,0,,,,0.0,,,0,,,,,,,0
FMR_mfi14<20_pb<=0.0_bw40_both_h4_mid1_s0.1,mean_rev,-1000000000.0,1,0,,,,0.0,,,0,,,,,,,0
FMR_mfi14<20_pb<=0.0_bw40_both_h4_mid1_s0.07,mean_rev,-1000000000.0,1,0,,,,0.0,,,0,,,,,,,0
FMR_mfi13<20_pb<=0.15_squeeze_none_h3_mid0_s0.07,mean_rev,-1000000000.0,1,18,38.88888888888889,-0.8428614201230484,-1.3186412965907113,-18.330982510368944,12.928929614461149,-19.303797468354432,0,,,,,,,0
FMR_mfi13<20_pb<=0.15_squeeze_none_h3_mid1_s0.1,mean_rev,-1000000000.0,1,18,50.0,-0.5346524768918738,0.2590757219765316,-13.65745178518658,11.029420278390445,-19.303797468354432,0,,,,,,,0
FMR_mfi13<20_pb<=0.15_squeeze_none_h3_mid1_s0.07,mean_rev,-1000000000.0,1,18,50.0,-0.5346524768918738,0.2590757219765316,-13.65745178518658,11.029420278390445,-19.303797468354432,0,,,,,,,0
FMR_mfi13<20_pb<=0.15_squeeze_none_h2_mid0_s0.1,mean_rev,-1000000000.0,1,18,44.44444444444444,0.18212489415774308,-0.29880205603382004,-0.7524389123639508,11.029420278390445,-15.653775322283614,0,,,,,,,0
FMR_mfi13<20_pb<=0.15_squeeze_none_h2_mid0_s0.07,mean_rev,-1000000000.0,1,18,44.44444444444444,0.18212489415774308,-0.29880205603382004,-0.7524389123639508,11.029420278390445,-15.653775322283614,0,,,,,,,0
FMR_mfi13<20_pb<=0.15_squeeze_none_h2_mid1_s0.1,mean_rev,-1000000000.0,1,18,44.44444444444444,0.18212489415774308,-0.29880205603382004,-0.7524389123639508,11.029420278390445,-15.653775322283614,0,,,,,,,0
FMR_mfi13<20_pb<=0.15_squeeze_none_h2_mid1_s0.07,mean_rev,-1000000000.0,1,18,44.44444444444444,0.18212489415774308,-0.29880205603382004,-0.7524389123639508,11.029420278390445,-15.653775322283614,0,,,,,,,0
FMR_mfi14<20_pb<=0.0_bw40_both_h2_mid1_s0.07,mean_rev,-1000000000.0,1,0,,,,0.0,,,0,,,,,,,0
